ticker,date,open,high,low,close
JPYNOK,1984-01-02,0.033175,0.033175,0.033175,0.033175
JPYNOK,1984-01-09,0.033434,0.033434,0.033434,0.033434
JPYNOK,1984-01-16,0.033936,0.033936,0.033936,0.033936
JPYNOK,1984-01-23,0.033444,0.033444,0.033444,0.033444
JPYNOK,1984-01-30,0.033668,0.033668,0.033668,0.033668
JPYNOK,1984-02-06,0.033503,0.033503,0.033503,0.033503
JPYNOK,1984-02-13,0.03346,0.03346,0.03346,0.03346
JPYNOK,1984-02-20,0.03313,0.03313,0.03313,0.03313
JPYNOK,1984-03-01,0.032805,0.032805,0.032805,0.032805
JPYNOK,1984-03-05,0.032225,0.032225,0.032225,0.032225
JPYNOK,1984-03-12,0.033222,0.033222,0.033222,0.033222
JPYNOK,1984-03-19,0.033071,0.033071,0.033071,0.033071
JPYNOK,1984-03-26,0.033515,0.033515,0.033515,0.033515
JPYNOK,1984-04-02,0.0334,0.0334,0.0334,0.0334
JPYNOK,1984-04-09,0.033529,0.033529,0.033529,0.033529
JPYNOK,1984-04-16,0.033603,0.033603,0.033603,0.033603
JPYNOK,1984-04-24,0.033762,0.033762,0.033762,0.033762
JPYNOK,1984-05-02,0.033982,0.033982,0.033982,0.033982
JPYNOK,1984-05-07,0.034223,0.034223,0.034223,0.034223
JPYNOK,1984-05-14,0.034226,0.034226,0.034226,0.034226
JPYNOK,1984-05-21,0.034007,0.034007,0.034007,0.034007
JPYNOK,1984-05-28,0.033495,0.033495,0.033495,0.033495
JPYNOK,1984-06-04,0.03365,0.03365,0.03365,0.03365
JPYNOK,1984-06-11,0.033512,0.033512,0.033512,0.033512
JPYNOK,1984-06-18,0.033478,0.033478,0.033478,0.033478
JPYNOK,1984-06-25,0.033551,0.033551,0.033551,0.033551
JPYNOK,1984-07-02,0.033626,0.033626,0.033626,0.033626
JPYNOK,1984-07-09,0.03364,0.03364,0.03364,0.03364
JPYNOK,1984-07-16,0.033781,0.033781,0.033781,0.033781
JPYNOK,1984-07-23,0.033964,0.033964,0.033964,0.033964
JPYNOK,1984-07-30,0.033642,0.033642,0.033642,0.033642
JPYNOK,1984-08-06,0.033963,0.033963,0.033963,0.033963
JPYNOK,1984-08-13,0.034219,0.034219,0.034219,0.034219
JPYNOK,1984-08-20,0.034194,0.034194,0.034194,0.034194
JPYNOK,1984-08-27,0.034296,0.034296,0.034296,0.034296
JPYNOK,1984-09-01,0.034321,0.034321,0.034321,0.034321
JPYNOK,1984-09-10,0.034395,0.034395,0.034395,0.034395
JPYNOK,1984-09-17,0.034765,0.034765,0.034765,0.034765
JPYNOK,1984-09-24,0.035183,0.035183,0.035183,0.035183
JPYNOK,1984-10-01,0.035881,0.035881,0.035881,0.035881
JPYNOK,1984-10-08,0.03579,0.03579,0.03579,0.03579
JPYNOK,1984-10-15,0.035792,0.035792,0.035792,0.035792
JPYNOK,1984-10-22,0.036158,0.036158,0.036158,0.036158
JPYNOK,1984-10-29,0.036229,0.036229,0.036229,0.036229
JPYNOK,1984-11-05,0.035992,0.035992,0.035992,0.035992
JPYNOK,1984-11-12,0.035367,0.035367,0.035367,0.035367
JPYNOK,1984-11-19,0.035671,0.035671,0.035671,0.035671
JPYNOK,1984-11-26,0.035679,0.035679,0.035679,0.035679
JPYNOK,1984-12-01,0.035986,0.035986,0.035986,0.035986
JPYNOK,1984-12-10,0.036115,0.036115,0.036115,0.036115
JPYNOK,1984-12-17,0.036102,0.036102,0.036102,0.036102
JPYNOK,1984-12-24,0.03619,0.03619,0.03619,0.03619
JPYNOK,1985-01-01,0.036334,0.036334,0.036334,0.036334
JPYNOK,1985-01-07,0.036259,0.036259,0.036259,0.036259
JPYNOK,1985-01-14,0.035803,0.035803,0.035803,0.035803
JPYNOK,1985-01-21,0.036179,0.036179,0.036179,0.036179
JPYNOK,1985-01-28,0.036224,0.036224,0.036224,0.036224
JPYNOK,1985-02-04,0.036078,0.036078,0.036078,0.036078
JPYNOK,1985-02-11,0.03569,0.03569,0.03569,0.03569
JPYNOK,1985-02-18,0.035841,0.035841,0.035841,0.035841
JPYNOK,1985-02-25,0.036291,0.036291,0.036291,0.036291
JPYNOK,1985-03-04,0.036883,0.036883,0.036883,0.036883
JPYNOK,1985-03-11,0.037479,0.037479,0.037479,0.037479
JPYNOK,1985-03-18,0.03675,0.03675,0.03675,0.03675
JPYNOK,1985-03-25,0.036512,0.036512,0.036512,0.036512
JPYNOK,1985-03-29,0.035884,0.035884,0.035884,0.035884
JPYNOK,1985-04-01,0.035753,0.035753,0.035753,0.035753
JPYNOK,1985-04-09,0.035441,0.035441,0.035441,0.035441
JPYNOK,1985-04-15,0.035486,0.035486,0.035486,0.035486
JPYNOK,1985-04-22,0.034958,0.034958,0.034958,0.034958
JPYNOK,1985-04-29,0.035394,0.035394,0.035394,0.035394
JPYNOK,1985-05-06,0.035414,0.035414,0.035414,0.035414
JPYNOK,1985-05-13,0.036245,0.036245,0.036245,0.036245
JPYNOK,1985-05-20,0.03539,0.03539,0.03539,0.03539
JPYNOK,1985-05-27,0.035148,0.035148,0.035148,0.035148
JPYNOK,1985-06-01,0.035369,0.035369,0.035369,0.035369
JPYNOK,1985-06-10,0.034972,0.034972,0.034972,0.034972
JPYNOK,1985-06-17,0.035556,0.035556,0.035556,0.035556
JPYNOK,1985-06-24,0.035403,0.035403,0.035403,0.035403
JPYNOK,1985-07-01,0.03542,0.03542,0.03542,0.03542
JPYNOK,1985-07-08,0.03537,0.03537,0.03537,0.03537
JPYNOK,1985-07-15,0.034953,0.034953,0.034953,0.034953
JPYNOK,1985-07-23,0.035168,0.035168,0.035168,0.035168
JPYNOK,1985-07-29,0.034785,0.034785,0.034785,0.034785
JPYNOK,1985-08-05,0.034692,0.034692,0.034692,0.034692
JPYNOK,1985-08-12,0.035157,0.035157,0.035157,0.035157
JPYNOK,1985-08-19,0.034649,0.034649,0.034649,0.034649
JPYNOK,1985-08-26,0.03447,0.03447,0.03447,0.03447
JPYNOK,1985-09-02,0.034728,0.034728,0.034728,0.034728
JPYNOK,1985-09-09,0.034911,0.034911,0.034911,0.034911
JPYNOK,1985-09-16,0.035244,0.035244,0.035244,0.035244
JPYNOK,1985-09-23,0.034862,0.034862,0.034862,0.034862
JPYNOK,1985-09-30,0.034979,0.034979,0.034979,0.034979
JPYNOK,1985-10-07,0.036697,0.036697,0.036697,0.036697
JPYNOK,1985-10-14,0.036506,0.036506,0.036506,0.036506
JPYNOK,1985-10-21,0.036667,0.036667,0.036667,0.036667
JPYNOK,1985-10-28,0.036665,0.036665,0.036665,0.036665
JPYNOK,1985-11-04,0.037137,0.037137,0.037137,0.037137
JPYNOK,1985-11-11,0.037739,0.037739,0.037739,0.037739
JPYNOK,1985-11-18,0.038405,0.038405,0.038405,0.038405
JPYNOK,1985-11-25,0.038664,0.038664,0.038664,0.038664
JPYNOK,1985-12-02,0.038253,0.038253,0.038253,0.038253
JPYNOK,1985-12-09,0.037118,0.037118,0.037118,0.037118
JPYNOK,1985-12-16,0.037835,0.037835,0.037835,0.037835
JPYNOK,1985-12-23,0.037821,0.037821,0.037821,0.037821
JPYNOK,1986-01-01,0.037855,0.037855,0.037855,0.037855
JPYNOK,1986-01-06,0.037711,0.037711,0.037711,0.037711
JPYNOK,1986-01-13,0.037406,0.037406,0.037406,0.037406
JPYNOK,1986-01-20,0.037476,0.037476,0.037476,0.037476
JPYNOK,1986-01-27,0.03741,0.03741,0.03741,0.03741
JPYNOK,1986-02-01,0.038246,0.038246,0.038246,0.038246
JPYNOK,1986-02-10,0.039075,0.039075,0.039075,0.039075
JPYNOK,1986-02-17,0.039337,0.039337,0.039337,0.039337
JPYNOK,1986-02-24,0.04023,0.04023,0.04023,0.04023
JPYNOK,1986-03-01,0.039011,0.039011,0.039011,0.039011
JPYNOK,1986-03-03,0.039011,0.039011,0.039011,0.039011
JPYNOK,1986-03-10,0.038955,0.038955,0.038955,0.038955
JPYNOK,1986-03-17,0.039927,0.039927,0.039927,0.039927
JPYNOK,1986-03-18,0.039927,0.039927,0.039927,0.039927
JPYNOK,1986-03-24,0.040474,0.040474,0.040474,0.040474
JPYNOK,1986-04-01,0.040277,0.040277,0.040277,0.040277
JPYNOK,1986-04-07,0.040737,0.040737,0.040737,0.040737
JPYNOK,1986-04-09,0.040737,0.040737,0.040737,0.040737
JPYNOK,1986-04-14,0.040734,0.040734,0.040734,0.040734
JPYNOK,1986-04-21,0.040533,0.040533,0.040533,0.040533
JPYNOK,1986-04-28,0.041107,0.041107,0.041107,0.041107
JPYNOK,1986-05-05,0.04134,0.04134,0.04134,0.04134
JPYNOK,1986-05-12,0.041826,0.041826,0.041826,0.041826
JPYNOK,1986-05-19,0.04609,0.04609,0.04609,0.04609
JPYNOK,1986-05-26,0.045247,0.045247,0.045247,0.045247
JPYNOK,1986-06-02,0.045504,0.045504,0.045504,0.045504
JPYNOK,1986-06-09,0.044935,0.044935,0.044935,0.044935
JPYNOK,1986-06-16,0.045369,0.045369,0.045369,0.045369
JPYNOK,1986-06-23,0.045495,0.045495,0.045495,0.045495
JPYNOK,1986-06-30,0.045499,0.045499,0.045499,0.045499
JPYNOK,1986-07-07,0.04574,0.04574,0.04574,0.04574
JPYNOK,1986-07-14,0.046336,0.046336,0.046336,0.046336
JPYNOK,1986-07-21,0.047259,0.047259,0.047259,0.047259
JPYNOK,1986-07-28,0.047688,0.047688,0.047688,0.047688
JPYNOK,1986-08-04,0.047768,0.047768,0.047768,0.047768
JPYNOK,1986-08-11,0.047908,0.047908,0.047908,0.047908
JPYNOK,1986-08-18,0.047746,0.047746,0.047746,0.047746
JPYNOK,1986-08-25,0.047752,0.047752,0.047752,0.047752
JPYNOK,1986-09-01,0.047519,0.047519,0.047519,0.047519
JPYNOK,1986-09-08,0.047205,0.047205,0.047205,0.047205
JPYNOK,1986-09-15,0.047203,0.047203,0.047203,0.047203
JPYNOK,1986-09-22,0.047029,0.047029,0.047029,0.047029
JPYNOK,1986-09-29,0.047789,0.047789,0.047789,0.047789
JPYNOK,1986-10-06,0.047881,0.047881,0.047881,0.047881
JPYNOK,1986-10-13,0.047615,0.047615,0.047615,0.047615
JPYNOK,1986-10-20,0.047241,0.047241,0.047241,0.047241
JPYNOK,1986-10-27,0.047227,0.047227,0.047227,0.047227
JPYNOK,1986-11-01,0.046566,0.046566,0.046566,0.046566
JPYNOK,1986-11-10,0.04579,0.04579,0.04579,0.04579
JPYNOK,1986-11-17,0.046125,0.046125,0.046125,0.046125
JPYNOK,1986-11-24,0.046189,0.046189,0.046189,0.046189
JPYNOK,1986-12-01,0.046449,0.046449,0.046449,0.046449
JPYNOK,1986-12-08,0.04621,0.04621,0.04621,0.04621
JPYNOK,1986-12-15,0.046467,0.046467,0.046467,0.046467
JPYNOK,1986-12-22,0.046404,0.046404,0.046404,0.046404
JPYNOK,1986-12-31,0.04674,0.04674,0.04674,0.04674
JPYNOK,1987-01-12,0.046356,0.046356,0.046356,0.046356
JPYNOK,1987-01-19,0.046533,0.046533,0.046533,0.046533
JPYNOK,1987-01-26,0.046626,0.046626,0.046626,0.046626
JPYNOK,1987-02-01,0.046352,0.046352,0.046352,0.046352
JPYNOK,1987-02-09,0.045587,0.045587,0.045587,0.045587
JPYNOK,1987-02-16,0.045809,0.045809,0.045809,0.045809
JPYNOK,1987-02-23,0.045523,0.045523,0.045523,0.045523
JPYNOK,1987-03-02,0.045789,0.045789,0.045789,0.045789
JPYNOK,1987-03-09,0.045456,0.045456,0.045456,0.045456
JPYNOK,1987-03-16,0.045478,0.045478,0.045478,0.045478
JPYNOK,1987-03-23,0.045886,0.045886,0.045886,0.045886
JPYNOK,1987-03-30,0.046066,0.046066,0.046066,0.046066
JPYNOK,1987-04-06,0.046739,0.046739,0.046739,0.046739
JPYNOK,1987-04-13,0.046938,0.046938,0.046938,0.046938
JPYNOK,1987-04-21,0.047838,0.047838,0.047838,0.047838
JPYNOK,1987-04-27,0.047468,0.047468,0.047468,0.047468
JPYNOK,1987-05-04,0.047747,0.047747,0.047747,0.047747
JPYNOK,1987-05-11,0.047736,0.047736,0.047736,0.047736
JPYNOK,1987-05-18,0.047706,0.047706,0.047706,0.047706
JPYNOK,1987-05-25,0.047253,0.047253,0.047253,0.047253
JPYNOK,1987-06-01,0.046753,0.046753,0.046753,0.046753
JPYNOK,1987-06-08,0.046731,0.046731,0.046731,0.046731
JPYNOK,1987-06-15,0.046923,0.046923,0.046923,0.046923
JPYNOK,1987-06-22,0.046735,0.046735,0.046735,0.046735
JPYNOK,1987-06-29,0.046089,0.046089,0.046089,0.046089
JPYNOK,1987-07-06,0.045688,0.045688,0.045688,0.045688
JPYNOK,1987-07-13,0.044948,0.044948,0.044948,0.044948
JPYNOK,1987-07-20,0.044757,0.044757,0.044757,0.044757
JPYNOK,1987-07-27,0.04444,0.04444,0.04444,0.04444
JPYNOK,1987-08-03,0.045293,0.045293,0.045293,0.045293
JPYNOK,1987-08-10,0.045178,0.045178,0.045178,0.045178
JPYNOK,1987-08-17,0.045618,0.045618,0.045618,0.045618
JPYNOK,1987-08-24,0.045801,0.045801,0.045801,0.045801
JPYNOK,1987-08-31,0.046969,0.046969,0.046969,0.046969
JPYNOK,1987-09-07,0.04692,0.04692,0.04692,0.04692
JPYNOK,1987-09-14,0.046386,0.046386,0.046386,0.046386
JPYNOK,1987-09-21,0.046125,0.046125,0.046125,0.046125
JPYNOK,1987-09-28,0.046147,0.046147,0.046147,0.046147
JPYNOK,1987-10-05,0.046012,0.046012,0.046012,0.046012
JPYNOK,1987-10-12,0.045805,0.045805,0.045805,0.045805
JPYNOK,1987-10-19,0.046235,0.046235,0.046235,0.046235
JPYNOK,1987-10-26,0.046114,0.046114,0.046114,0.046114
JPYNOK,1987-11-02,0.046262,0.046262,0.046262,0.046262
JPYNOK,1987-11-09,0.04753,0.04753,0.04753,0.04753
JPYNOK,1987-11-16,0.047454,0.047454,0.047454,0.047454
JPYNOK,1987-11-23,0.047465,0.047465,0.047465,0.047465
JPYNOK,1987-11-30,0.047749,0.047749,0.047749,0.047749
JPYNOK,1987-12-07,0.04833,0.04833,0.04833,0.04833
JPYNOK,1987-12-14,0.048757,0.048757,0.048757,0.048757
JPYNOK,1987-12-21,0.049648,0.049648,0.049648,0.049648
JPYNOK,1987-12-28,0.05024,0.05024,0.05024,0.05024
JPYNOK,1988-01-04,0.050849,0.050849,0.050849,0.050849
JPYNOK,1988-01-11,0.050102,0.050102,0.050102,0.050102
JPYNOK,1988-01-18,0.049543,0.049543,0.049543,0.049543
JPYNOK,1988-01-25,0.049518,0.049518,0.049518,0.049518
JPYNOK,1988-02-01,0.050104,0.050104,0.050104,0.050104
JPYNOK,1988-02-08,0.049697,0.049697,0.049697,0.049697
JPYNOK,1988-02-15,0.049732,0.049732,0.049732,0.049732
JPYNOK,1988-02-22,0.049576,0.049576,0.049576,0.049576
JPYNOK,1988-02-29,0.049513,0.049513,0.049513,0.049513
JPYNOK,1988-03-07,0.049373,0.049373,0.049373,0.049373
JPYNOK,1988-03-14,0.049339,0.049339,0.049339,0.049339
JPYNOK,1988-03-21,0.049841,0.049841,0.049841,0.049841
JPYNOK,1988-03-28,0.049987,0.049987,0.049987,0.049987
JPYNOK,1988-04-05,0.050264,0.050264,0.050264,0.050264
JPYNOK,1988-04-11,0.050076,0.050076,0.050076,0.050076
JPYNOK,1988-04-18,0.04971,0.04971,0.04971,0.04971
JPYNOK,1988-04-25,0.04949,0.04949,0.04949,0.04949
JPYNOK,1988-05-02,0.049637,0.049637,0.049637,0.049637
JPYNOK,1988-05-09,0.049412,0.049412,0.049412,0.049412
JPYNOK,1988-05-16,0.049437,0.049437,0.049437,0.049437
JPYNOK,1988-05-23,0.049332,0.049332,0.049332,0.049332
JPYNOK,1988-05-30,0.049709,0.049709,0.049709,0.049709
JPYNOK,1988-06-06,0.049756,0.049756,0.049756,0.049756
JPYNOK,1988-06-13,0.049764,0.049764,0.049764,0.049764
JPYNOK,1988-06-20,0.050397,0.050397,0.050397,0.050397
JPYNOK,1988-06-27,0.050369,0.050369,0.050369,0.050369
JPYNOK,1988-07-04,0.050268,0.050268,0.050268,0.050268
JPYNOK,1988-07-11,0.049919,0.049919,0.049919,0.049919
JPYNOK,1988-07-18,0.050423,0.050423,0.050423,0.050423
JPYNOK,1988-07-25,0.050658,0.050658,0.050658,0.050658
JPYNOK,1988-08-01,0.050744,0.050744,0.050744,0.050744
JPYNOK,1988-08-08,0.051074,0.051074,0.051074,0.051074
JPYNOK,1988-08-15,0.051405,0.051405,0.051405,0.051405
JPYNOK,1988-08-22,0.051741,0.051741,0.051741,0.051741
JPYNOK,1988-08-29,0.052014,0.052014,0.052014,0.052014
JPYNOK,1988-09-05,0.051355,0.051355,0.051355,0.051355
JPYNOK,1988-09-12,0.050663,0.050663,0.050663,0.050663
JPYNOK,1988-09-19,0.051462,0.051462,0.051462,0.051462
JPYNOK,1988-09-26,0.051506,0.051506,0.051506,0.051506
JPYNOK,1988-10-03,0.0516,0.0516,0.0516,0.0516
JPYNOK,1988-10-10,0.05163,0.05163,0.05163,0.05163
JPYNOK,1988-10-17,0.052163,0.052163,0.052163,0.052163
JPYNOK,1988-10-24,0.052586,0.052586,0.052586,0.052586
JPYNOK,1988-10-31,0.052615,0.052615,0.052615,0.052615
JPYNOK,1988-11-07,0.053053,0.053053,0.053053,0.053053
JPYNOK,1988-11-14,0.052934,0.052934,0.052934,0.052934
JPYNOK,1988-11-21,0.053419,0.053419,0.053419,0.053419
JPYNOK,1988-11-28,0.05376,0.05376,0.05376,0.05376
JPYNOK,1988-12-05,0.053311,0.053311,0.053311,0.053311
JPYNOK,1988-12-12,0.052893,0.052893,0.052893,0.052893
JPYNOK,1988-12-19,0.052519,0.052519,0.052519,0.052519
JPYNOK,1988-12-27,0.052484,0.052484,0.052484,0.052484
JPYNOK,1989-01-02,0.052548,0.052548,0.052548,0.052548
JPYNOK,1989-01-09,0.052478,0.052478,0.052478,0.052478
JPYNOK,1989-01-16,0.052845,0.052845,0.052845,0.052845
JPYNOK,1989-01-23,0.0526,0.0526,0.0526,0.0526
JPYNOK,1989-01-30,0.05238,0.05238,0.05238,0.05238
JPYNOK,1989-02-06,0.051913,0.051913,0.051913,0.051913
JPYNOK,1989-02-13,0.052182,0.052182,0.052182,0.052182
JPYNOK,1989-02-20,0.052847,0.052847,0.052847,0.052847
JPYNOK,1989-02-27,0.052812,0.052812,0.052812,0.052812
JPYNOK,1989-03-06,0.052713,0.052713,0.052713,0.052713
JPYNOK,1989-03-13,0.05251,0.05251,0.05251,0.05251
JPYNOK,1989-03-20,0.052245,0.052245,0.052245,0.052245
JPYNOK,1989-03-28,0.051759,0.051759,0.051759,0.051759
JPYNOK,1989-04-03,0.051432,0.051432,0.051432,0.051432
JPYNOK,1989-04-10,0.051832,0.051832,0.051832,0.051832
JPYNOK,1989-04-17,0.05147,0.05147,0.05147,0.05147
JPYNOK,1989-04-24,0.051205,0.051205,0.051205,0.051205
JPYNOK,1989-05-02,0.051597,0.051597,0.051597,0.051597
JPYNOK,1989-05-08,0.051146,0.051146,0.051146,0.051146
JPYNOK,1989-05-15,0.051179,0.051179,0.051179,0.051179
JPYNOK,1989-05-22,0.051171,0.051171,0.051171,0.051171
JPYNOK,1989-05-29,0.050984,0.050984,0.050984,0.050984
JPYNOK,1989-06-05,0.050418,0.050418,0.050418,0.050418
JPYNOK,1989-06-12,0.050279,0.050279,0.050279,0.050279
JPYNOK,1989-06-19,0.049273,0.049273,0.049273,0.049273
JPYNOK,1989-06-26,0.049756,0.049756,0.049756,0.049756
JPYNOK,1989-07-03,0.05053,0.05053,0.05053,0.05053
JPYNOK,1989-07-10,0.049754,0.049754,0.049754,0.049754
JPYNOK,1989-07-17,0.049394,0.049394,0.049394,0.049394
JPYNOK,1989-07-24,0.04925,0.04925,0.04925,0.04925
JPYNOK,1989-07-31,0.048876,0.048876,0.048876,0.048876
JPYNOK,1989-08-07,0.049982,0.049982,0.049982,0.049982
JPYNOK,1989-08-14,0.050038,0.050038,0.050038,0.050038
JPYNOK,1989-08-21,0.049931,0.049931,0.049931,0.049931
JPYNOK,1989-08-28,0.049896,0.049896,0.049896,0.049896
JPYNOK,1989-09-04,0.049392,0.049392,0.049392,0.049392
JPYNOK,1989-09-11,0.049126,0.049126,0.049126,0.049126
JPYNOK,1989-09-18,0.049167,0.049167,0.049167,0.049167
JPYNOK,1989-09-25,0.048839,0.048839,0.048839,0.048839
JPYNOK,1989-09-28,0.048816,0.048816,0.048816,0.048816
JPYNOK,1989-10-02,0.04881,0.04881,0.04881,0.04881
JPYNOK,1989-10-09,0.049341,0.049341,0.049341,0.049341
JPYNOK,1989-10-16,0.048798,0.048798,0.048798,0.048798
JPYNOK,1989-10-23,0.048858,0.048858,0.048858,0.048858
JPYNOK,1989-10-30,0.048574,0.048574,0.048574,0.048574
JPYNOK,1989-11-06,0.048433,0.048433,0.048433,0.048433
JPYNOK,1989-11-13,0.048223,0.048223,0.048223,0.048223
JPYNOK,1989-11-20,0.048313,0.048313,0.048313,0.048313
JPYNOK,1989-11-27,0.04783,0.04783,0.04783,0.04783
JPYNOK,1989-12-04,0.04767,0.04767,0.04767,0.04767
JPYNOK,1989-12-11,0.047461,0.047461,0.047461,0.047461
JPYNOK,1989-12-18,0.046635,0.046635,0.046635,0.046635
JPYNOK,1989-12-27,0.046461,0.046461,0.046461,0.046461
JPYNOK,1990-01-01,0.046176,0.046176,0.046176,0.046176
JPYNOK,1990-01-08,0.045598,0.045598,0.045598,0.045598
JPYNOK,1990-01-15,0.044846,0.044846,0.044846,0.044846
JPYNOK,1990-01-22,0.044818,0.044818,0.044818,0.044818
JPYNOK,1990-01-29,0.045314,0.045314,0.045314,0.045314
JPYNOK,1990-02-05,0.045034,0.045034,0.045034,0.045034
JPYNOK,1990-02-12,0.044207,0.044207,0.044207,0.044207
JPYNOK,1990-02-19,0.044874,0.044874,0.044874,0.044874
JPYNOK,1990-02-26,0.044432,0.044432,0.044432,0.044432
JPYNOK,1990-03-05,0.04373,0.04373,0.04373,0.04373
JPYNOK,1990-03-12,0.043785,0.043785,0.043785,0.043785
JPYNOK,1990-03-19,0.043306,0.043306,0.043306,0.043306
JPYNOK,1990-03-26,0.042667,0.042667,0.042667,0.042667
JPYNOK,1990-04-02,0.042326,0.042326,0.042326,0.042326
JPYNOK,1990-04-09,0.041302,0.041302,0.041302,0.041302
JPYNOK,1990-04-17,0.04169,0.04169,0.04169,0.04169
JPYNOK,1990-04-23,0.040826,0.040826,0.040826,0.040826
JPYNOK,1990-04-30,0.041602,0.041602,0.041602,0.041602
JPYNOK,1990-05-07,0.041038,0.041038,0.041038,0.041038
JPYNOK,1990-05-14,0.0408,0.0408,0.0408,0.0408
JPYNOK,1990-05-21,0.041857,0.041857,0.041857,0.041857
JPYNOK,1990-05-28,0.041978,0.041978,0.041978,0.041978
JPYNOK,1990-06-04,0.042712,0.042712,0.042712,0.042712
JPYNOK,1990-06-11,0.042575,0.042575,0.042575,0.042575
JPYNOK,1990-06-18,0.042122,0.042122,0.042122,0.042122
JPYNOK,1990-06-25,0.042045,0.042045,0.042045,0.042045
JPYNOK,1990-07-02,0.041471,0.041471,0.041471,0.041471
JPYNOK,1990-07-09,0.04211,0.04211,0.04211,0.04211
JPYNOK,1990-07-16,0.041856,0.041856,0.041856,0.041856
JPYNOK,1990-07-23,0.042776,0.042776,0.042776,0.042776
JPYNOK,1990-07-30,0.042087,0.042087,0.042087,0.042087
JPYNOK,1990-08-06,0.0421,0.0421,0.0421,0.0421
JPYNOK,1990-08-13,0.040893,0.040893,0.040893,0.040893
JPYNOK,1990-08-20,0.040558,0.040558,0.040558,0.040558
JPYNOK,1990-08-27,0.041254,0.041254,0.041254,0.041254
JPYNOK,1990-09-03,0.041947,0.041947,0.041947,0.041947
JPYNOK,1990-09-10,0.042619,0.042619,0.042619,0.042619
JPYNOK,1990-09-17,0.043911,0.043911,0.043911,0.043911
JPYNOK,1990-09-24,0.043666,0.043666,0.043666,0.043666
JPYNOK,1990-10-01,0.044097,0.044097,0.044097,0.044097
JPYNOK,1990-10-08,0.044113,0.044113,0.044113,0.044113
JPYNOK,1990-10-10,0.045394,0.045394,0.045394,0.045394
JPYNOK,1990-10-15,0.045304,0.045304,0.045304,0.045304
JPYNOK,1990-10-22,0.046155,0.046155,0.046155,0.046155
JPYNOK,1990-10-29,0.046307,0.046307,0.046307,0.046307
JPYNOK,1990-11-05,0.046032,0.046032,0.046032,0.046032
JPYNOK,1990-11-12,0.045608,0.045608,0.045608,0.045608
JPYNOK,1990-11-19,0.04455,0.04455,0.04455,0.04455
JPYNOK,1990-11-26,0.044924,0.044924,0.044924,0.044924
JPYNOK,1990-12-03,0.045006,0.045006,0.045006,0.045006
JPYNOK,1990-12-10,0.043944,0.043944,0.043944,0.043944
JPYNOK,1990-12-17,0.043955,0.043955,0.043955,0.043955
JPYNOK,1990-12-24,0.043804,0.043804,0.043804,0.043804
JPYNOK,1991-01-02,0.043383,0.043383,0.043383,0.043383
JPYNOK,1991-01-03,0.043977,0.043977,0.043977,0.043977
JPYNOK,1991-01-04,0.043559,0.043559,0.043559,0.043559
JPYNOK,1991-01-07,0.043938,0.043938,0.043938,0.043938
JPYNOK,1991-01-08,0.043929,0.043929,0.043929,0.043929
JPYNOK,1991-01-09,0.044263,0.044263,0.044263,0.044263
JPYNOK,1991-01-10,0.04443,0.04443,0.04443,0.04443
JPYNOK,1991-01-11,0.044695,0.044695,0.044695,0.044695
JPYNOK,1991-01-14,0.044655,0.044655,0.044655,0.044655
JPYNOK,1991-01-15,0.044335,0.044335,0.044335,0.044335
JPYNOK,1991-01-16,0.044075,0.044075,0.044075,0.044075
JPYNOK,1991-01-17,0.044663,0.044663,0.044663,0.044663
JPYNOK,1991-01-18,0.044608,0.044608,0.044608,0.044608
JPYNOK,1991-01-21,0.044238,0.044238,0.044238,0.044238
JPYNOK,1991-01-22,0.044349,0.044349,0.044349,0.044349
JPYNOK,1991-01-23,0.044245,0.044245,0.044245,0.044245
JPYNOK,1991-01-24,0.043911,0.043911,0.043911,0.043911
JPYNOK,1991-01-25,0.04408,0.04408,0.04408,0.04408
JPYNOK,1991-01-28,0.044026,0.044026,0.044026,0.044026
JPYNOK,1991-01-29,0.044166,0.044166,0.044166,0.044166
JPYNOK,1991-01-30,0.044314,0.044314,0.044314,0.044314
JPYNOK,1991-01-31,0.044181,0.044181,0.044181,0.044181
JPYNOK,1991-02-01,0.04379,0.04379,0.04379,0.04379
JPYNOK,1991-02-04,0.043848,0.043848,0.043848,0.043848
JPYNOK,1991-02-05,0.04414,0.04414,0.04414,0.04414
JPYNOK,1991-02-06,0.044315,0.044315,0.044315,0.044315
JPYNOK,1991-02-07,0.044484,0.044484,0.044484,0.044484
JPYNOK,1991-02-08,0.044655,0.044655,0.044655,0.044655
JPYNOK,1991-02-11,0.044421,0.044421,0.044421,0.044421
JPYNOK,1991-02-12,0.044404,0.044404,0.044404,0.044404
JPYNOK,1991-02-13,0.044152,0.044152,0.044152,0.044152
JPYNOK,1991-02-14,0.044149,0.044149,0.044149,0.044149
JPYNOK,1991-02-15,0.044172,0.044172,0.044172,0.044172
JPYNOK,1991-02-18,0.044509,0.044509,0.044509,0.044509
JPYNOK,1991-02-19,0.044161,0.044161,0.044161,0.044161
JPYNOK,1991-02-20,0.04443,0.04443,0.04443,0.04443
JPYNOK,1991-02-21,0.044283,0.044283,0.044283,0.044283
JPYNOK,1991-02-22,0.044119,0.044119,0.044119,0.044119
JPYNOK,1991-02-25,0.044473,0.044473,0.044473,0.044473
JPYNOK,1991-02-26,0.044963,0.044963,0.044963,0.044963
JPYNOK,1991-02-27,0.044928,0.044928,0.044928,0.044928
JPYNOK,1991-02-28,0.044861,0.044861,0.044861,0.044861
JPYNOK,1991-03-01,0.044621,0.044621,0.044621,0.044621
JPYNOK,1991-03-04,0.044295,0.044295,0.044295,0.044295
JPYNOK,1991-03-05,0.044068,0.044068,0.044068,0.044068
JPYNOK,1991-03-06,0.044325,0.044325,0.044325,0.044325
JPYNOK,1991-03-07,0.044461,0.044461,0.044461,0.044461
JPYNOK,1991-03-08,0.044656,0.044656,0.044656,0.044656
JPYNOK,1991-03-11,0.044587,0.044587,0.044587,0.044587
JPYNOK,1991-03-12,0.045008,0.045008,0.045008,0.045008
JPYNOK,1991-03-13,0.045167,0.045167,0.045167,0.045167
JPYNOK,1991-03-14,0.045319,0.045319,0.045319,0.045319
JPYNOK,1991-03-15,0.045381,0.045381,0.045381,0.045381
JPYNOK,1991-03-18,0.046123,0.046123,0.046123,0.046123
JPYNOK,1991-03-19,0.046504,0.046504,0.046504,0.046504
JPYNOK,1991-03-20,0.046334,0.046334,0.046334,0.046334
JPYNOK,1991-03-21,0.046373,0.046373,0.046373,0.046373
JPYNOK,1991-03-22,0.046762,0.046762,0.046762,0.046762
JPYNOK,1991-03-25,0.046874,0.046874,0.046874,0.046874
JPYNOK,1991-03-26,0.04776,0.04776,0.04776,0.04776
JPYNOK,1991-03-27,0.047823,0.047823,0.047823,0.047823
JPYNOK,1991-03-28,0.047271,0.047271,0.047271,0.047271
JPYNOK,1991-03-29,0.047491,0.047491,0.047491,0.047491
JPYNOK,1991-04-01,0.046678,0.046678,0.046678,0.046678
JPYNOK,1991-04-02,0.047468,0.047468,0.047468,0.047468
JPYNOK,1991-04-03,0.047272,0.047272,0.047272,0.047272
JPYNOK,1991-04-04,0.047823,0.047823,0.047823,0.047823
JPYNOK,1991-04-05,0.047625,0.047625,0.047625,0.047625
JPYNOK,1991-04-08,0.047809,0.047809,0.047809,0.047809
JPYNOK,1991-04-09,0.04826,0.04826,0.04826,0.04826
JPYNOK,1991-04-10,0.047847,0.047847,0.047847,0.047847
JPYNOK,1991-04-11,0.048009,0.048009,0.048009,0.048009
JPYNOK,1991-04-12,0.047871,0.047871,0.047871,0.047871
JPYNOK,1991-04-15,0.048207,0.048207,0.048207,0.048207
JPYNOK,1991-04-16,0.048139,0.048139,0.048139,0.048139
JPYNOK,1991-04-17,0.047563,0.047563,0.047563,0.047563
JPYNOK,1991-04-18,0.047774,0.047774,0.047774,0.047774
JPYNOK,1991-04-19,0.048615,0.048615,0.048615,0.048615
JPYNOK,1991-04-22,0.049067,0.049067,0.049067,0.049067
JPYNOK,1991-04-23,0.049289,0.049289,0.049289,0.049289
JPYNOK,1991-04-24,0.049124,0.049124,0.049124,0.049124
JPYNOK,1991-04-25,0.04926,0.04926,0.04926,0.04926
JPYNOK,1991-04-26,0.049281,0.049281,0.049281,0.049281
JPYNOK,1991-04-29,0.050196,0.050196,0.050196,0.050196
JPYNOK,1991-04-30,0.049233,0.049233,0.049233,0.049233
JPYNOK,1991-05-01,0.048248,0.048248,0.048248,0.048248
JPYNOK,1991-05-02,0.048695,0.048695,0.048695,0.048695
JPYNOK,1991-05-03,0.049189,0.049189,0.049189,0.049189
JPYNOK,1991-05-06,0.049081,0.049081,0.049081,0.049081
JPYNOK,1991-05-07,0.048576,0.048576,0.048576,0.048576
JPYNOK,1991-05-08,0.04865,0.04865,0.04865,0.04865
JPYNOK,1991-05-09,0.048627,0.048627,0.048627,0.048627
JPYNOK,1991-05-10,0.048269,0.048269,0.048269,0.048269
JPYNOK,1991-05-13,0.047948,0.047948,0.047948,0.047948
JPYNOK,1991-05-14,0.048249,0.048249,0.048249,0.048249
JPYNOK,1991-05-15,0.047716,0.047716,0.047716,0.047716
JPYNOK,1991-05-16,0.048027,0.048027,0.048027,0.048027
JPYNOK,1991-05-17,0.048586,0.048586,0.048586,0.048586
JPYNOK,1991-05-20,0.048713,0.048713,0.048713,0.048713
JPYNOK,1991-05-21,0.048718,0.048718,0.048718,0.048718
JPYNOK,1991-05-22,0.04843,0.04843,0.04843,0.04843
JPYNOK,1991-05-23,0.048731,0.048731,0.048731,0.048731
JPYNOK,1991-05-24,0.048105,0.048105,0.048105,0.048105
JPYNOK,1991-05-27,0.04798,0.04798,0.04798,0.04798
JPYNOK,1991-05-28,0.048071,0.048071,0.048071,0.048071
JPYNOK,1991-05-29,0.048057,0.048057,0.048057,0.048057
JPYNOK,1991-05-30,0.04857,0.04857,0.04857,0.04857
JPYNOK,1991-05-31,0.048764,0.048764,0.048764,0.048764
JPYNOK,1991-06-03,0.048912,0.048912,0.048912,0.048912
JPYNOK,1991-06-04,0.048898,0.048898,0.048898,0.048898
JPYNOK,1991-06-05,0.048961,0.048961,0.048961,0.048961
JPYNOK,1991-06-06,0.049065,0.049065,0.049065,0.049065
JPYNOK,1991-06-07,0.048843,0.048843,0.048843,0.048843
JPYNOK,1991-06-10,0.048602,0.048602,0.048602,0.048602
JPYNOK,1991-06-11,0.04904,0.04904,0.04904,0.04904
JPYNOK,1991-06-12,0.04911,0.04911,0.04911,0.04911
JPYNOK,1991-06-13,0.049698,0.049698,0.049698,0.049698
JPYNOK,1991-06-14,0.049838,0.049838,0.049838,0.049838
JPYNOK,1991-06-17,0.049957,0.049957,0.049957,0.049957
JPYNOK,1991-06-18,0.050159,0.050159,0.050159,0.050159
JPYNOK,1991-06-19,0.050043,0.050043,0.050043,0.050043
JPYNOK,1991-06-20,0.050518,0.050518,0.050518,0.050518
JPYNOK,1991-06-21,0.050647,0.050647,0.050647,0.050647
JPYNOK,1991-06-24,0.050182,0.050182,0.050182,0.050182
JPYNOK,1991-06-25,0.050567,0.050567,0.050567,0.050567
JPYNOK,1991-06-26,0.050398,0.050398,0.050398,0.050398
JPYNOK,1991-06-27,0.050682,0.050682,0.050682,0.050682
JPYNOK,1991-06-28,0.05119,0.05119,0.05119,0.05119
JPYNOK,1991-07-01,0.051058,0.051058,0.051058,0.051058
JPYNOK,1991-07-02,0.051467,0.051467,0.051467,0.051467
JPYNOK,1991-07-03,0.051213,0.051213,0.051213,0.051213
JPYNOK,1991-07-04,0.051402,0.051402,0.051402,0.051402
JPYNOK,1991-07-05,0.051594,0.051594,0.051594,0.051594
JPYNOK,1991-07-08,0.050953,0.050953,0.050953,0.050953
JPYNOK,1991-07-09,0.05117,0.05117,0.05117,0.05117
JPYNOK,1991-07-10,0.051043,0.051043,0.051043,0.051043
JPYNOK,1991-07-11,0.051578,0.051578,0.051578,0.051578
JPYNOK,1991-07-12,0.051166,0.051166,0.051166,0.051166
JPYNOK,1991-07-15,0.051068,0.051068,0.051068,0.051068
JPYNOK,1991-07-16,0.051027,0.051027,0.051027,0.051027
JPYNOK,1991-07-17,0.051001,0.051001,0.051001,0.051001
JPYNOK,1991-07-18,0.050446,0.050446,0.050446,0.050446
JPYNOK,1991-07-19,0.050125,0.050125,0.050125,0.050125
JPYNOK,1991-07-22,0.049881,0.049881,0.049881,0.049881
JPYNOK,1991-07-23,0.049981,0.049981,0.049981,0.049981
JPYNOK,1991-07-24,0.049324,0.049324,0.049324,0.049324
JPYNOK,1991-07-25,0.049181,0.049181,0.049181,0.049181
JPYNOK,1991-07-26,0.049194,0.049194,0.049194,0.049194
JPYNOK,1991-07-29,0.049388,0.049388,0.049388,0.049388
JPYNOK,1991-07-30,0.049443,0.049443,0.049443,0.049443
JPYNOK,1991-07-31,0.049569,0.049569,0.049569,0.049569
JPYNOK,1991-08-01,0.049851,0.049851,0.049851,0.049851
JPYNOK,1991-08-02,0.049616,0.049616,0.049616,0.049616
JPYNOK,1991-08-05,0.049665,0.049665,0.049665,0.049665
JPYNOK,1991-08-06,0.049253,0.049253,0.049253,0.049253
JPYNOK,1991-08-07,0.049147,0.049147,0.049147,0.049147
JPYNOK,1991-08-08,0.049222,0.049222,0.049222,0.049222
JPYNOK,1991-08-09,0.049394,0.049394,0.049394,0.049394
JPYNOK,1991-08-12,0.049448,0.049448,0.049448,0.049448
JPYNOK,1991-08-13,0.049594,0.049594,0.049594,0.049594
JPYNOK,1991-08-14,0.049667,0.049667,0.049667,0.049667
JPYNOK,1991-08-15,0.049646,0.049646,0.049646,0.049646
JPYNOK,1991-08-16,0.050194,0.050194,0.050194,0.050194
JPYNOK,1991-08-19,0.051264,0.051264,0.051264,0.051264
JPYNOK,1991-08-20,0.050885,0.050885,0.050885,0.050885
JPYNOK,1991-08-21,0.050264,0.050264,0.050264,0.050264
JPYNOK,1991-08-22,0.04948,0.04948,0.04948,0.04948
JPYNOK,1991-08-23,0.049927,0.049927,0.049927,0.049927
JPYNOK,1991-08-26,0.049908,0.049908,0.049908,0.049908
JPYNOK,1991-08-27,0.049874,0.049874,0.049874,0.049874
JPYNOK,1991-08-28,0.04976,0.04976,0.04976,0.04976
JPYNOK,1991-08-29,0.04943,0.04943,0.04943,0.04943
JPYNOK,1991-08-30,0.049702,0.049702,0.049702,0.049702
JPYNOK,1991-09-03,0.050007,0.050007,0.050007,0.050007
JPYNOK,1991-09-04,0.050093,0.050093,0.050093,0.050093
JPYNOK,1991-09-05,0.050037,0.050037,0.050037,0.050037
JPYNOK,1991-09-06,0.049804,0.049804,0.049804,0.049804
JPYNOK,1991-09-09,0.049319,0.049319,0.049319,0.049319
JPYNOK,1991-09-10,0.049167,0.049167,0.049167,0.049167
JPYNOK,1991-09-11,0.049179,0.049179,0.049179,0.049179
JPYNOK,1991-09-12,0.049268,0.049268,0.049268,0.049268
JPYNOK,1991-09-13,0.049321,0.049321,0.049321,0.049321
JPYNOK,1991-09-16,0.049098,0.049098,0.049098,0.049098
JPYNOK,1991-09-17,0.049064,0.049064,0.049064,0.049064
JPYNOK,1991-09-18,0.049251,0.049251,0.049251,0.049251
JPYNOK,1991-09-19,0.049201,0.049201,0.049201,0.049201
JPYNOK,1991-09-20,0.049731,0.049731,0.049731,0.049731
JPYNOK,1991-09-23,0.049192,0.049192,0.049192,0.049192
JPYNOK,1991-09-24,0.049107,0.049107,0.049107,0.049107
JPYNOK,1991-09-25,0.049383,0.049383,0.049383,0.049383
JPYNOK,1991-09-26,0.049205,0.049205,0.049205,0.049205
JPYNOK,1991-09-27,0.04757,0.04757,0.04757,0.04757
JPYNOK,1991-09-30,0.048952,0.048952,0.048952,0.048952
JPYNOK,1991-10-01,0.048883,0.048883,0.048883,0.048883
JPYNOK,1991-10-02,0.049076,0.049076,0.049076,0.049076
JPYNOK,1991-10-03,0.049769,0.049769,0.049769,0.049769
JPYNOK,1991-10-04,0.050427,0.050427,0.050427,0.050427
JPYNOK,1991-10-07,0.050785,0.050785,0.050785,0.050785
JPYNOK,1991-10-08,0.050841,0.050841,0.050841,0.050841
JPYNOK,1991-10-09,0.051067,0.051067,0.051067,0.051067
JPYNOK,1991-10-10,0.050868,0.050868,0.050868,0.050868
JPYNOK,1991-10-11,0.051075,0.051075,0.051075,0.051075
JPYNOK,1991-10-15,0.051434,0.051434,0.051434,0.051434
JPYNOK,1991-10-16,0.051243,0.051243,0.051243,0.051243
JPYNOK,1991-10-17,0.051372,0.051372,0.051372,0.051372
JPYNOK,1991-10-18,0.050972,0.050972,0.050972,0.050972
JPYNOK,1991-10-21,0.050623,0.050623,0.050623,0.050623
JPYNOK,1991-10-22,0.050672,0.050672,0.050672,0.050672
JPYNOK,1991-10-23,0.050771,0.050771,0.050771,0.050771
JPYNOK,1991-10-24,0.050853,0.050853,0.050853,0.050853
JPYNOK,1991-10-25,0.050688,0.050688,0.050688,0.050688
JPYNOK,1991-10-28,0.050678,0.050678,0.050678,0.050678
JPYNOK,1991-10-29,0.050947,0.050947,0.050947,0.050947
JPYNOK,1991-10-30,0.050207,0.050207,0.050207,0.050207
JPYNOK,1991-10-31,0.050121,0.050121,0.050121,0.050121
JPYNOK,1991-11-01,0.04995,0.04995,0.04995,0.04995
JPYNOK,1991-11-04,0.049616,0.049616,0.049616,0.049616
JPYNOK,1991-11-05,0.049617,0.049617,0.049617,0.049617
JPYNOK,1991-11-06,0.049458,0.049458,0.049458,0.049458
JPYNOK,1991-11-07,0.049388,0.049388,0.049388,0.049388
JPYNOK,1991-11-08,0.049568,0.049568,0.049568,0.049568
JPYNOK,1991-11-12,0.049495,0.049495,0.049495,0.049495
JPYNOK,1991-11-13,0.049367,0.049367,0.049367,0.049367
JPYNOK,1991-11-14,0.049301,0.049301,0.049301,0.049301
JPYNOK,1991-11-15,0.049395,0.049395,0.049395,0.049395
JPYNOK,1991-11-18,0.048638,0.048638,0.048638,0.048638
JPYNOK,1991-11-19,0.048467,0.048467,0.048467,0.048467
JPYNOK,1991-11-20,0.048561,0.048561,0.048561,0.048561
JPYNOK,1991-11-21,0.048495,0.048495,0.048495,0.048495
JPYNOK,1991-11-22,0.048252,0.048252,0.048252,0.048252
JPYNOK,1991-11-25,0.048823,0.048823,0.048823,0.048823
JPYNOK,1991-11-26,0.048753,0.048753,0.048753,0.048753
JPYNOK,1991-11-27,0.048762,0.048762,0.048762,0.048762
JPYNOK,1991-11-28,0.048923,0.048923,0.048923,0.048923
JPYNOK,1991-11-29,0.049233,0.049233,0.049233,0.049233
JPYNOK,1991-12-02,0.048727,0.048727,0.048727,0.048727
JPYNOK,1991-12-03,0.049076,0.049076,0.049076,0.049076
JPYNOK,1991-12-04,0.049076,0.049076,0.049076,0.049076
JPYNOK,1991-12-05,0.048813,0.048813,0.048813,0.048813
JPYNOK,1991-12-06,0.048424,0.048424,0.048424,0.048424
JPYNOK,1991-12-09,0.048274,0.048274,0.048274,0.048274
JPYNOK,1991-12-10,0.048368,0.048368,0.048368,0.048368
JPYNOK,1991-12-11,0.048111,0.048111,0.048111,0.048111
JPYNOK,1991-12-12,0.048138,0.048138,0.048138,0.048138
JPYNOK,1991-12-13,0.048209,0.048209,0.048209,0.048209
JPYNOK,1991-12-16,0.048304,0.048304,0.048304,0.048304
JPYNOK,1991-12-17,0.048149,0.048149,0.048149,0.048149
JPYNOK,1991-12-18,0.048135,0.048135,0.048135,0.048135
JPYNOK,1991-12-19,0.047915,0.047915,0.047915,0.047915
JPYNOK,1991-12-20,0.047552,0.047552,0.047552,0.047552
JPYNOK,1991-12-23,0.047287,0.047287,0.047287,0.047287
JPYNOK,1991-12-24,0.047033,0.047033,0.047033,0.047033
JPYNOK,1991-12-26,0.047342,0.047342,0.047342,0.047342
JPYNOK,1991-12-27,0.047724,0.047724,0.047724,0.047724
JPYNOK,1991-12-30,0.047638,0.047638,0.047638,0.047638
JPYNOK,1991-12-31,0.047883,0.047883,0.047883,0.047883
JPYNOK,1992-01-02,0.048033,0.048033,0.048033,0.048033
JPYNOK,1992-01-03,0.048634,0.048634,0.048634,0.048634
JPYNOK,1992-01-06,0.048187,0.048187,0.048187,0.048187
JPYNOK,1992-01-07,0.048053,0.048053,0.048053,0.048053
JPYNOK,1992-01-08,0.047813,0.047813,0.047813,0.047813
JPYNOK,1992-01-09,0.048429,0.048429,0.048429,0.048429
JPYNOK,1992-01-10,0.048985,0.048985,0.048985,0.048985
JPYNOK,1992-01-13,0.048882,0.048882,0.048882,0.048882
JPYNOK,1992-01-14,0.048755,0.048755,0.048755,0.048755
JPYNOK,1992-01-15,0.049612,0.049612,0.049612,0.049612
JPYNOK,1992-01-16,0.049796,0.049796,0.049796,0.049796
JPYNOK,1992-01-17,0.049373,0.049373,0.049373,0.049373
JPYNOK,1992-01-20,0.050605,0.050605,0.050605,0.050605
JPYNOK,1992-01-21,0.050474,0.050474,0.050474,0.050474
JPYNOK,1992-01-22,0.050576,0.050576,0.050576,0.050576
JPYNOK,1992-01-23,0.050556,0.050556,0.050556,0.050556
JPYNOK,1992-01-24,0.050483,0.050483,0.050483,0.050483
JPYNOK,1992-01-27,0.050277,0.050277,0.050277,0.050277
JPYNOK,1992-01-28,0.050091,0.050091,0.050091,0.050091
JPYNOK,1992-01-29,0.049744,0.049744,0.049744,0.049744
JPYNOK,1992-01-30,0.050171,0.050171,0.050171,0.050171
JPYNOK,1992-01-31,0.050182,0.050182,0.050182,0.050182
JPYNOK,1992-02-03,0.049862,0.049862,0.049862,0.049862
JPYNOK,1992-02-04,0.049533,0.049533,0.049533,0.049533
JPYNOK,1992-02-05,0.049532,0.049532,0.049532,0.049532
JPYNOK,1992-02-06,0.049298,0.049298,0.049298,0.049298
JPYNOK,1992-02-07,0.048942,0.048942,0.048942,0.048942
JPYNOK,1992-02-10,0.048683,0.048683,0.048683,0.048683
JPYNOK,1992-02-11,0.049193,0.049193,0.049193,0.049193
JPYNOK,1992-02-12,0.049473,0.049473,0.049473,0.049473
JPYNOK,1992-02-13,0.049866,0.049866,0.049866,0.049866
JPYNOK,1992-02-14,0.049929,0.049929,0.049929,0.049929
JPYNOK,1992-02-17,0.050078,0.050078,0.050078,0.050078
JPYNOK,1992-02-18,0.050437,0.050437,0.050437,0.050437
JPYNOK,1992-02-19,0.050271,0.050271,0.050271,0.050271
JPYNOK,1992-02-20,0.050295,0.050295,0.050295,0.050295
JPYNOK,1992-02-21,0.05029,0.05029,0.05029,0.05029
JPYNOK,1992-02-24,0.050033,0.050033,0.050033,0.050033
JPYNOK,1992-02-25,0.049515,0.049515,0.049515,0.049515
JPYNOK,1992-02-26,0.049923,0.049923,0.049923,0.049923
JPYNOK,1992-02-27,0.049648,0.049648,0.049648,0.049648
JPYNOK,1992-02-28,0.049634,0.049634,0.049634,0.049634
JPYNOK,1992-03-02,0.049753,0.049753,0.049753,0.049753
JPYNOK,1992-03-03,0.049637,0.049637,0.049637,0.049637
JPYNOK,1992-03-04,0.049351,0.049351,0.049351,0.049351
JPYNOK,1992-03-05,0.049778,0.049778,0.049778,0.049778
JPYNOK,1992-03-06,0.049713,0.049713,0.049713,0.049713
JPYNOK,1992-03-09,0.049442,0.049442,0.049442,0.049442
JPYNOK,1992-03-10,0.049261,0.049261,0.049261,0.049261
JPYNOK,1992-03-11,0.048867,0.048867,0.048867,0.048867
JPYNOK,1992-03-12,0.04883,0.04883,0.04883,0.04883
JPYNOK,1992-03-13,0.048942,0.048942,0.048942,0.048942
JPYNOK,1992-03-16,0.048811,0.048811,0.048811,0.048811
JPYNOK,1992-03-17,0.048616,0.048616,0.048616,0.048616
JPYNOK,1992-03-18,0.049066,0.049066,0.049066,0.049066
JPYNOK,1992-03-19,0.049202,0.049202,0.049202,0.049202
JPYNOK,1992-03-20,0.049282,0.049282,0.049282,0.049282
JPYNOK,1992-03-23,0.048893,0.048893,0.048893,0.048893
JPYNOK,1992-03-24,0.048842,0.048842,0.048842,0.048842
JPYNOK,1992-03-25,0.048692,0.048692,0.048692,0.048692
JPYNOK,1992-03-26,0.048489,0.048489,0.048489,0.048489
JPYNOK,1992-03-27,0.048746,0.048746,0.048746,0.048746
JPYNOK,1992-03-30,0.048663,0.048663,0.048663,0.048663
JPYNOK,1992-03-31,0.048555,0.048555,0.048555,0.048555
JPYNOK,1992-04-01,0.048217,0.048217,0.048217,0.048217
JPYNOK,1992-04-02,0.048269,0.048269,0.048269,0.048269
JPYNOK,1992-04-03,0.047977,0.047977,0.047977,0.047977
JPYNOK,1992-04-06,0.048014,0.048014,0.048014,0.048014
JPYNOK,1992-04-07,0.047985,0.047985,0.047985,0.047985
JPYNOK,1992-04-08,0.048247,0.048247,0.048247,0.048247
JPYNOK,1992-04-09,0.048542,0.048542,0.048542,0.048542
JPYNOK,1992-04-10,0.048125,0.048125,0.048125,0.048125
JPYNOK,1992-04-13,0.048472,0.048472,0.048472,0.048472
JPYNOK,1992-04-14,0.048534,0.048534,0.048534,0.048534
JPYNOK,1992-04-15,0.048612,0.048612,0.048612,0.048612
JPYNOK,1992-04-16,0.048763,0.048763,0.048763,0.048763
JPYNOK,1992-04-17,0.048729,0.048729,0.048729,0.048729
JPYNOK,1992-04-20,0.048717,0.048717,0.048717,0.048717
JPYNOK,1992-04-21,0.048611,0.048611,0.048611,0.048611
JPYNOK,1992-04-22,0.048478,0.048478,0.048478,0.048478
JPYNOK,1992-04-23,0.048339,0.048339,0.048339,0.048339
JPYNOK,1992-04-24,0.047993,0.047993,0.047993,0.047993
JPYNOK,1992-04-27,0.04843,0.04843,0.04843,0.04843
JPYNOK,1992-04-28,0.048499,0.048499,0.048499,0.048499
JPYNOK,1992-04-29,0.048508,0.048508,0.048508,0.048508
JPYNOK,1992-04-30,0.04851,0.04851,0.04851,0.04851
JPYNOK,1992-05-01,0.048346,0.048346,0.048346,0.048346
JPYNOK,1992-05-04,0.048377,0.048377,0.048377,0.048377
JPYNOK,1992-05-05,0.048143,0.048143,0.048143,0.048143
JPYNOK,1992-05-06,0.048105,0.048105,0.048105,0.048105
JPYNOK,1992-05-07,0.048087,0.048087,0.048087,0.048087
JPYNOK,1992-05-08,0.048214,0.048214,0.048214,0.048214
JPYNOK,1992-05-11,0.048043,0.048043,0.048043,0.048043
JPYNOK,1992-05-12,0.048688,0.048688,0.048688,0.048688
JPYNOK,1992-05-13,0.048442,0.048442,0.048442,0.048442
JPYNOK,1992-05-14,0.048288,0.048288,0.048288,0.048288
JPYNOK,1992-05-15,0.048372,0.048372,0.048372,0.048372
JPYNOK,1992-05-18,0.048926,0.048926,0.048926,0.048926
JPYNOK,1992-05-19,0.048088,0.048088,0.048088,0.048088
JPYNOK,1992-05-20,0.048173,0.048173,0.048173,0.048173
JPYNOK,1992-05-21,0.048345,0.048345,0.048345,0.048345
JPYNOK,1992-05-22,0.04878,0.04878,0.04878,0.04878
JPYNOK,1992-05-25,0.048712,0.048712,0.048712,0.048712
JPYNOK,1992-05-26,0.048493,0.048493,0.048493,0.048493
JPYNOK,1992-05-27,0.049004,0.049004,0.049004,0.049004
JPYNOK,1992-05-28,0.048934,0.048934,0.048934,0.048934
JPYNOK,1992-05-29,0.049006,0.049006,0.049006,0.049006
JPYNOK,1992-06-01,0.049148,0.049148,0.049148,0.049148
JPYNOK,1992-06-02,0.04936,0.04936,0.04936,0.04936
JPYNOK,1992-06-03,0.04914,0.04914,0.04914,0.04914
JPYNOK,1992-06-04,0.049166,0.049166,0.049166,0.049166
JPYNOK,1992-06-05,0.049134,0.049134,0.049134,0.049134
JPYNOK,1992-06-08,0.049041,0.049041,0.049041,0.049041
JPYNOK,1992-06-09,0.048755,0.048755,0.048755,0.048755
JPYNOK,1992-06-10,0.048811,0.048811,0.048811,0.048811
JPYNOK,1992-06-11,0.048783,0.048783,0.048783,0.048783
JPYNOK,1992-06-12,0.048669,0.048669,0.048669,0.048669
JPYNOK,1992-06-15,0.048418,0.048418,0.048418,0.048418
JPYNOK,1992-06-16,0.048477,0.048477,0.048477,0.048477
JPYNOK,1992-06-17,0.048444,0.048444,0.048444,0.048444
JPYNOK,1992-06-18,0.048401,0.048401,0.048401,0.048401
JPYNOK,1992-06-19,0.048558,0.048558,0.048558,0.048558
JPYNOK,1992-06-22,0.048189,0.048189,0.048189,0.048189
JPYNOK,1992-06-23,0.048168,0.048168,0.048168,0.048168
JPYNOK,1992-06-24,0.04791,0.04791,0.04791,0.04791
JPYNOK,1992-06-25,0.048068,0.048068,0.048068,0.048068
JPYNOK,1992-06-26,0.047743,0.047743,0.047743,0.047743
JPYNOK,1992-06-29,0.047439,0.047439,0.047439,0.047439
JPYNOK,1992-06-30,0.047413,0.047413,0.047413,0.047413
JPYNOK,1992-07-01,0.047792,0.047792,0.047792,0.047792
JPYNOK,1992-07-02,0.0476,0.0476,0.0476,0.0476
JPYNOK,1992-07-03,0.047753,0.047753,0.047753,0.047753
JPYNOK,1992-07-06,0.047559,0.047559,0.047559,0.047559
JPYNOK,1992-07-07,0.047252,0.047252,0.047252,0.047252
JPYNOK,1992-07-08,0.047024,0.047024,0.047024,0.047024
JPYNOK,1992-07-09,0.047092,0.047092,0.047092,0.047092
JPYNOK,1992-07-10,0.047027,0.047027,0.047027,0.047027
JPYNOK,1992-07-13,0.046469,0.046469,0.046469,0.046469
JPYNOK,1992-07-14,0.046835,0.046835,0.046835,0.046835
JPYNOK,1992-07-15,0.046477,0.046477,0.046477,0.046477
JPYNOK,1992-07-16,0.046224,0.046224,0.046224,0.046224
JPYNOK,1992-07-17,0.046105,0.046105,0.046105,0.046105
JPYNOK,1992-07-20,0.046466,0.046466,0.046466,0.046466
JPYNOK,1992-07-21,0.046744,0.046744,0.046744,0.046744
JPYNOK,1992-07-22,0.046162,0.046162,0.046162,0.046162
JPYNOK,1992-07-23,0.046078,0.046078,0.046078,0.046078
JPYNOK,1992-07-24,0.046144,0.046144,0.046144,0.046144
JPYNOK,1992-07-27,0.045639,0.045639,0.045639,0.045639
JPYNOK,1992-07-28,0.045443,0.045443,0.045443,0.045443
JPYNOK,1992-07-29,0.045517,0.045517,0.045517,0.045517
JPYNOK,1992-07-30,0.045642,0.045642,0.045642,0.045642
JPYNOK,1992-07-31,0.045649,0.045649,0.045649,0.045649
JPYNOK,1992-08-03,0.045701,0.045701,0.045701,0.045701
JPYNOK,1992-08-04,0.045578,0.045578,0.045578,0.045578
JPYNOK,1992-08-05,0.045676,0.045676,0.045676,0.045676
JPYNOK,1992-08-06,0.045692,0.045692,0.045692,0.045692
JPYNOK,1992-08-07,0.045243,0.045243,0.045243,0.045243
JPYNOK,1992-08-10,0.045148,0.045148,0.045148,0.045148
JPYNOK,1992-08-11,0.045324,0.045324,0.045324,0.045324
JPYNOK,1992-08-12,0.045215,0.045215,0.045215,0.045215
JPYNOK,1992-08-13,0.045259,0.045259,0.045259,0.045259
JPYNOK,1992-08-14,0.045836,0.045836,0.045836,0.045836
JPYNOK,1992-08-17,0.045867,0.045867,0.045867,0.045867
JPYNOK,1992-08-18,0.045569,0.045569,0.045569,0.045569
JPYNOK,1992-08-19,0.045452,0.045452,0.045452,0.045452
JPYNOK,1992-08-20,0.045347,0.045347,0.045347,0.045347
JPYNOK,1992-08-21,0.045323,0.045323,0.045323,0.045323
JPYNOK,1992-08-24,0.044602,0.044602,0.044602,0.044602
JPYNOK,1992-08-25,0.04453,0.04453,0.04453,0.04453
JPYNOK,1992-08-26,0.044507,0.044507,0.044507,0.044507
JPYNOK,1992-08-27,0.044904,0.044904,0.044904,0.044904
JPYNOK,1992-08-28,0.045231,0.045231,0.045231,0.045231
JPYNOK,1992-08-31,0.04515,0.04515,0.04515,0.04515
JPYNOK,1992-09-01,0.04494,0.04494,0.04494,0.04494
JPYNOK,1992-09-02,0.044795,0.044795,0.044795,0.044795
JPYNOK,1992-09-03,0.045073,0.045073,0.045073,0.045073
JPYNOK,1992-09-04,0.045084,0.045084,0.045084,0.045084
JPYNOK,1992-09-08,0.044945,0.044945,0.044945,0.044945
JPYNOK,1992-09-09,0.045321,0.045321,0.045321,0.045321
JPYNOK,1992-09-10,0.045438,0.045438,0.045438,0.045438
JPYNOK,1992-09-11,0.045907,0.045907,0.045907,0.045907
JPYNOK,1992-09-14,0.047356,0.047356,0.047356,0.047356
JPYNOK,1992-09-15,0.047508,0.047508,0.047508,0.047508
JPYNOK,1992-09-16,0.047968,0.047968,0.047968,0.047968
JPYNOK,1992-09-17,0.048278,0.048278,0.048278,0.048278
JPYNOK,1992-09-18,0.048675,0.048675,0.048675,0.048675
JPYNOK,1992-09-21,0.048738,0.048738,0.048738,0.048738
JPYNOK,1992-09-22,0.049806,0.049806,0.049806,0.049806
JPYNOK,1992-09-23,0.050365,0.050365,0.050365,0.050365
JPYNOK,1992-09-24,0.05,0.05,0.05,0.05
JPYNOK,1992-09-25,0.049736,0.049736,0.049736,0.049736
JPYNOK,1992-09-28,0.049245,0.049245,0.049245,0.049245
JPYNOK,1992-09-29,0.048226,0.048226,0.048226,0.048226
JPYNOK,1992-09-30,0.04784,0.04784,0.04784,0.04784
JPYNOK,1992-10-01,0.047922,0.047922,0.047922,0.047922
JPYNOK,1992-10-02,0.048368,0.048368,0.048368,0.048368
JPYNOK,1992-10-05,0.048131,0.048131,0.048131,0.048131
JPYNOK,1992-10-06,0.048779,0.048779,0.048779,0.048779
JPYNOK,1992-10-07,0.04894,0.04894,0.04894,0.04894
JPYNOK,1992-10-08,0.049543,0.049543,0.049543,0.049543
JPYNOK,1992-10-09,0.04959,0.04959,0.04959,0.04959
JPYNOK,1992-10-13,0.049277,0.049277,0.049277,0.049277
JPYNOK,1992-10-14,0.04926,0.04926,0.04926,0.04926
JPYNOK,1992-10-15,0.049264,0.049264,0.049264,0.049264
JPYNOK,1992-10-16,0.050194,0.050194,0.050194,0.050194
JPYNOK,1992-10-19,0.050511,0.050511,0.050511,0.050511
JPYNOK,1992-10-20,0.050824,0.050824,0.050824,0.050824
JPYNOK,1992-10-21,0.050598,0.050598,0.050598,0.050598
JPYNOK,1992-10-22,0.050865,0.050865,0.050865,0.050865
JPYNOK,1992-10-23,0.051049,0.051049,0.051049,0.051049
JPYNOK,1992-10-26,0.05138,0.05138,0.05138,0.05138
JPYNOK,1992-10-27,0.051112,0.051112,0.051112,0.051112
JPYNOK,1992-10-28,0.051085,0.051085,0.051085,0.051085
JPYNOK,1992-10-29,0.050831,0.050831,0.050831,0.050831
JPYNOK,1992-10-30,0.051014,0.051014,0.051014,0.051014
JPYNOK,1992-11-02,0.051544,0.051544,0.051544,0.051544
JPYNOK,1992-11-03,0.052047,0.052047,0.052047,0.052047
JPYNOK,1992-11-04,0.05205,0.05205,0.05205,0.05205
JPYNOK,1992-11-05,0.052345,0.052345,0.052345,0.052345
JPYNOK,1992-11-06,0.052556,0.052556,0.052556,0.052556
JPYNOK,1992-11-09,0.052102,0.052102,0.052102,0.052102
JPYNOK,1992-11-10,0.052182,0.052182,0.052182,0.052182
JPYNOK,1992-11-12,0.052124,0.052124,0.052124,0.052124
JPYNOK,1992-11-13,0.051491,0.051491,0.051491,0.051491
JPYNOK,1992-11-16,0.051803,0.051803,0.051803,0.051803
JPYNOK,1992-11-17,0.0523,0.0523,0.0523,0.0523
JPYNOK,1992-11-18,0.052269,0.052269,0.052269,0.052269
JPYNOK,1992-11-19,0.052232,0.052232,0.052232,0.052232
JPYNOK,1992-11-20,0.051944,0.051944,0.051944,0.051944
JPYNOK,1992-11-23,0.052561,0.052561,0.052561,0.052561
JPYNOK,1992-11-24,0.052879,0.052879,0.052879,0.052879
JPYNOK,1992-11-25,0.052325,0.052325,0.052325,0.052325
JPYNOK,1992-11-26,0.052492,0.052492,0.052492,0.052492
JPYNOK,1992-11-27,0.052542,0.052542,0.052542,0.052542
JPYNOK,1992-11-30,0.052437,0.052437,0.052437,0.052437
JPYNOK,1992-12-01,0.052149,0.052149,0.052149,0.052149
JPYNOK,1992-12-02,0.051655,0.051655,0.051655,0.051655
JPYNOK,1992-12-03,0.051925,0.051925,0.051925,0.051925
JPYNOK,1992-12-04,0.052061,0.052061,0.052061,0.052061
JPYNOK,1992-12-07,0.051558,0.051558,0.051558,0.051558
JPYNOK,1992-12-08,0.05132,0.05132,0.05132,0.05132
JPYNOK,1992-12-09,0.051843,0.051843,0.051843,0.051843
JPYNOK,1992-12-10,0.05467,0.05467,0.05467,0.05467
JPYNOK,1992-12-11,0.055048,0.055048,0.055048,0.055048
JPYNOK,1992-12-14,0.054696,0.054696,0.054696,0.054696
JPYNOK,1992-12-15,0.054272,0.054272,0.054272,0.054272
JPYNOK,1992-12-16,0.054168,0.054168,0.054168,0.054168
JPYNOK,1992-12-17,0.054329,0.054329,0.054329,0.054329
JPYNOK,1992-12-18,0.054733,0.054733,0.054733,0.054733
JPYNOK,1992-12-21,0.054875,0.054875,0.054875,0.054875
JPYNOK,1992-12-22,0.054949,0.054949,0.054949,0.054949
JPYNOK,1992-12-23,0.05488,0.05488,0.05488,0.05488
JPYNOK,1992-12-24,0.054612,0.054612,0.054612,0.054612
JPYNOK,1992-12-28,0.054267,0.054267,0.054267,0.054267
JPYNOK,1992-12-29,0.055403,0.055403,0.055403,0.055403
JPYNOK,1992-12-30,0.055446,0.055446,0.055446,0.055446
JPYNOK,1992-12-31,0.055682,0.055682,0.055682,0.055682
JPYNOK,1993-01-04,0.055681,0.055681,0.055681,0.055681
JPYNOK,1993-01-05,0.05567,0.05567,0.05567,0.05567
JPYNOK,1993-01-06,0.055849,0.055849,0.055849,0.055849
JPYNOK,1993-01-07,0.05609,0.05609,0.05609,0.05609
JPYNOK,1993-01-08,0.05584,0.05584,0.05584,0.05584
JPYNOK,1993-01-11,0.055736,0.055736,0.055736,0.055736
JPYNOK,1993-01-12,0.055558,0.055558,0.055558,0.055558
JPYNOK,1993-01-13,0.055181,0.055181,0.055181,0.055181
JPYNOK,1993-01-14,0.054709,0.054709,0.054709,0.054709
JPYNOK,1993-01-15,0.05459,0.05459,0.05459,0.05459
JPYNOK,1993-01-18,0.05428,0.05428,0.05428,0.05428
JPYNOK,1993-01-19,0.054213,0.054213,0.054213,0.054213
JPYNOK,1993-01-20,0.054383,0.054383,0.054383,0.054383
JPYNOK,1993-01-21,0.054823,0.054823,0.054823,0.054823
JPYNOK,1993-01-22,0.054166,0.054166,0.054166,0.054166
JPYNOK,1993-01-25,0.054121,0.054121,0.054121,0.054121
JPYNOK,1993-01-26,0.054106,0.054106,0.054106,0.054106
JPYNOK,1993-01-27,0.054237,0.054237,0.054237,0.054237
JPYNOK,1993-01-28,0.05444,0.05444,0.05444,0.05444
JPYNOK,1993-01-29,0.054822,0.054822,0.054822,0.054822
JPYNOK,1993-02-01,0.0557,0.0557,0.0557,0.0557
JPYNOK,1993-02-02,0.055825,0.055825,0.055825,0.055825
JPYNOK,1993-02-03,0.056267,0.056267,0.056267,0.056267
JPYNOK,1993-02-04,0.056144,0.056144,0.056144,0.056144
JPYNOK,1993-02-05,0.056178,0.056178,0.056178,0.056178
JPYNOK,1993-02-08,0.056511,0.056511,0.056511,0.056511
JPYNOK,1993-02-09,0.057704,0.057704,0.057704,0.057704
JPYNOK,1993-02-10,0.058134,0.058134,0.058134,0.058134
JPYNOK,1993-02-11,0.058485,0.058485,0.058485,0.058485
JPYNOK,1993-02-12,0.05837,0.05837,0.05837,0.05837
JPYNOK,1993-02-15,0.058354,0.058354,0.058354,0.058354
JPYNOK,1993-02-16,0.058073,0.058073,0.058073,0.058073
JPYNOK,1993-02-17,0.057983,0.057983,0.057983,0.057983
JPYNOK,1993-02-18,0.057983,0.057983,0.057983,0.057983
JPYNOK,1993-02-19,0.058383,0.058383,0.058383,0.058383
JPYNOK,1993-02-22,0.059678,0.059678,0.059678,0.059678
JPYNOK,1993-02-23,0.059347,0.059347,0.059347,0.059347
JPYNOK,1993-02-24,0.059244,0.059244,0.059244,0.059244
JPYNOK,1993-02-25,0.05931,0.05931,0.05931,0.05931
JPYNOK,1993-02-26,0.059292,0.059292,0.059292,0.059292
JPYNOK,1993-03-01,0.059014,0.059014,0.059014,0.059014
JPYNOK,1993-03-02,0.059249,0.059249,0.059249,0.059249
JPYNOK,1993-03-03,0.059563,0.059563,0.059563,0.059563
JPYNOK,1993-03-04,0.059571,0.059571,0.059571,0.059571
JPYNOK,1993-03-05,0.059888,0.059888,0.059888,0.059888
JPYNOK,1993-03-08,0.060489,0.060489,0.060489,0.060489
JPYNOK,1993-03-09,0.060372,0.060372,0.060372,0.060372
JPYNOK,1993-03-10,0.059965,0.059965,0.059965,0.059965
JPYNOK,1993-03-11,0.060136,0.060136,0.060136,0.060136
JPYNOK,1993-03-12,0.060101,0.060101,0.060101,0.060101
JPYNOK,1993-03-15,0.059637,0.059637,0.059637,0.059637
JPYNOK,1993-03-16,0.060555,0.060555,0.060555,0.060555
JPYNOK,1993-03-17,0.060373,0.060373,0.060373,0.060373
JPYNOK,1993-03-18,0.060115,0.060115,0.060115,0.060115
JPYNOK,1993-03-19,0.059831,0.059831,0.059831,0.059831
JPYNOK,1993-03-22,0.060098,0.060098,0.060098,0.060098
JPYNOK,1993-03-23,0.05998,0.05998,0.05998,0.05998
JPYNOK,1993-03-24,0.059264,0.059264,0.059264,0.059264
JPYNOK,1993-03-25,0.05955,0.05955,0.05955,0.05955
JPYNOK,1993-03-26,0.059577,0.059577,0.059577,0.059577
JPYNOK,1993-03-29,0.059372,0.059372,0.059372,0.059372
JPYNOK,1993-03-30,0.059019,0.059019,0.059019,0.059019
JPYNOK,1993-03-31,0.059649,0.059649,0.059649,0.059649
JPYNOK,1993-04-01,0.059527,0.059527,0.059527,0.059527
JPYNOK,1993-04-02,0.059838,0.059838,0.059838,0.059838
JPYNOK,1993-04-05,0.059848,0.059848,0.059848,0.059848
JPYNOK,1993-04-06,0.060314,0.060314,0.060314,0.060314
JPYNOK,1993-04-07,0.060624,0.060624,0.060624,0.060624
JPYNOK,1993-04-08,0.060282,0.060282,0.060282,0.060282
JPYNOK,1993-04-09,0.060329,0.060329,0.060329,0.060329
JPYNOK,1993-04-12,0.060174,0.060174,0.060174,0.060174
JPYNOK,1993-04-13,0.059209,0.059209,0.059209,0.059209
JPYNOK,1993-04-14,0.059207,0.059207,0.059207,0.059207
JPYNOK,1993-04-15,0.059957,0.059957,0.059957,0.059957
JPYNOK,1993-04-16,0.060797,0.060797,0.060797,0.060797
JPYNOK,1993-04-19,0.061057,0.061057,0.061057,0.061057
JPYNOK,1993-04-20,0.061222,0.061222,0.061222,0.061222
JPYNOK,1993-04-21,0.061275,0.061275,0.061275,0.061275
JPYNOK,1993-04-22,0.061728,0.061728,0.061728,0.061728
JPYNOK,1993-04-23,0.060545,0.060545,0.060545,0.060545
JPYNOK,1993-04-26,0.059969,0.059969,0.059969,0.059969
JPYNOK,1993-04-27,0.059905,0.059905,0.059905,0.059905
JPYNOK,1993-04-28,0.059572,0.059572,0.059572,0.059572
JPYNOK,1993-04-29,0.059646,0.059646,0.059646,0.059646
JPYNOK,1993-04-30,0.060392,0.060392,0.060392,0.060392
JPYNOK,1993-05-03,0.060415,0.060415,0.060415,0.060415
JPYNOK,1993-05-04,0.060313,0.060313,0.060313,0.060313
JPYNOK,1993-05-05,0.06063,0.06063,0.06063,0.06063
JPYNOK,1993-05-06,0.060619,0.060619,0.060619,0.060619
JPYNOK,1993-05-07,0.060631,0.060631,0.060631,0.060631
JPYNOK,1993-05-10,0.060665,0.060665,0.060665,0.060665
JPYNOK,1993-05-11,0.061172,0.061172,0.061172,0.061172
JPYNOK,1993-05-12,0.061101,0.061101,0.061101,0.061101
JPYNOK,1993-05-13,0.061392,0.061392,0.061392,0.061392
JPYNOK,1993-05-14,0.061579,0.061579,0.061579,0.061579
JPYNOK,1993-05-17,0.061457,0.061457,0.061457,0.061457
JPYNOK,1993-05-18,0.061712,0.061712,0.061712,0.061712
JPYNOK,1993-05-19,0.062165,0.062165,0.062165,0.062165
JPYNOK,1993-05-20,0.061751,0.061751,0.061751,0.061751
JPYNOK,1993-05-21,0.062224,0.062224,0.062224,0.062224
JPYNOK,1993-05-24,0.062608,0.062608,0.062608,0.062608
JPYNOK,1993-05-25,0.062793,0.062793,0.062793,0.062793
JPYNOK,1993-05-26,0.063608,0.063608,0.063608,0.063608
JPYNOK,1993-05-27,0.063507,0.063507,0.063507,0.063507
JPYNOK,1993-05-28,0.062833,0.062833,0.062833,0.062833
JPYNOK,1993-05-31,0.063057,0.063057,0.063057,0.063057
JPYNOK,1993-06-01,0.063105,0.063105,0.063105,0.063105
JPYNOK,1993-06-02,0.062883,0.062883,0.062883,0.062883
JPYNOK,1993-06-03,0.063238,0.063238,0.063238,0.063238
JPYNOK,1993-06-04,0.063973,0.063973,0.063973,0.063973
JPYNOK,1993-06-07,0.063966,0.063966,0.063966,0.063966
JPYNOK,1993-06-08,0.064684,0.064684,0.064684,0.064684
JPYNOK,1993-06-09,0.06494,0.06494,0.06494,0.06494
JPYNOK,1993-06-10,0.065135,0.065135,0.065135,0.065135
JPYNOK,1993-06-11,0.064663,0.064663,0.064663,0.064663
JPYNOK,1993-06-14,0.065289,0.065289,0.065289,0.065289
JPYNOK,1993-06-15,0.065622,0.065622,0.065622,0.065622
JPYNOK,1993-06-16,0.065698,0.065698,0.065698,0.065698
JPYNOK,1993-06-17,0.065519,0.065519,0.065519,0.065519
JPYNOK,1993-06-18,0.064831,0.064831,0.064831,0.064831
JPYNOK,1993-06-21,0.064257,0.064257,0.064257,0.064257
JPYNOK,1993-06-22,0.06428,0.06428,0.06428,0.06428
JPYNOK,1993-06-23,0.06533,0.06533,0.06533,0.06533
JPYNOK,1993-06-24,0.066251,0.066251,0.066251,0.066251
JPYNOK,1993-06-25,0.067616,0.067616,0.067616,0.067616
JPYNOK,1993-06-28,0.067696,0.067696,0.067696,0.067696
JPYNOK,1993-06-29,0.066776,0.066776,0.066776,0.066776
JPYNOK,1993-06-30,0.067526,0.067526,0.067526,0.067526
JPYNOK,1993-07-01,0.066411,0.066411,0.066411,0.066411
JPYNOK,1993-07-02,0.066126,0.066126,0.066126,0.066126
JPYNOK,1993-07-05,0.066009,0.066009,0.066009,0.066009
JPYNOK,1993-07-06,0.066666,0.066666,0.066666,0.066666
JPYNOK,1993-07-07,0.067059,0.067059,0.067059,0.067059
JPYNOK,1993-07-08,0.066759,0.066759,0.066759,0.066759
JPYNOK,1993-07-09,0.066745,0.066745,0.066745,0.066745
JPYNOK,1993-07-12,0.067302,0.067302,0.067302,0.067302
JPYNOK,1993-07-13,0.067583,0.067583,0.067583,0.067583
JPYNOK,1993-07-14,0.068089,0.068089,0.068089,0.068089
JPYNOK,1993-07-15,0.06787,0.06787,0.06787,0.06787
JPYNOK,1993-07-16,0.068143,0.068143,0.068143,0.068143
JPYNOK,1993-07-19,0.066968,0.066968,0.066968,0.066968
JPYNOK,1993-07-20,0.067432,0.067432,0.067432,0.067432
JPYNOK,1993-07-21,0.067062,0.067062,0.067062,0.067062
JPYNOK,1993-07-22,0.068657,0.068657,0.068657,0.068657
JPYNOK,1993-07-23,0.068708,0.068708,0.068708,0.068708
JPYNOK,1993-07-26,0.068688,0.068688,0.068688,0.068688
JPYNOK,1993-07-27,0.069287,0.069287,0.069287,0.069287
JPYNOK,1993-07-28,0.069817,0.069817,0.069817,0.069817
JPYNOK,1993-07-29,0.069938,0.069938,0.069938,0.069938
JPYNOK,1993-07-30,0.071061,0.071061,0.071061,0.071061
JPYNOK,1993-08-02,0.071197,0.071197,0.071197,0.071197
JPYNOK,1993-08-03,0.070727,0.070727,0.070727,0.070727
JPYNOK,1993-08-04,0.070434,0.070434,0.070434,0.070434
JPYNOK,1993-08-05,0.07105,0.07105,0.07105,0.07105
JPYNOK,1993-08-06,0.070429,0.070429,0.070429,0.070429
JPYNOK,1993-08-09,0.070315,0.070315,0.070315,0.070315
JPYNOK,1993-08-10,0.07102,0.07102,0.07102,0.07102
JPYNOK,1993-08-11,0.071983,0.071983,0.071983,0.071983
JPYNOK,1993-08-12,0.072568,0.072568,0.072568,0.072568
JPYNOK,1993-08-13,0.073154,0.073154,0.073154,0.073154
JPYNOK,1993-08-16,0.07268,0.07268,0.07268,0.07268
JPYNOK,1993-08-17,0.072504,0.072504,0.072504,0.072504
JPYNOK,1993-08-18,0.072026,0.072026,0.072026,0.072026
JPYNOK,1993-08-19,0.070122,0.070122,0.070122,0.070122
JPYNOK,1993-08-20,0.069294,0.069294,0.069294,0.069294
JPYNOK,1993-08-23,0.070884,0.070884,0.070884,0.070884
JPYNOK,1993-08-24,0.070354,0.070354,0.070354,0.070354
JPYNOK,1993-08-25,0.069844,0.069844,0.069844,0.069844
JPYNOK,1993-08-26,0.069589,0.069589,0.069589,0.069589
JPYNOK,1993-08-27,0.069773,0.069773,0.069773,0.069773
JPYNOK,1993-08-30,0.07007,0.07007,0.07007,0.07007
JPYNOK,1993-08-31,0.069609,0.069609,0.069609,0.069609
JPYNOK,1993-09-01,0.068417,0.068417,0.068417,0.068417
JPYNOK,1993-09-02,0.067949,0.067949,0.067949,0.067949
JPYNOK,1993-09-03,0.067632,0.067632,0.067632,0.067632
JPYNOK,1993-09-07,0.067482,0.067482,0.067482,0.067482
JPYNOK,1993-09-08,0.067043,0.067043,0.067043,0.067043
JPYNOK,1993-09-09,0.066683,0.066683,0.066683,0.066683
JPYNOK,1993-09-10,0.065661,0.065661,0.065661,0.065661
JPYNOK,1993-09-13,0.065853,0.065853,0.065853,0.065853
JPYNOK,1993-09-14,0.065982,0.065982,0.065982,0.065982
JPYNOK,1993-09-15,0.065238,0.065238,0.065238,0.065238
JPYNOK,1993-09-16,0.067081,0.067081,0.067081,0.067081
JPYNOK,1993-09-17,0.067198,0.067198,0.067198,0.067198
JPYNOK,1993-09-20,0.067447,0.067447,0.067447,0.067447
JPYNOK,1993-09-21,0.066524,0.066524,0.066524,0.066524
JPYNOK,1993-09-22,0.066722,0.066722,0.066722,0.066722
JPYNOK,1993-09-23,0.067552,0.067552,0.067552,0.067552
JPYNOK,1993-09-24,0.067812,0.067812,0.067812,0.067812
JPYNOK,1993-09-27,0.067241,0.067241,0.067241,0.067241
JPYNOK,1993-09-28,0.06738,0.06738,0.06738,0.06738
JPYNOK,1993-09-29,0.067285,0.067285,0.067285,0.067285
JPYNOK,1993-09-30,0.067486,0.067486,0.067486,0.067486
JPYNOK,1993-10-01,0.067214,0.067214,0.067214,0.067214
JPYNOK,1993-10-04,0.067107,0.067107,0.067107,0.067107
JPYNOK,1993-10-05,0.067235,0.067235,0.067235,0.067235
JPYNOK,1993-10-06,0.067143,0.067143,0.067143,0.067143
JPYNOK,1993-10-07,0.067485,0.067485,0.067485,0.067485
JPYNOK,1993-10-08,0.066565,0.066565,0.066565,0.066565
JPYNOK,1993-10-12,0.066003,0.066003,0.066003,0.066003
JPYNOK,1993-10-13,0.066423,0.066423,0.066423,0.066423
JPYNOK,1993-10-14,0.066041,0.066041,0.066041,0.066041
JPYNOK,1993-10-15,0.066314,0.066314,0.066314,0.066314
JPYNOK,1993-10-18,0.066428,0.066428,0.066428,0.066428
JPYNOK,1993-10-19,0.067014,0.067014,0.067014,0.067014
JPYNOK,1993-10-20,0.067135,0.067135,0.067135,0.067135
JPYNOK,1993-10-21,0.06705,0.06705,0.06705,0.06705
JPYNOK,1993-10-22,0.067412,0.067412,0.067412,0.067412
JPYNOK,1993-10-25,0.067187,0.067187,0.067187,0.067187
JPYNOK,1993-10-26,0.067777,0.067777,0.067777,0.067777
JPYNOK,1993-10-27,0.06767,0.06767,0.06767,0.06767
JPYNOK,1993-10-28,0.067782,0.067782,0.067782,0.067782
JPYNOK,1993-10-29,0.067494,0.067494,0.067494,0.067494
JPYNOK,1993-11-01,0.068182,0.068182,0.068182,0.068182
JPYNOK,1993-11-02,0.06855,0.06855,0.06855,0.06855
JPYNOK,1993-11-03,0.068595,0.068595,0.068595,0.068595
JPYNOK,1993-11-04,0.068054,0.068054,0.068054,0.068054
JPYNOK,1993-11-05,0.067834,0.067834,0.067834,0.067834
JPYNOK,1993-11-08,0.067716,0.067716,0.067716,0.067716
JPYNOK,1993-11-09,0.068151,0.068151,0.068151,0.068151
JPYNOK,1993-11-10,0.068869,0.068869,0.068869,0.068869
JPYNOK,1993-11-12,0.069259,0.069259,0.069259,0.069259
JPYNOK,1993-11-15,0.068944,0.068944,0.068944,0.068944
JPYNOK,1993-11-16,0.069202,0.069202,0.069202,0.069202
JPYNOK,1993-11-17,0.069137,0.069137,0.069137,0.069137
JPYNOK,1993-11-18,0.069307,0.069307,0.069307,0.069307
JPYNOK,1993-11-19,0.068721,0.068721,0.068721,0.068721
JPYNOK,1993-11-22,0.068558,0.068558,0.068558,0.068558
JPYNOK,1993-11-23,0.068251,0.068251,0.068251,0.068251
JPYNOK,1993-11-24,0.068373,0.068373,0.068373,0.068373
JPYNOK,1993-11-25,0.068504,0.068504,0.068504,0.068504
JPYNOK,1993-11-26,0.068342,0.068342,0.068342,0.068342
JPYNOK,1993-11-29,0.067944,0.067944,0.067944,0.067944
JPYNOK,1993-11-30,0.0684,0.0684,0.0684,0.0684
JPYNOK,1993-12-01,0.068665,0.068665,0.068665,0.068665
JPYNOK,1993-12-02,0.068725,0.068725,0.068725,0.068725
JPYNOK,1993-12-03,0.068872,0.068872,0.068872,0.068872
JPYNOK,1993-12-06,0.068303,0.068303,0.068303,0.068303
JPYNOK,1993-12-07,0.068774,0.068774,0.068774,0.068774
JPYNOK,1993-12-08,0.068046,0.068046,0.068046,0.068046
JPYNOK,1993-12-09,0.068177,0.068177,0.068177,0.068177
JPYNOK,1993-12-10,0.067536,0.067536,0.067536,0.067536
JPYNOK,1993-12-13,0.067968,0.067968,0.067968,0.067968
JPYNOK,1993-12-14,0.068026,0.068026,0.068026,0.068026
JPYNOK,1993-12-15,0.067971,0.067971,0.067971,0.067971
JPYNOK,1993-12-16,0.067627,0.067627,0.067627,0.067627
JPYNOK,1993-12-17,0.067222,0.067222,0.067222,0.067222
JPYNOK,1993-12-20,0.067164,0.067164,0.067164,0.067164
JPYNOK,1993-12-21,0.066718,0.066718,0.066718,0.066718
JPYNOK,1993-12-22,0.066761,0.066761,0.066761,0.066761
JPYNOK,1993-12-23,0.066502,0.066502,0.066502,0.066502
JPYNOK,1993-12-24,0.066408,0.066408,0.066408,0.066408
JPYNOK,1993-12-27,0.066132,0.066132,0.066132,0.066132
JPYNOK,1993-12-28,0.066281,0.066281,0.066281,0.066281
JPYNOK,1993-12-29,0.066798,0.066798,0.066798,0.066798
JPYNOK,1993-12-30,0.067009,0.067009,0.067009,0.067009
JPYNOK,1993-12-31,0.067463,0.067463,0.067463,0.067463
JPYNOK,1994-01-03,0.067051,0.067051,0.067051,0.067051
JPYNOK,1994-01-04,0.066725,0.066725,0.066725,0.066725
JPYNOK,1994-01-05,0.066269,0.066269,0.066269,0.066269
JPYNOK,1994-01-06,0.066552,0.066552,0.066552,0.066552
JPYNOK,1994-01-07,0.066795,0.066795,0.066795,0.066795
JPYNOK,1994-01-10,0.066628,0.066628,0.066628,0.066628
JPYNOK,1994-01-11,0.066951,0.066951,0.066951,0.066951
JPYNOK,1994-01-12,0.066741,0.066741,0.066741,0.066741
JPYNOK,1994-01-13,0.067489,0.067489,0.067489,0.067489
JPYNOK,1994-01-14,0.067824,0.067824,0.067824,0.067824
JPYNOK,1994-01-17,0.067812,0.067812,0.067812,0.067812
JPYNOK,1994-01-18,0.067786,0.067786,0.067786,0.067786
JPYNOK,1994-01-19,0.067793,0.067793,0.067793,0.067793
JPYNOK,1994-01-20,0.067064,0.067064,0.067064,0.067064
JPYNOK,1994-01-21,0.067602,0.067602,0.067602,0.067602
JPYNOK,1994-01-24,0.067337,0.067337,0.067337,0.067337
JPYNOK,1994-01-25,0.067791,0.067791,0.067791,0.067791
JPYNOK,1994-01-26,0.068099,0.068099,0.068099,0.068099
JPYNOK,1994-01-27,0.06848,0.06848,0.06848,0.06848
JPYNOK,1994-01-28,0.068092,0.068092,0.068092,0.068092
JPYNOK,1994-01-31,0.068748,0.068748,0.068748,0.068748
JPYNOK,1994-02-01,0.068849,0.068849,0.068849,0.068849
JPYNOK,1994-02-02,0.068972,0.068972,0.068972,0.068972
JPYNOK,1994-02-03,0.069051,0.069051,0.069051,0.069051
JPYNOK,1994-02-04,0.068866,0.068866,0.068866,0.068866
JPYNOK,1994-02-07,0.069597,0.069597,0.069597,0.069597
JPYNOK,1994-02-08,0.069657,0.069657,0.069657,0.069657
JPYNOK,1994-02-09,0.070117,0.070117,0.070117,0.070117
JPYNOK,1994-02-10,0.069845,0.069845,0.069845,0.069845
JPYNOK,1994-02-11,0.070256,0.070256,0.070256,0.070256
JPYNOK,1994-02-14,0.072022,0.072022,0.072022,0.072022
JPYNOK,1994-02-15,0.071814,0.071814,0.071814,0.071814
JPYNOK,1994-02-16,0.071778,0.071778,0.071778,0.071778
JPYNOK,1994-02-17,0.071696,0.071696,0.071696,0.071696
JPYNOK,1994-02-18,0.071425,0.071425,0.071425,0.071425
JPYNOK,1994-02-21,0.070466,0.070466,0.070466,0.070466
JPYNOK,1994-02-22,0.070788,0.070788,0.070788,0.070788
JPYNOK,1994-02-23,0.070663,0.070663,0.070663,0.070663
JPYNOK,1994-02-24,0.071183,0.071183,0.071183,0.071183
JPYNOK,1994-02-25,0.070777,0.070777,0.070777,0.070777
JPYNOK,1994-02-28,0.070853,0.070853,0.070853,0.070853
JPYNOK,1994-03-01,0.070928,0.070928,0.070928,0.070928
JPYNOK,1994-03-02,0.071348,0.071348,0.071348,0.071348
JPYNOK,1994-03-03,0.0714,0.0714,0.0714,0.0714
JPYNOK,1994-03-04,0.070372,0.070372,0.070372,0.070372
JPYNOK,1994-03-07,0.070354,0.070354,0.070354,0.070354
JPYNOK,1994-03-08,0.070628,0.070628,0.070628,0.070628
JPYNOK,1994-03-09,0.069973,0.069973,0.069973,0.069973
JPYNOK,1994-03-10,0.069307,0.069307,0.069307,0.069307
JPYNOK,1994-03-11,0.069269,0.069269,0.069269,0.069269
JPYNOK,1994-03-14,0.069123,0.069123,0.069123,0.069123
JPYNOK,1994-03-15,0.06923,0.06923,0.06923,0.06923
JPYNOK,1994-03-16,0.069154,0.069154,0.069154,0.069154
JPYNOK,1994-03-17,0.069109,0.069109,0.069109,0.069109
JPYNOK,1994-03-18,0.069166,0.069166,0.069166,0.069166
JPYNOK,1994-03-21,0.069368,0.069368,0.069368,0.069368
JPYNOK,1994-03-22,0.069263,0.069263,0.069263,0.069263
JPYNOK,1994-03-23,0.068793,0.068793,0.068793,0.068793
JPYNOK,1994-03-24,0.068851,0.068851,0.068851,0.068851
JPYNOK,1994-03-25,0.069254,0.069254,0.069254,0.069254
JPYNOK,1994-03-28,0.069892,0.069892,0.069892,0.069892
JPYNOK,1994-03-29,0.070535,0.070535,0.070535,0.070535
JPYNOK,1994-03-30,0.070758,0.070758,0.070758,0.070758
JPYNOK,1994-03-31,0.070808,0.070808,0.070808,0.070808
JPYNOK,1994-04-01,0.071015,0.071015,0.071015,0.071015
JPYNOK,1994-04-04,0.071445,0.071445,0.071445,0.071445
JPYNOK,1994-04-05,0.071554,0.071554,0.071554,0.071554
JPYNOK,1994-04-06,0.071195,0.071195,0.071195,0.071195
JPYNOK,1994-04-07,0.071015,0.071015,0.071015,0.071015
JPYNOK,1994-04-08,0.070509,0.070509,0.070509,0.070509
JPYNOK,1994-04-11,0.071646,0.071646,0.071646,0.071646
JPYNOK,1994-04-12,0.071787,0.071787,0.071787,0.071787
JPYNOK,1994-04-13,0.071586,0.071586,0.071586,0.071586
JPYNOK,1994-04-14,0.071197,0.071197,0.071197,0.071197
JPYNOK,1994-04-15,0.071652,0.071652,0.071652,0.071652
JPYNOK,1994-04-18,0.072142,0.072142,0.072142,0.072142
JPYNOK,1994-04-19,0.071507,0.071507,0.071507,0.071507
JPYNOK,1994-04-20,0.071309,0.071309,0.071309,0.071309
JPYNOK,1994-04-21,0.070779,0.070779,0.070779,0.070779
JPYNOK,1994-04-22,0.070861,0.070861,0.070861,0.070861
JPYNOK,1994-04-25,0.070643,0.070643,0.070643,0.070643
JPYNOK,1994-04-26,0.070807,0.070807,0.070807,0.070807
JPYNOK,1994-04-27,0.070918,0.070918,0.070918,0.070918
JPYNOK,1994-04-28,0.071084,0.071084,0.071084,0.071084
JPYNOK,1994-04-29,0.070555,0.070555,0.070555,0.070555
JPYNOK,1994-05-02,0.070161,0.070161,0.070161,0.070161
JPYNOK,1994-05-03,0.070331,0.070331,0.070331,0.070331
JPYNOK,1994-05-04,0.070598,0.070598,0.070598,0.070598
JPYNOK,1994-05-05,0.070465,0.070465,0.070465,0.070465
JPYNOK,1994-05-06,0.070261,0.070261,0.070261,0.070261
JPYNOK,1994-05-09,0.069835,0.069835,0.069835,0.069835
JPYNOK,1994-05-10,0.069627,0.069627,0.069627,0.069627
JPYNOK,1994-05-11,0.069437,0.069437,0.069437,0.069437
JPYNOK,1994-05-12,0.069334,0.069334,0.069334,0.069334
JPYNOK,1994-05-13,0.068941,0.068941,0.068941,0.068941
JPYNOK,1994-05-16,0.069287,0.069287,0.069287,0.069287
JPYNOK,1994-05-17,0.069211,0.069211,0.069211,0.069211
JPYNOK,1994-05-18,0.069325,0.069325,0.069325,0.069325
JPYNOK,1994-05-19,0.068768,0.068768,0.068768,0.068768
JPYNOK,1994-05-20,0.068562,0.068562,0.068562,0.068562
JPYNOK,1994-05-23,0.068244,0.068244,0.068244,0.068244
JPYNOK,1994-05-24,0.06821,0.06821,0.06821,0.06821
JPYNOK,1994-05-25,0.068213,0.068213,0.068213,0.068213
JPYNOK,1994-05-26,0.068107,0.068107,0.068107,0.068107
JPYNOK,1994-05-27,0.06831,0.06831,0.06831,0.06831
JPYNOK,1994-05-30,0.068225,0.068225,0.068225,0.068225
JPYNOK,1994-05-31,0.068111,0.068111,0.068111,0.068111
JPYNOK,1994-06-01,0.068093,0.068093,0.068093,0.068093
JPYNOK,1994-06-02,0.068286,0.068286,0.068286,0.068286
JPYNOK,1994-06-03,0.068597,0.068597,0.068597,0.068597
JPYNOK,1994-06-06,0.068668,0.068668,0.068668,0.068668
JPYNOK,1994-06-07,0.068843,0.068843,0.068843,0.068843
JPYNOK,1994-06-08,0.069543,0.069543,0.069543,0.069543
JPYNOK,1994-06-09,0.069358,0.069358,0.069358,0.069358
JPYNOK,1994-06-10,0.069515,0.069515,0.069515,0.069515
JPYNOK,1994-06-13,0.06937,0.06937,0.06937,0.06937
JPYNOK,1994-06-14,0.06952,0.06952,0.06952,0.06952
JPYNOK,1994-06-15,0.06914,0.06914,0.06914,0.06914
JPYNOK,1994-06-16,0.068673,0.068673,0.068673,0.068673
JPYNOK,1994-06-17,0.068641,0.068641,0.068641,0.068641
JPYNOK,1994-06-20,0.0683,0.0683,0.0683,0.0683
JPYNOK,1994-06-21,0.068723,0.068723,0.068723,0.068723
JPYNOK,1994-06-22,0.069108,0.069108,0.069108,0.069108
JPYNOK,1994-06-23,0.068933,0.068933,0.068933,0.068933
JPYNOK,1994-06-24,0.069013,0.069013,0.069013,0.069013
JPYNOK,1994-06-27,0.068681,0.068681,0.068681,0.068681
JPYNOK,1994-06-28,0.068951,0.068951,0.068951,0.068951
JPYNOK,1994-06-29,0.069982,0.069982,0.069982,0.069982
JPYNOK,1994-06-30,0.070572,0.070572,0.070572,0.070572
JPYNOK,1994-07-01,0.070639,0.070639,0.070639,0.070639
JPYNOK,1994-07-04,0.070547,0.070547,0.070547,0.070547
JPYNOK,1994-07-05,0.070094,0.070094,0.070094,0.070094
JPYNOK,1994-07-06,0.070081,0.070081,0.070081,0.070081
JPYNOK,1994-07-07,0.069846,0.069846,0.069846,0.069846
JPYNOK,1994-07-08,0.070099,0.070099,0.070099,0.070099
JPYNOK,1994-07-11,0.069238,0.069238,0.069238,0.069238
JPYNOK,1994-07-12,0.068952,0.068952,0.068952,0.068952
JPYNOK,1994-07-13,0.068724,0.068724,0.068724,0.068724
JPYNOK,1994-07-14,0.068895,0.068895,0.068895,0.068895
JPYNOK,1994-07-15,0.069313,0.069313,0.069313,0.069313
JPYNOK,1994-07-18,0.068748,0.068748,0.068748,0.068748
JPYNOK,1994-07-19,0.069097,0.069097,0.069097,0.069097
JPYNOK,1994-07-20,0.069235,0.069235,0.069235,0.069235
JPYNOK,1994-07-21,0.069795,0.069795,0.069795,0.069795
JPYNOK,1994-07-22,0.070353,0.070353,0.070353,0.070353
JPYNOK,1994-07-25,0.07005,0.07005,0.07005,0.07005
JPYNOK,1994-07-26,0.070468,0.070468,0.070468,0.070468
JPYNOK,1994-07-27,0.070002,0.070002,0.070002,0.070002
JPYNOK,1994-07-28,0.069546,0.069546,0.069546,0.069546
JPYNOK,1994-07-29,0.069181,0.069181,0.069181,0.069181
JPYNOK,1994-08-01,0.069346,0.069346,0.069346,0.069346
JPYNOK,1994-08-02,0.068716,0.068716,0.068716,0.068716
JPYNOK,1994-08-03,0.068771,0.068771,0.068771,0.068771
JPYNOK,1994-08-04,0.068972,0.068972,0.068972,0.068972
JPYNOK,1994-08-05,0.068825,0.068825,0.068825,0.068825
JPYNOK,1994-08-08,0.068089,0.068089,0.068089,0.068089
JPYNOK,1994-08-09,0.068341,0.068341,0.068341,0.068341
JPYNOK,1994-08-10,0.068168,0.068168,0.068168,0.068168
JPYNOK,1994-08-11,0.068625,0.068625,0.068625,0.068625
JPYNOK,1994-08-12,0.068423,0.068423,0.068423,0.068423
JPYNOK,1994-08-15,0.068166,0.068166,0.068166,0.068166
JPYNOK,1994-08-16,0.068101,0.068101,0.068101,0.068101
JPYNOK,1994-08-17,0.068275,0.068275,0.068275,0.068275
JPYNOK,1994-08-18,0.068822,0.068822,0.068822,0.068822
JPYNOK,1994-08-19,0.068632,0.068632,0.068632,0.068632
JPYNOK,1994-08-22,0.068691,0.068691,0.068691,0.068691
JPYNOK,1994-08-23,0.0687,0.0687,0.0687,0.0687
JPYNOK,1994-08-24,0.06877,0.06877,0.06877,0.06877
JPYNOK,1994-08-25,0.06822,0.06822,0.06822,0.06822
JPYNOK,1994-08-26,0.068538,0.068538,0.068538,0.068538
JPYNOK,1994-08-29,0.069268,0.069268,0.069268,0.069268
JPYNOK,1994-08-30,0.069481,0.069481,0.069481,0.069481
JPYNOK,1994-08-31,0.069309,0.069309,0.069309,0.069309
JPYNOK,1994-09-01,0.069305,0.069305,0.069305,0.069305
JPYNOK,1994-09-02,0.068899,0.068899,0.068899,0.068899
JPYNOK,1994-09-06,0.068767,0.068767,0.068767,0.068767
JPYNOK,1994-09-07,0.068743,0.068743,0.068743,0.068743
JPYNOK,1994-09-08,0.068866,0.068866,0.068866,0.068866
JPYNOK,1994-09-09,0.068236,0.068236,0.068236,0.068236
JPYNOK,1994-09-12,0.068486,0.068486,0.068486,0.068486
JPYNOK,1994-09-13,0.06862,0.06862,0.06862,0.06862
JPYNOK,1994-09-14,0.068214,0.068214,0.068214,0.068214
JPYNOK,1994-09-15,0.068285,0.068285,0.068285,0.068285
JPYNOK,1994-09-16,0.068173,0.068173,0.068173,0.068173
JPYNOK,1994-09-19,0.068977,0.068977,0.068977,0.068977
JPYNOK,1994-09-20,0.069654,0.069654,0.069654,0.069654
JPYNOK,1994-09-21,0.069276,0.069276,0.069276,0.069276
JPYNOK,1994-09-22,0.069194,0.069194,0.069194,0.069194
JPYNOK,1994-09-23,0.069318,0.069318,0.069318,0.069318
JPYNOK,1994-09-26,0.069023,0.069023,0.069023,0.069023
JPYNOK,1994-09-27,0.068966,0.068966,0.068966,0.068966
JPYNOK,1994-09-28,0.068656,0.068656,0.068656,0.068656
JPYNOK,1994-09-29,0.068701,0.068701,0.068701,0.068701
JPYNOK,1994-09-30,0.06852,0.06852,0.06852,0.06852
JPYNOK,1994-10-03,0.068109,0.068109,0.068109,0.068109
JPYNOK,1994-10-04,0.067793,0.067793,0.067793,0.067793
JPYNOK,1994-10-05,0.067681,0.067681,0.067681,0.067681
JPYNOK,1994-10-06,0.067431,0.067431,0.067431,0.067431
JPYNOK,1994-10-07,0.066916,0.066916,0.066916,0.066916
JPYNOK,1994-10-11,0.067134,0.067134,0.067134,0.067134
JPYNOK,1994-10-12,0.067345,0.067345,0.067345,0.067345
JPYNOK,1994-10-13,0.067335,0.067335,0.067335,0.067335
JPYNOK,1994-10-14,0.06735,0.06735,0.06735,0.06735
JPYNOK,1994-10-17,0.066969,0.066969,0.066969,0.066969
JPYNOK,1994-10-18,0.066924,0.066924,0.066924,0.066924
JPYNOK,1994-10-19,0.067263,0.067263,0.067263,0.067263
JPYNOK,1994-10-20,0.067195,0.067195,0.067195,0.067195
JPYNOK,1994-10-21,0.067067,0.067067,0.067067,0.067067
JPYNOK,1994-10-24,0.066998,0.066998,0.066998,0.066998
JPYNOK,1994-10-25,0.067035,0.067035,0.067035,0.067035
JPYNOK,1994-10-26,0.067039,0.067039,0.067039,0.067039
JPYNOK,1994-10-27,0.067151,0.067151,0.067151,0.067151
JPYNOK,1994-10-28,0.067422,0.067422,0.067422,0.067422
JPYNOK,1994-10-31,0.067478,0.067478,0.067478,0.067478
JPYNOK,1994-11-01,0.067405,0.067405,0.067405,0.067405
JPYNOK,1994-11-02,0.06765,0.06765,0.06765,0.06765
JPYNOK,1994-11-03,0.067761,0.067761,0.067761,0.067761
JPYNOK,1994-11-04,0.06802,0.06802,0.06802,0.06802
JPYNOK,1994-11-07,0.068017,0.068017,0.068017,0.068017
JPYNOK,1994-11-08,0.067928,0.067928,0.067928,0.067928
JPYNOK,1994-11-09,0.068281,0.068281,0.068281,0.068281
JPYNOK,1994-11-10,0.068557,0.068557,0.068557,0.068557
JPYNOK,1994-11-14,0.068562,0.068562,0.068562,0.068562
JPYNOK,1994-11-15,0.068883,0.068883,0.068883,0.068883
JPYNOK,1994-11-16,0.069053,0.069053,0.069053,0.069053
JPYNOK,1994-11-17,0.068975,0.068975,0.068975,0.068975
JPYNOK,1994-11-18,0.069206,0.069206,0.069206,0.069206
JPYNOK,1994-11-21,0.069432,0.069432,0.069432,0.069432
JPYNOK,1994-11-22,0.069371,0.069371,0.069371,0.069371
JPYNOK,1994-11-23,0.069102,0.069102,0.069102,0.069102
JPYNOK,1994-11-24,0.069348,0.069348,0.069348,0.069348
JPYNOK,1994-11-25,0.069164,0.069164,0.069164,0.069164
JPYNOK,1994-11-28,0.069276,0.069276,0.069276,0.069276
JPYNOK,1994-11-29,0.068944,0.068944,0.068944,0.068944
JPYNOK,1994-11-30,0.068917,0.068917,0.068917,0.068917
JPYNOK,1994-12-01,0.068887,0.068887,0.068887,0.068887
JPYNOK,1994-12-02,0.068351,0.068351,0.068351,0.068351
JPYNOK,1994-12-05,0.068242,0.068242,0.068242,0.068242
JPYNOK,1994-12-06,0.068351,0.068351,0.068351,0.068351
JPYNOK,1994-12-07,0.068451,0.068451,0.068451,0.068451
JPYNOK,1994-12-08,0.068422,0.068422,0.068422,0.068422
JPYNOK,1994-12-09,0.068585,0.068585,0.068585,0.068585
JPYNOK,1994-12-12,0.068648,0.068648,0.068648,0.068648
JPYNOK,1994-12-13,0.068431,0.068431,0.068431,0.068431
JPYNOK,1994-12-14,0.068366,0.068366,0.068366,0.068366
JPYNOK,1994-12-15,0.068378,0.068378,0.068378,0.068378
JPYNOK,1994-12-16,0.068432,0.068432,0.068432,0.068432
JPYNOK,1994-12-19,0.068568,0.068568,0.068568,0.068568
JPYNOK,1994-12-20,0.068485,0.068485,0.068485,0.068485
JPYNOK,1994-12-21,0.068434,0.068434,0.068434,0.068434
JPYNOK,1994-12-22,0.068621,0.068621,0.068621,0.068621
JPYNOK,1994-12-23,0.068814,0.068814,0.068814,0.068814
JPYNOK,1994-12-27,0.068498,0.068498,0.068498,0.068498
JPYNOK,1994-12-28,0.068328,0.068328,0.068328,0.068328
JPYNOK,1994-12-29,0.067938,0.067938,0.067938,0.067938
JPYNOK,1994-12-30,0.067904,0.067904,0.067904,0.067904
JPYNOK,1995-01-03,0.067521,0.067521,0.067521,0.067521
JPYNOK,1995-01-04,0.067134,0.067134,0.067134,0.067134
JPYNOK,1995-01-05,0.067103,0.067103,0.067103,0.067103
JPYNOK,1995-01-06,0.067184,0.067184,0.067184,0.067184
JPYNOK,1995-01-09,0.067195,0.067195,0.067195,0.067195
JPYNOK,1995-01-10,0.067271,0.067271,0.067271,0.067271
JPYNOK,1995-01-11,0.06735,0.06735,0.06735,0.06735
JPYNOK,1995-01-12,0.067829,0.067829,0.067829,0.067829
JPYNOK,1995-01-13,0.068063,0.068063,0.068063,0.068063
JPYNOK,1995-01-16,0.067928,0.067928,0.067928,0.067928
JPYNOK,1995-01-17,0.067574,0.067574,0.067574,0.067574
JPYNOK,1995-01-18,0.067278,0.067278,0.067278,0.067278
JPYNOK,1995-01-19,0.066945,0.066945,0.066945,0.066945
JPYNOK,1995-01-20,0.066616,0.066616,0.066616,0.066616
JPYNOK,1995-01-23,0.066387,0.066387,0.066387,0.066387
JPYNOK,1995-01-24,0.066385,0.066385,0.066385,0.066385
JPYNOK,1995-01-25,0.066558,0.066558,0.066558,0.066558
JPYNOK,1995-01-26,0.066746,0.066746,0.066746,0.066746
JPYNOK,1995-01-27,0.066866,0.066866,0.066866,0.066866
JPYNOK,1995-01-30,0.067082,0.067082,0.067082,0.067082
JPYNOK,1995-01-31,0.067105,0.067105,0.067105,0.067105
JPYNOK,1995-02-01,0.067171,0.067171,0.067171,0.067171
JPYNOK,1995-02-02,0.066857,0.066857,0.066857,0.066857
JPYNOK,1995-02-03,0.066997,0.066997,0.066997,0.066997
JPYNOK,1995-02-06,0.067481,0.067481,0.067481,0.067481
JPYNOK,1995-02-07,0.067631,0.067631,0.067631,0.067631
JPYNOK,1995-02-08,0.067791,0.067791,0.067791,0.067791
JPYNOK,1995-02-09,0.067635,0.067635,0.067635,0.067635
JPYNOK,1995-02-10,0.067329,0.067329,0.067329,0.067329
JPYNOK,1995-02-13,0.067555,0.067555,0.067555,0.067555
JPYNOK,1995-02-14,0.067184,0.067184,0.067184,0.067184
JPYNOK,1995-02-15,0.067149,0.067149,0.067149,0.067149
JPYNOK,1995-02-16,0.067066,0.067066,0.067066,0.067066
JPYNOK,1995-02-17,0.067011,0.067011,0.067011,0.067011
JPYNOK,1995-02-20,0.066698,0.066698,0.066698,0.066698
JPYNOK,1995-02-21,0.066805,0.066805,0.066805,0.066805
JPYNOK,1995-02-22,0.066696,0.066696,0.066696,0.066696
JPYNOK,1995-02-23,0.06685,0.06685,0.06685,0.06685
JPYNOK,1995-02-24,0.066729,0.066729,0.066729,0.066729
JPYNOK,1995-02-27,0.066793,0.066793,0.066793,0.066793
JPYNOK,1995-02-28,0.066802,0.066802,0.066802,0.066802
JPYNOK,1995-03-01,0.066807,0.066807,0.066807,0.066807
JPYNOK,1995-03-02,0.067325,0.067325,0.067325,0.067325
JPYNOK,1995-03-03,0.067287,0.067287,0.067287,0.067287
JPYNOK,1995-03-06,0.067385,0.067385,0.067385,0.067385
JPYNOK,1995-03-07,0.067806,0.067806,0.067806,0.067806
JPYNOK,1995-03-08,0.068047,0.068047,0.068047,0.068047
JPYNOK,1995-03-09,0.068603,0.068603,0.068603,0.068603
JPYNOK,1995-03-10,0.069191,0.069191,0.069191,0.069191
JPYNOK,1995-03-13,0.069439,0.069439,0.069439,0.069439
JPYNOK,1995-03-14,0.069063,0.069063,0.069063,0.069063
JPYNOK,1995-03-15,0.069396,0.069396,0.069396,0.069396
JPYNOK,1995-03-16,0.069459,0.069459,0.069459,0.069459
JPYNOK,1995-03-17,0.069737,0.069737,0.069737,0.069737
JPYNOK,1995-03-20,0.070125,0.070125,0.070125,0.070125
JPYNOK,1995-03-21,0.070572,0.070572,0.070572,0.070572
JPYNOK,1995-03-22,0.070589,0.070589,0.070589,0.070589
JPYNOK,1995-03-23,0.071115,0.071115,0.071115,0.071115
JPYNOK,1995-03-24,0.071082,0.071082,0.071082,0.071082
JPYNOK,1995-03-27,0.070287,0.070287,0.070287,0.070287
JPYNOK,1995-03-28,0.069738,0.069738,0.069738,0.069738
JPYNOK,1995-03-29,0.070122,0.070122,0.070122,0.070122
JPYNOK,1995-03-30,0.070076,0.070076,0.070076,0.070076
JPYNOK,1995-03-31,0.071072,0.071072,0.071072,0.071072
JPYNOK,1995-04-03,0.07153,0.07153,0.07153,0.07153
JPYNOK,1995-04-04,0.071785,0.071785,0.071785,0.071785
JPYNOK,1995-04-05,0.07181,0.07181,0.07181,0.07181
JPYNOK,1995-04-06,0.072262,0.072262,0.072262,0.072262
JPYNOK,1995-04-07,0.073565,0.073565,0.073565,0.073565
JPYNOK,1995-04-10,0.075861,0.075861,0.075861,0.075861
JPYNOK,1995-04-11,0.074913,0.074913,0.074913,0.074913
JPYNOK,1995-04-12,0.074933,0.074933,0.074933,0.074933
JPYNOK,1995-04-13,0.074529,0.074529,0.074529,0.074529
JPYNOK,1995-04-14,0.074696,0.074696,0.074696,0.074696
JPYNOK,1995-04-17,0.074719,0.074719,0.074719,0.074719
JPYNOK,1995-04-18,0.075435,0.075435,0.075435,0.075435
JPYNOK,1995-04-19,0.075528,0.075528,0.075528,0.075528
JPYNOK,1995-04-20,0.074986,0.074986,0.074986,0.074986
JPYNOK,1995-04-21,0.074939,0.074939,0.074939,0.074939
JPYNOK,1995-04-24,0.074374,0.074374,0.074374,0.074374
JPYNOK,1995-04-25,0.075302,0.075302,0.075302,0.075302
JPYNOK,1995-04-26,0.074021,0.074021,0.074021,0.074021
JPYNOK,1995-04-27,0.074134,0.074134,0.074134,0.074134
JPYNOK,1995-04-28,0.074126,0.074126,0.074126,0.074126
JPYNOK,1995-05-01,0.074757,0.074757,0.074757,0.074757
JPYNOK,1995-05-02,0.074409,0.074409,0.074409,0.074409
JPYNOK,1995-05-03,0.074208,0.074208,0.074208,0.074208
JPYNOK,1995-05-04,0.07384,0.07384,0.07384,0.07384
JPYNOK,1995-05-05,0.073628,0.073628,0.073628,0.073628
JPYNOK,1995-05-08,0.074059,0.074059,0.074059,0.074059
JPYNOK,1995-05-09,0.074486,0.074486,0.074486,0.074486
JPYNOK,1995-05-10,0.074392,0.074392,0.074392,0.074392
JPYNOK,1995-05-11,0.073481,0.073481,0.073481,0.073481
JPYNOK,1995-05-12,0.074025,0.074025,0.074025,0.074025
JPYNOK,1995-05-15,0.073923,0.073923,0.073923,0.073923
JPYNOK,1995-05-16,0.073951,0.073951,0.073951,0.073951
JPYNOK,1995-05-17,0.073958,0.073958,0.073958,0.073958
JPYNOK,1995-05-18,0.074082,0.074082,0.074082,0.074082
JPYNOK,1995-05-19,0.073837,0.073837,0.073837,0.073837
JPYNOK,1995-05-22,0.073356,0.073356,0.073356,0.073356
JPYNOK,1995-05-23,0.073781,0.073781,0.073781,0.073781
JPYNOK,1995-05-24,0.073351,0.073351,0.073351,0.073351
JPYNOK,1995-05-25,0.073487,0.073487,0.073487,0.073487
JPYNOK,1995-05-26,0.074283,0.074283,0.074283,0.074283
JPYNOK,1995-05-29,0.074487,0.074487,0.074487,0.074487
JPYNOK,1995-05-30,0.07463,0.07463,0.07463,0.07463
JPYNOK,1995-05-31,0.074193,0.074193,0.074193,0.074193
JPYNOK,1995-06-01,0.074138,0.074138,0.074138,0.074138
JPYNOK,1995-06-02,0.07414,0.07414,0.07414,0.07414
JPYNOK,1995-06-05,0.073694,0.073694,0.073694,0.073694
JPYNOK,1995-06-06,0.074068,0.074068,0.074068,0.074068
JPYNOK,1995-06-07,0.074221,0.074221,0.074221,0.074221
JPYNOK,1995-06-08,0.07425,0.07425,0.07425,0.07425
JPYNOK,1995-06-09,0.07387,0.07387,0.07387,0.07387
JPYNOK,1995-06-12,0.074354,0.074354,0.074354,0.074354
JPYNOK,1995-06-13,0.074256,0.074256,0.074256,0.074256
JPYNOK,1995-06-14,0.073763,0.073763,0.073763,0.073763
JPYNOK,1995-06-15,0.074053,0.074053,0.074053,0.074053
JPYNOK,1995-06-16,0.073694,0.073694,0.073694,0.073694
JPYNOK,1995-06-19,0.073465,0.073465,0.073465,0.073465
JPYNOK,1995-06-20,0.073424,0.073424,0.073424,0.073424
JPYNOK,1995-06-21,0.073502,0.073502,0.073502,0.073502
JPYNOK,1995-06-22,0.073676,0.073676,0.073676,0.073676
JPYNOK,1995-06-23,0.073191,0.073191,0.073191,0.073191
JPYNOK,1995-06-26,0.073552,0.073552,0.073552,0.073552
JPYNOK,1995-06-27,0.073395,0.073395,0.073395,0.073395
JPYNOK,1995-06-28,0.072825,0.072825,0.072825,0.072825
JPYNOK,1995-06-29,0.072772,0.072772,0.072772,0.072772
JPYNOK,1995-06-30,0.07275,0.07275,0.07275,0.07275
JPYNOK,1995-07-03,0.0726,0.0726,0.0726,0.0726
JPYNOK,1995-07-04,0.072668,0.072668,0.072668,0.072668
JPYNOK,1995-07-05,0.07243,0.07243,0.07243,0.07243
JPYNOK,1995-07-06,0.072238,0.072238,0.072238,0.072238
JPYNOK,1995-07-07,0.071373,0.071373,0.071373,0.071373
JPYNOK,1995-07-10,0.071289,0.071289,0.071289,0.071289
JPYNOK,1995-07-11,0.071238,0.071238,0.071238,0.071238
JPYNOK,1995-07-12,0.071175,0.071175,0.071175,0.071175
JPYNOK,1995-07-13,0.070704,0.070704,0.070704,0.070704
JPYNOK,1995-07-14,0.070388,0.070388,0.070388,0.070388
JPYNOK,1995-07-17,0.069918,0.069918,0.069918,0.069918
JPYNOK,1995-07-18,0.06986,0.06986,0.06986,0.06986
JPYNOK,1995-07-19,0.070279,0.070279,0.070279,0.070279
JPYNOK,1995-07-20,0.070018,0.070018,0.070018,0.070018
JPYNOK,1995-07-21,0.069642,0.069642,0.069642,0.069642
JPYNOK,1995-07-24,0.070248,0.070248,0.070248,0.070248
JPYNOK,1995-07-25,0.070482,0.070482,0.070482,0.070482
JPYNOK,1995-07-26,0.069989,0.069989,0.069989,0.069989
JPYNOK,1995-07-27,0.069754,0.069754,0.069754,0.069754
JPYNOK,1995-07-28,0.069371,0.069371,0.069371,0.069371
JPYNOK,1995-07-31,0.069456,0.069456,0.069456,0.069456
JPYNOK,1995-08-01,0.069198,0.069198,0.069198,0.069198
JPYNOK,1995-08-02,0.067974,0.067974,0.067974,0.067974
JPYNOK,1995-08-03,0.067857,0.067857,0.067857,0.067857
JPYNOK,1995-08-04,0.067364,0.067364,0.067364,0.067364
JPYNOK,1995-08-07,0.067929,0.067929,0.067929,0.067929
JPYNOK,1995-08-08,0.067752,0.067752,0.067752,0.067752
JPYNOK,1995-08-09,0.067764,0.067764,0.067764,0.067764
JPYNOK,1995-08-10,0.067373,0.067373,0.067373,0.067373
JPYNOK,1995-08-11,0.06724,0.06724,0.06724,0.06724
JPYNOK,1995-08-14,0.067516,0.067516,0.067516,0.067516
JPYNOK,1995-08-15,0.066775,0.066775,0.066775,0.066775
JPYNOK,1995-08-16,0.065936,0.065936,0.065936,0.065936
JPYNOK,1995-08-17,0.065984,0.065984,0.065984,0.065984
JPYNOK,1995-08-18,0.066462,0.066462,0.066462,0.066462
JPYNOK,1995-08-21,0.066727,0.066727,0.066727,0.066727
JPYNOK,1995-08-22,0.066954,0.066954,0.066954,0.066954
JPYNOK,1995-08-23,0.066965,0.066965,0.066965,0.066965
JPYNOK,1995-08-24,0.066797,0.066797,0.066797,0.066797
JPYNOK,1995-08-25,0.066909,0.066909,0.066909,0.066909
JPYNOK,1995-08-28,0.066352,0.066352,0.066352,0.066352
JPYNOK,1995-08-29,0.065849,0.065849,0.065849,0.065849
JPYNOK,1995-08-30,0.065161,0.065161,0.065161,0.065161
JPYNOK,1995-08-31,0.065629,0.065629,0.065629,0.065629
JPYNOK,1995-09-01,0.0659,0.0659,0.0659,0.0659
JPYNOK,1995-09-05,0.06546,0.06546,0.06546,0.06546
JPYNOK,1995-09-06,0.065386,0.065386,0.065386,0.065386
JPYNOK,1995-09-07,0.065416,0.065416,0.065416,0.065416
JPYNOK,1995-09-08,0.064732,0.064732,0.064732,0.064732
JPYNOK,1995-09-11,0.064452,0.064452,0.064452,0.064452
JPYNOK,1995-09-12,0.063709,0.063709,0.063709,0.063709
JPYNOK,1995-09-13,0.063559,0.063559,0.063559,0.063559
JPYNOK,1995-09-14,0.063303,0.063303,0.063303,0.063303
JPYNOK,1995-09-15,0.062674,0.062674,0.062674,0.062674
JPYNOK,1995-09-18,0.062621,0.062621,0.062621,0.062621
JPYNOK,1995-09-19,0.062261,0.062261,0.062261,0.062261
JPYNOK,1995-09-20,0.06214,0.06214,0.06214,0.06214
JPYNOK,1995-09-21,0.062925,0.062925,0.062925,0.062925
JPYNOK,1995-09-22,0.063299,0.063299,0.063299,0.063299
JPYNOK,1995-09-25,0.063049,0.063049,0.063049,0.063049
JPYNOK,1995-09-26,0.062785,0.062785,0.062785,0.062785
JPYNOK,1995-09-27,0.062784,0.062784,0.062784,0.062784
JPYNOK,1995-09-28,0.062819,0.062819,0.062819,0.062819
JPYNOK,1995-09-29,0.06344,0.06344,0.06344,0.06344
JPYNOK,1995-10-02,0.062296,0.062296,0.062296,0.062296
JPYNOK,1995-10-03,0.062251,0.062251,0.062251,0.062251
JPYNOK,1995-10-04,0.0625,0.0625,0.0625,0.0625
JPYNOK,1995-10-05,0.062543,0.062543,0.062543,0.062543
JPYNOK,1995-10-06,0.062522,0.062522,0.062522,0.062522
JPYNOK,1995-10-10,0.062272,0.062272,0.062272,0.062272
JPYNOK,1995-10-11,0.06209,0.06209,0.06209,0.06209
JPYNOK,1995-10-12,0.062304,0.062304,0.062304,0.062304
JPYNOK,1995-10-13,0.062251,0.062251,0.062251,0.062251
JPYNOK,1995-10-16,0.062226,0.062226,0.062226,0.062226
JPYNOK,1995-10-17,0.062182,0.062182,0.062182,0.062182
JPYNOK,1995-10-18,0.062166,0.062166,0.062166,0.062166
JPYNOK,1995-10-19,0.061729,0.061729,0.061729,0.061729
JPYNOK,1995-10-20,0.061693,0.061693,0.061693,0.061693
JPYNOK,1995-10-23,0.061661,0.061661,0.061661,0.061661
JPYNOK,1995-10-24,0.061472,0.061472,0.061472,0.061472
JPYNOK,1995-10-25,0.060903,0.060903,0.060903,0.060903
JPYNOK,1995-10-26,0.061135,0.061135,0.061135,0.061135
JPYNOK,1995-10-27,0.061079,0.061079,0.061079,0.061079
JPYNOK,1995-10-30,0.061131,0.061131,0.061131,0.061131
JPYNOK,1995-10-31,0.060903,0.060903,0.060903,0.060903
JPYNOK,1995-11-01,0.060556,0.060556,0.060556,0.060556
JPYNOK,1995-11-02,0.060391,0.060391,0.060391,0.060391
JPYNOK,1995-11-03,0.060089,0.060089,0.060089,0.060089
JPYNOK,1995-11-06,0.060519,0.060519,0.060519,0.060519
JPYNOK,1995-11-07,0.060552,0.060552,0.060552,0.060552
JPYNOK,1995-11-08,0.061063,0.061063,0.061063,0.061063
JPYNOK,1995-11-09,0.061865,0.061865,0.061865,0.061865
JPYNOK,1995-11-10,0.061759,0.061759,0.061759,0.061759
JPYNOK,1995-11-13,0.061554,0.061554,0.061554,0.061554
JPYNOK,1995-11-14,0.06131,0.06131,0.06131,0.06131
JPYNOK,1995-11-15,0.061385,0.061385,0.061385,0.061385
JPYNOK,1995-11-16,0.060959,0.060959,0.060959,0.060959
JPYNOK,1995-11-17,0.060497,0.060497,0.060497,0.060497
JPYNOK,1995-11-20,0.061405,0.061405,0.061405,0.061405
JPYNOK,1995-11-21,0.061224,0.061224,0.061224,0.061224
JPYNOK,1995-11-22,0.061787,0.061787,0.061787,0.061787
JPYNOK,1995-11-23,0.0619,0.0619,0.0619,0.0619
JPYNOK,1995-11-24,0.061445,0.061445,0.061445,0.061445
JPYNOK,1995-11-27,0.062146,0.062146,0.062146,0.062146
JPYNOK,1995-11-28,0.062351,0.062351,0.062351,0.062351
JPYNOK,1995-11-29,0.062305,0.062305,0.062305,0.062305
JPYNOK,1995-11-30,0.062648,0.062648,0.062648,0.062648
JPYNOK,1995-12-01,0.06285,0.06285,0.06285,0.06285
JPYNOK,1995-12-04,0.06277,0.06277,0.06277,0.06277
JPYNOK,1995-12-05,0.062407,0.062407,0.062407,0.062407
JPYNOK,1995-12-06,0.062763,0.062763,0.062763,0.062763
JPYNOK,1995-12-07,0.062599,0.062599,0.062599,0.062599
JPYNOK,1995-12-08,0.063014,0.063014,0.063014,0.063014
JPYNOK,1995-12-11,0.063103,0.063103,0.063103,0.063103
JPYNOK,1995-12-12,0.062785,0.062785,0.062785,0.062785
JPYNOK,1995-12-13,0.063074,0.063074,0.063074,0.063074
JPYNOK,1995-12-14,0.062776,0.062776,0.062776,0.062776
JPYNOK,1995-12-15,0.062296,0.062296,0.062296,0.062296
JPYNOK,1995-12-18,0.062278,0.062278,0.062278,0.062278
JPYNOK,1995-12-19,0.062302,0.062302,0.062302,0.062302
JPYNOK,1995-12-20,0.062428,0.062428,0.062428,0.062428
JPYNOK,1995-12-21,0.062461,0.062461,0.062461,0.062461
JPYNOK,1995-12-22,0.061844,0.061844,0.061844,0.061844
JPYNOK,1995-12-26,0.06183,0.06183,0.06183,0.06183
JPYNOK,1995-12-27,0.061564,0.061564,0.061564,0.061564
JPYNOK,1995-12-28,0.062219,0.062219,0.062219,0.062219
JPYNOK,1995-12-29,0.061316,0.061316,0.061316,0.061316
JPYNOK,1996-01-02,0.060911,0.060911,0.060911,0.060911
JPYNOK,1996-01-03,0.060927,0.060927,0.060927,0.060927
JPYNOK,1996-01-04,0.060186,0.060186,0.060186,0.060186
JPYNOK,1996-01-05,0.060414,0.060414,0.060414,0.060414
JPYNOK,1996-01-08,0.060289,0.060289,0.060289,0.060289
JPYNOK,1996-01-09,0.060539,0.060539,0.060539,0.060539
JPYNOK,1996-01-10,0.060214,0.060214,0.060214,0.060214
JPYNOK,1996-01-11,0.060465,0.060465,0.060465,0.060465
JPYNOK,1996-01-12,0.060143,0.060143,0.060143,0.060143
JPYNOK,1996-01-15,0.060324,0.060324,0.060324,0.060324
JPYNOK,1996-01-16,0.060356,0.060356,0.060356,0.060356
JPYNOK,1996-01-17,0.060983,0.060983,0.060983,0.060983
JPYNOK,1996-01-18,0.061021,0.061021,0.061021,0.061021
JPYNOK,1996-01-19,0.061516,0.061516,0.061516,0.061516
JPYNOK,1996-01-22,0.061199,0.061199,0.061199,0.061199
JPYNOK,1996-01-23,0.061333,0.061333,0.061333,0.061333
JPYNOK,1996-01-24,0.060844,0.060844,0.060844,0.060844
JPYNOK,1996-01-25,0.060979,0.060979,0.060979,0.060979
JPYNOK,1996-01-26,0.061267,0.061267,0.061267,0.061267
JPYNOK,1996-01-29,0.060947,0.060947,0.060947,0.060947
JPYNOK,1996-01-30,0.060767,0.060767,0.060767,0.060767
JPYNOK,1996-01-31,0.060988,0.060988,0.060988,0.060988
JPYNOK,1996-02-01,0.060894,0.060894,0.060894,0.060894
JPYNOK,1996-02-02,0.060802,0.060802,0.060802,0.060802
JPYNOK,1996-02-05,0.060996,0.060996,0.060996,0.060996
JPYNOK,1996-02-06,0.06096,0.06096,0.06096,0.06096
JPYNOK,1996-02-07,0.060682,0.060682,0.060682,0.060682
JPYNOK,1996-02-08,0.060328,0.060328,0.060328,0.060328
JPYNOK,1996-02-09,0.060336,0.060336,0.060336,0.060336
JPYNOK,1996-02-12,0.060361,0.060361,0.060361,0.060361
JPYNOK,1996-02-13,0.060313,0.060313,0.060313,0.060313
JPYNOK,1996-02-14,0.06009,0.06009,0.06009,0.06009
JPYNOK,1996-02-15,0.060396,0.060396,0.060396,0.060396
JPYNOK,1996-02-16,0.060431,0.060431,0.060431,0.060431
JPYNOK,1996-02-19,0.060838,0.060838,0.060838,0.060838
JPYNOK,1996-02-20,0.059966,0.059966,0.059966,0.059966
JPYNOK,1996-02-21,0.060337,0.060337,0.060337,0.060337
JPYNOK,1996-02-22,0.060385,0.060385,0.060385,0.060385
JPYNOK,1996-02-23,0.060346,0.060346,0.060346,0.060346
JPYNOK,1996-02-26,0.060679,0.060679,0.060679,0.060679
JPYNOK,1996-02-27,0.060658,0.060658,0.060658,0.060658
JPYNOK,1996-02-28,0.0611,0.0611,0.0611,0.0611
JPYNOK,1996-02-29,0.060911,0.060911,0.060911,0.060911
JPYNOK,1996-03-01,0.060831,0.060831,0.060831,0.060831
JPYNOK,1996-03-04,0.06117,0.06117,0.06117,0.06117
JPYNOK,1996-03-05,0.06115,0.06115,0.06115,0.06115
JPYNOK,1996-03-06,0.061059,0.061059,0.061059,0.061059
JPYNOK,1996-03-07,0.061176,0.061176,0.061176,0.061176
JPYNOK,1996-03-08,0.061017,0.061017,0.061017,0.061017
JPYNOK,1996-03-11,0.061063,0.061063,0.061063,0.061063
JPYNOK,1996-03-12,0.060925,0.060925,0.060925,0.060925
JPYNOK,1996-03-13,0.060965,0.060965,0.060965,0.060965
JPYNOK,1996-03-14,0.060895,0.060895,0.060895,0.060895
JPYNOK,1996-03-15,0.060666,0.060666,0.060666,0.060666
JPYNOK,1996-03-18,0.06064,0.06064,0.06064,0.06064
JPYNOK,1996-03-19,0.060419,0.060419,0.060419,0.060419
JPYNOK,1996-03-20,0.060168,0.060168,0.060168,0.060168
JPYNOK,1996-03-21,0.060216,0.060216,0.060216,0.060216
JPYNOK,1996-03-22,0.06012,0.06012,0.06012,0.06012
JPYNOK,1996-03-25,0.060545,0.060545,0.060545,0.060545
JPYNOK,1996-03-26,0.060309,0.060309,0.060309,0.060309
JPYNOK,1996-03-27,0.060612,0.060612,0.060612,0.060612
JPYNOK,1996-03-28,0.060334,0.060334,0.060334,0.060334
JPYNOK,1996-03-29,0.059974,0.059974,0.059974,0.059974
JPYNOK,1996-04-01,0.059747,0.059747,0.059747,0.059747
JPYNOK,1996-04-02,0.059708,0.059708,0.059708,0.059708
JPYNOK,1996-04-03,0.059946,0.059946,0.059946,0.059946
JPYNOK,1996-04-04,0.059813,0.059813,0.059813,0.059813
JPYNOK,1996-04-05,0.059645,0.059645,0.059645,0.059645
JPYNOK,1996-04-08,0.05958,0.05958,0.05958,0.05958
JPYNOK,1996-04-09,0.05967,0.05967,0.05967,0.05967
JPYNOK,1996-04-10,0.059726,0.059726,0.059726,0.059726
JPYNOK,1996-04-11,0.059845,0.059845,0.059845,0.059845
JPYNOK,1996-04-12,0.058963,0.058963,0.058963,0.058963
JPYNOK,1996-04-15,0.060148,0.060148,0.060148,0.060148
JPYNOK,1996-04-16,0.060206,0.060206,0.060206,0.060206
JPYNOK,1996-04-17,0.060044,0.060044,0.060044,0.060044
JPYNOK,1996-04-18,0.060711,0.060711,0.060711,0.060711
JPYNOK,1996-04-19,0.060733,0.060733,0.060733,0.060733
JPYNOK,1996-04-22,0.06115,0.06115,0.06115,0.06115
JPYNOK,1996-04-23,0.061291,0.061291,0.061291,0.061291
JPYNOK,1996-04-24,0.061211,0.061211,0.061211,0.061211
JPYNOK,1996-04-25,0.061728,0.061728,0.061728,0.061728
JPYNOK,1996-04-26,0.062188,0.062188,0.062188,0.062188
JPYNOK,1996-04-29,0.062636,0.062636,0.062636,0.062636
JPYNOK,1996-04-30,0.062785,0.062785,0.062785,0.062785
JPYNOK,1996-05-01,0.062699,0.062699,0.062699,0.062699
JPYNOK,1996-05-02,0.062879,0.062879,0.062879,0.062879
JPYNOK,1996-05-03,0.062591,0.062591,0.062591,0.062591
JPYNOK,1996-05-06,0.062558,0.062558,0.062558,0.062558
JPYNOK,1996-05-07,0.062388,0.062388,0.062388,0.062388
JPYNOK,1996-05-08,0.062004,0.062004,0.062004,0.062004
JPYNOK,1996-05-09,0.062289,0.062289,0.062289,0.062289
JPYNOK,1996-05-10,0.062195,0.062195,0.062195,0.062195
JPYNOK,1996-05-13,0.062699,0.062699,0.062699,0.062699
JPYNOK,1996-05-14,0.062226,0.062226,0.062226,0.062226
JPYNOK,1996-05-15,0.061501,0.061501,0.061501,0.061501
JPYNOK,1996-05-16,0.061664,0.061664,0.061664,0.061664
JPYNOK,1996-05-17,0.061597,0.061597,0.061597,0.061597
JPYNOK,1996-05-20,0.061455,0.061455,0.061455,0.061455
JPYNOK,1996-05-21,0.061802,0.061802,0.061802,0.061802
JPYNOK,1996-05-22,0.061597,0.061597,0.061597,0.061597
JPYNOK,1996-05-23,0.061747,0.061747,0.061747,0.061747
JPYNOK,1996-05-24,0.061255,0.061255,0.061255,0.061255
JPYNOK,1996-05-27,0.061262,0.061262,0.061262,0.061262
JPYNOK,1996-05-28,0.060926,0.060926,0.060926,0.060926
JPYNOK,1996-05-29,0.060682,0.060682,0.060682,0.060682
JPYNOK,1996-05-30,0.060934,0.060934,0.060934,0.060934
JPYNOK,1996-05-31,0.060379,0.060379,0.060379,0.060379
JPYNOK,1996-06-03,0.060279,0.060279,0.060279,0.060279
JPYNOK,1996-06-04,0.059966,0.059966,0.059966,0.059966
JPYNOK,1996-06-05,0.060141,0.060141,0.060141,0.060141
JPYNOK,1996-06-06,0.059992,0.059992,0.059992,0.059992
JPYNOK,1996-06-07,0.06011,0.06011,0.06011,0.06011
JPYNOK,1996-06-10,0.06017,0.06017,0.06017,0.06017
JPYNOK,1996-06-11,0.059955,0.059955,0.059955,0.059955
JPYNOK,1996-06-12,0.059919,0.059919,0.059919,0.059919
JPYNOK,1996-06-13,0.060198,0.060198,0.060198,0.060198
JPYNOK,1996-06-14,0.060052,0.060052,0.060052,0.060052
JPYNOK,1996-06-17,0.059813,0.059813,0.059813,0.059813
JPYNOK,1996-06-18,0.060248,0.060248,0.060248,0.060248
JPYNOK,1996-06-19,0.060261,0.060261,0.060261,0.060261
JPYNOK,1996-06-20,0.060328,0.060328,0.060328,0.060328
JPYNOK,1996-06-21,0.060048,0.060048,0.060048,0.060048
JPYNOK,1996-06-24,0.060013,0.060013,0.060013,0.060013
JPYNOK,1996-06-25,0.059919,0.059919,0.059919,0.059919
JPYNOK,1996-06-26,0.059585,0.059585,0.059585,0.059585
JPYNOK,1996-06-27,0.059373,0.059373,0.059373,0.059373
JPYNOK,1996-06-28,0.059293,0.059293,0.059293,0.059293
JPYNOK,1996-07-01,0.059345,0.059345,0.059345,0.059345
JPYNOK,1996-07-02,0.059091,0.059091,0.059091,0.059091
JPYNOK,1996-07-03,0.058871,0.058871,0.058871,0.058871
JPYNOK,1996-07-04,0.058869,0.058869,0.058869,0.058869
JPYNOK,1996-07-05,0.058898,0.058898,0.058898,0.058898
JPYNOK,1996-07-08,0.058906,0.058906,0.058906,0.058906
JPYNOK,1996-07-09,0.059169,0.059169,0.059169,0.059169
JPYNOK,1996-07-10,0.059241,0.059241,0.059241,0.059241
JPYNOK,1996-07-11,0.058991,0.058991,0.058991,0.058991
JPYNOK,1996-07-12,0.058731,0.058731,0.058731,0.058731
JPYNOK,1996-07-15,0.058991,0.058991,0.058991,0.058991
JPYNOK,1996-07-16,0.058741,0.058741,0.058741,0.058741
JPYNOK,1996-07-17,0.058905,0.058905,0.058905,0.058905
JPYNOK,1996-07-18,0.059209,0.059209,0.059209,0.059209
JPYNOK,1996-07-19,0.059156,0.059156,0.059156,0.059156
JPYNOK,1996-07-22,0.059397,0.059397,0.059397,0.059397
JPYNOK,1996-07-23,0.059247,0.059247,0.059247,0.059247
JPYNOK,1996-07-24,0.05916,0.05916,0.05916,0.05916
JPYNOK,1996-07-25,0.058737,0.058737,0.058737,0.058737
JPYNOK,1996-07-26,0.058995,0.058995,0.058995,0.058995
JPYNOK,1996-07-29,0.058923,0.058923,0.058923,0.058923
JPYNOK,1996-07-30,0.059066,0.059066,0.059066,0.059066
JPYNOK,1996-07-31,0.059661,0.059661,0.059661,0.059661
JPYNOK,1996-08-01,0.059571,0.059571,0.059571,0.059571
JPYNOK,1996-08-02,0.059663,0.059663,0.059663,0.059663
JPYNOK,1996-08-06,0.059954,0.059954,0.059954,0.059954
JPYNOK,1996-08-07,0.059417,0.059417,0.059417,0.059417
JPYNOK,1996-08-08,0.059229,0.059229,0.059229,0.059229
JPYNOK,1996-08-09,0.059137,0.059137,0.059137,0.059137
JPYNOK,1996-08-12,0.059481,0.059481,0.059481,0.059481
JPYNOK,1996-08-13,0.059415,0.059415,0.059415,0.059415
JPYNOK,1996-08-14,0.059561,0.059561,0.059561,0.059561
JPYNOK,1996-08-15,0.059434,0.059434,0.059434,0.059434
JPYNOK,1996-08-16,0.059723,0.059723,0.059723,0.059723
JPYNOK,1996-08-19,0.059648,0.059648,0.059648,0.059648
JPYNOK,1996-08-20,0.059334,0.059334,0.059334,0.059334
JPYNOK,1996-08-21,0.05928,0.05928,0.05928,0.05928
JPYNOK,1996-08-22,0.059602,0.059602,0.059602,0.059602
JPYNOK,1996-08-23,0.05919,0.05919,0.05919,0.05919
JPYNOK,1996-08-26,0.059512,0.059512,0.059512,0.059512
JPYNOK,1996-08-27,0.059532,0.059532,0.059532,0.059532
JPYNOK,1996-08-28,0.059067,0.059067,0.059067,0.059067
JPYNOK,1996-08-29,0.059273,0.059273,0.059273,0.059273
JPYNOK,1996-08-30,0.058972,0.058972,0.058972,0.058972
JPYNOK,1996-09-03,0.058759,0.058759,0.058759,0.058759
JPYNOK,1996-09-04,0.058858,0.058858,0.058858,0.058858
JPYNOK,1996-09-05,0.058693,0.058693,0.058693,0.058693
JPYNOK,1996-09-06,0.058582,0.058582,0.058582,0.058582
JPYNOK,1996-09-09,0.058739,0.058739,0.058739,0.058739
JPYNOK,1996-09-10,0.05892,0.05892,0.05892,0.05892
JPYNOK,1996-09-11,0.058655,0.058655,0.058655,0.058655
JPYNOK,1996-09-12,0.058771,0.058771,0.058771,0.058771
JPYNOK,1996-09-13,0.058672,0.058672,0.058672,0.058672
JPYNOK,1996-09-16,0.05868,0.05868,0.05868,0.05868
JPYNOK,1996-09-17,0.058697,0.058697,0.058697,0.058697
JPYNOK,1996-09-18,0.059195,0.059195,0.059195,0.059195
JPYNOK,1996-09-19,0.059216,0.059216,0.059216,0.059216
JPYNOK,1996-09-20,0.058931,0.058931,0.058931,0.058931
JPYNOK,1996-09-23,0.05882,0.05882,0.05882,0.05882
JPYNOK,1996-09-24,0.058863,0.058863,0.058863,0.058863
JPYNOK,1996-09-25,0.058483,0.058483,0.058483,0.058483
JPYNOK,1996-09-26,0.058818,0.058818,0.058818,0.058818
JPYNOK,1996-09-27,0.058598,0.058598,0.058598,0.058598
JPYNOK,1996-09-30,0.05827,0.05827,0.05827,0.05827
JPYNOK,1996-10-01,0.058371,0.058371,0.058371,0.058371
JPYNOK,1996-10-02,0.05818,0.05818,0.05818,0.05818
JPYNOK,1996-10-03,0.05834,0.05834,0.05834,0.05834
JPYNOK,1996-10-04,0.058306,0.058306,0.058306,0.058306
JPYNOK,1996-10-07,0.058513,0.058513,0.058513,0.058513
JPYNOK,1996-10-08,0.058369,0.058369,0.058369,0.058369
JPYNOK,1996-10-09,0.058333,0.058333,0.058333,0.058333
JPYNOK,1996-10-10,0.058529,0.058529,0.058529,0.058529
JPYNOK,1996-10-11,0.058251,0.058251,0.058251,0.058251
JPYNOK,1996-10-15,0.058154,0.058154,0.058154,0.058154
JPYNOK,1996-10-16,0.058168,0.058168,0.058168,0.058168
JPYNOK,1996-10-17,0.058271,0.058271,0.058271,0.058271
JPYNOK,1996-10-18,0.057983,0.057983,0.057983,0.057983
JPYNOK,1996-10-21,0.057705,0.057705,0.057705,0.057705
JPYNOK,1996-10-22,0.057559,0.057559,0.057559,0.057559
JPYNOK,1996-10-23,0.05719,0.05719,0.05719,0.05719
JPYNOK,1996-10-24,0.057169,0.057169,0.057169,0.057169
JPYNOK,1996-10-25,0.056773,0.056773,0.056773,0.056773
JPYNOK,1996-10-28,0.056191,0.056191,0.056191,0.056191
JPYNOK,1996-10-29,0.055966,0.055966,0.055966,0.055966
JPYNOK,1996-10-30,0.055943,0.055943,0.055943,0.055943
JPYNOK,1996-10-31,0.056038,0.056038,0.056038,0.056038
JPYNOK,1996-11-01,0.056358,0.056358,0.056358,0.056358
JPYNOK,1996-11-04,0.055811,0.055811,0.055811,0.055811
JPYNOK,1996-11-05,0.055923,0.055923,0.055923,0.055923
JPYNOK,1996-11-06,0.056043,0.056043,0.056043,0.056043
JPYNOK,1996-11-07,0.056831,0.056831,0.056831,0.056831
JPYNOK,1996-11-08,0.056618,0.056618,0.056618,0.056618
JPYNOK,1996-11-12,0.056558,0.056558,0.056558,0.056558
JPYNOK,1996-11-13,0.05662,0.05662,0.05662,0.05662
JPYNOK,1996-11-14,0.05686,0.05686,0.05686,0.05686
JPYNOK,1996-11-15,0.056917,0.056917,0.056917,0.056917
JPYNOK,1996-11-18,0.056863,0.056863,0.056863,0.056863
JPYNOK,1996-11-19,0.056795,0.056795,0.056795,0.056795
JPYNOK,1996-11-20,0.056667,0.056667,0.056667,0.056667
JPYNOK,1996-11-21,0.056697,0.056697,0.056697,0.056697
JPYNOK,1996-11-22,0.056915,0.056915,0.056915,0.056915
JPYNOK,1996-11-25,0.056904,0.056904,0.056904,0.056904
JPYNOK,1996-11-26,0.057036,0.057036,0.057036,0.057036
JPYNOK,1996-11-27,0.056621,0.056621,0.056621,0.056621
JPYNOK,1996-11-28,0.056302,0.056302,0.056302,0.056302
JPYNOK,1996-11-29,0.056371,0.056371,0.056371,0.056371
JPYNOK,1996-12-02,0.056499,0.056499,0.056499,0.056499
JPYNOK,1996-12-03,0.057406,0.057406,0.057406,0.057406
JPYNOK,1996-12-04,0.057622,0.057622,0.057622,0.057622
JPYNOK,1996-12-05,0.057818,0.057818,0.057818,0.057818
JPYNOK,1996-12-06,0.057275,0.057275,0.057275,0.057275
JPYNOK,1996-12-09,0.057361,0.057361,0.057361,0.057361
JPYNOK,1996-12-10,0.05724,0.05724,0.05724,0.05724
JPYNOK,1996-12-11,0.05702,0.05702,0.05702,0.05702
JPYNOK,1996-12-12,0.056978,0.056978,0.056978,0.056978
JPYNOK,1996-12-13,0.056837,0.056837,0.056837,0.056837
JPYNOK,1996-12-16,0.056675,0.056675,0.056675,0.056675
JPYNOK,1996-12-17,0.056744,0.056744,0.056744,0.056744
JPYNOK,1996-12-18,0.056959,0.056959,0.056959,0.056959
JPYNOK,1996-12-19,0.056735,0.056735,0.056735,0.056735
JPYNOK,1996-12-20,0.056533,0.056533,0.056533,0.056533
JPYNOK,1996-12-23,0.056812,0.056812,0.056812,0.056812
JPYNOK,1996-12-24,0.056571,0.056571,0.056571,0.056571
JPYNOK,1996-12-27,0.055553,0.055553,0.055553,0.055553
JPYNOK,1996-12-30,0.055707,0.055707,0.055707,0.055707
JPYNOK,1996-12-31,0.055,0.055,0.055,0.055
JPYNOK,1997-01-02,0.05523,0.05523,0.05523,0.05523
JPYNOK,1997-01-03,0.055522,0.055522,0.055522,0.055522
JPYNOK,1997-01-06,0.055894,0.055894,0.055894,0.055894
JPYNOK,1997-01-07,0.055942,0.055942,0.055942,0.055942
JPYNOK,1997-01-08,0.056103,0.056103,0.056103,0.056103
JPYNOK,1997-01-09,0.055427,0.055427,0.055427,0.055427
JPYNOK,1997-01-10,0.055159,0.055159,0.055159,0.055159
JPYNOK,1997-01-13,0.054715,0.054715,0.054715,0.054715
JPYNOK,1997-01-14,0.05471,0.05471,0.05471,0.05471
JPYNOK,1997-01-15,0.05419,0.05419,0.05419,0.05419
JPYNOK,1997-01-16,0.054428,0.054428,0.054428,0.054428
JPYNOK,1997-01-17,0.054144,0.054144,0.054144,0.054144
JPYNOK,1997-01-20,0.054188,0.054188,0.054188,0.054188
JPYNOK,1997-01-21,0.054985,0.054985,0.054985,0.054985
JPYNOK,1997-01-22,0.055073,0.055073,0.055073,0.055073
JPYNOK,1997-01-23,0.05527,0.05527,0.05527,0.05527
JPYNOK,1997-01-24,0.054735,0.054735,0.054735,0.054735
JPYNOK,1997-01-27,0.054325,0.054325,0.054325,0.054325
JPYNOK,1997-01-28,0.05409,0.05409,0.05409,0.05409
JPYNOK,1997-01-29,0.053698,0.053698,0.053698,0.053698
JPYNOK,1997-01-30,0.05342,0.05342,0.05342,0.05342
JPYNOK,1997-01-31,0.053461,0.053461,0.053461,0.053461
JPYNOK,1997-02-03,0.053255,0.053255,0.053255,0.053255
JPYNOK,1997-02-04,0.052794,0.052794,0.052794,0.052794
JPYNOK,1997-02-05,0.052286,0.052286,0.052286,0.052286
JPYNOK,1997-02-06,0.052304,0.052304,0.052304,0.052304
JPYNOK,1997-02-07,0.052646,0.052646,0.052646,0.052646
JPYNOK,1997-02-10,0.053442,0.053442,0.053442,0.053442
JPYNOK,1997-02-11,0.053464,0.053464,0.053464,0.053464
JPYNOK,1997-02-12,0.053293,0.053293,0.053293,0.053293
JPYNOK,1997-02-13,0.05354,0.05354,0.05354,0.05354
JPYNOK,1997-02-14,0.053858,0.053858,0.053858,0.053858
JPYNOK,1997-02-17,0.054192,0.054192,0.054192,0.054192
JPYNOK,1997-02-18,0.054447,0.054447,0.054447,0.054447
JPYNOK,1997-02-19,0.054257,0.054257,0.054257,0.054257
JPYNOK,1997-02-20,0.055161,0.055161,0.055161,0.055161
JPYNOK,1997-02-21,0.054617,0.054617,0.054617,0.054617
JPYNOK,1997-02-24,0.054413,0.054413,0.054413,0.054413
JPYNOK,1997-02-25,0.054501,0.054501,0.054501,0.054501
JPYNOK,1997-02-26,0.05495,0.05495,0.05495,0.05495
JPYNOK,1997-02-27,0.055649,0.055649,0.055649,0.055649
JPYNOK,1997-02-28,0.05577,0.05577,0.05577,0.05577
JPYNOK,1997-03-03,0.056566,0.056566,0.056566,0.056566
JPYNOK,1997-03-04,0.057182,0.057182,0.057182,0.057182
JPYNOK,1997-03-05,0.057335,0.057335,0.057335,0.057335
JPYNOK,1997-03-06,0.057212,0.057212,0.057212,0.057212
JPYNOK,1997-03-07,0.056839,0.056839,0.056839,0.056839
JPYNOK,1997-03-10,0.05602,0.05602,0.05602,0.05602
JPYNOK,1997-03-11,0.055877,0.055877,0.055877,0.055877
JPYNOK,1997-03-12,0.055464,0.055464,0.055464,0.055464
JPYNOK,1997-03-13,0.055519,0.055519,0.055519,0.055519
JPYNOK,1997-03-14,0.05531,0.05531,0.05531,0.05531
JPYNOK,1997-03-17,0.055353,0.055353,0.055353,0.055353
JPYNOK,1997-03-18,0.05563,0.05563,0.05563,0.05563
JPYNOK,1997-03-19,0.055184,0.055184,0.055184,0.055184
JPYNOK,1997-03-20,0.054728,0.054728,0.054728,0.054728
JPYNOK,1997-03-21,0.054486,0.054486,0.054486,0.054486
JPYNOK,1997-03-24,0.054579,0.054579,0.054579,0.054579
JPYNOK,1997-03-25,0.053873,0.053873,0.053873,0.053873
JPYNOK,1997-03-26,0.05385,0.05385,0.05385,0.05385
JPYNOK,1997-03-27,0.053793,0.053793,0.053793,0.053793
JPYNOK,1997-03-31,0.053287,0.053287,0.053287,0.053287
JPYNOK,1997-04-01,0.054747,0.054747,0.054747,0.054747
JPYNOK,1997-04-02,0.055149,0.055149,0.055149,0.055149
JPYNOK,1997-04-03,0.055246,0.055246,0.055246,0.055246
JPYNOK,1997-04-04,0.054898,0.054898,0.054898,0.054898
JPYNOK,1997-04-07,0.05525,0.05525,0.05525,0.05525
JPYNOK,1997-04-08,0.055027,0.055027,0.055027,0.055027
JPYNOK,1997-04-09,0.054978,0.054978,0.054978,0.054978
JPYNOK,1997-04-10,0.055303,0.055303,0.055303,0.055303
JPYNOK,1997-04-11,0.055318,0.055318,0.055318,0.055318
JPYNOK,1997-04-14,0.055075,0.055075,0.055075,0.055075
JPYNOK,1997-04-15,0.05558,0.05558,0.05558,0.05558
JPYNOK,1997-04-16,0.056075,0.056075,0.056075,0.056075
JPYNOK,1997-04-17,0.056578,0.056578,0.056578,0.056578
JPYNOK,1997-04-18,0.055916,0.055916,0.055916,0.055916
JPYNOK,1997-04-21,0.056193,0.056193,0.056193,0.056193
JPYNOK,1997-04-22,0.055892,0.055892,0.055892,0.055892
JPYNOK,1997-04-23,0.055983,0.055983,0.055983,0.055983
JPYNOK,1997-04-24,0.056119,0.056119,0.056119,0.056119
JPYNOK,1997-04-25,0.056186,0.056186,0.056186,0.056186
JPYNOK,1997-04-28,0.056014,0.056014,0.056014,0.056014
JPYNOK,1997-04-29,0.055918,0.055918,0.055918,0.055918
JPYNOK,1997-04-30,0.056082,0.056082,0.056082,0.056082
JPYNOK,1997-05-01,0.055808,0.055808,0.055808,0.055808
JPYNOK,1997-05-02,0.056105,0.056105,0.056105,0.056105
JPYNOK,1997-05-05,0.056506,0.056506,0.056506,0.056506
JPYNOK,1997-05-06,0.056834,0.056834,0.056834,0.056834
JPYNOK,1997-05-07,0.056987,0.056987,0.056987,0.056987
JPYNOK,1997-05-08,0.05717,0.05717,0.05717,0.05717
JPYNOK,1997-05-09,0.058564,0.058564,0.058564,0.058564
JPYNOK,1997-05-12,0.059701,0.059701,0.059701,0.059701
JPYNOK,1997-05-13,0.059177,0.059177,0.059177,0.059177
JPYNOK,1997-05-14,0.059177,0.059177,0.059177,0.059177
JPYNOK,1997-05-15,0.06076,0.06076,0.06076,0.06076
JPYNOK,1997-05-16,0.060913,0.060913,0.060913,0.060913
JPYNOK,1997-05-20,0.061939,0.061939,0.061939,0.061939
JPYNOK,1997-05-21,0.061619,0.061619,0.061619,0.061619
JPYNOK,1997-05-22,0.060819,0.060819,0.060819,0.060819
JPYNOK,1997-05-23,0.060916,0.060916,0.060916,0.060916
JPYNOK,1997-05-26,0.060514,0.060514,0.060514,0.060514
JPYNOK,1997-05-27,0.060707,0.060707,0.060707,0.060707
JPYNOK,1997-05-28,0.061121,0.061121,0.061121,0.061121
JPYNOK,1997-05-29,0.060859,0.060859,0.060859,0.060859
JPYNOK,1997-05-30,0.061103,0.061103,0.061103,0.061103
JPYNOK,1997-06-02,0.061438,0.061438,0.061438,0.061438
JPYNOK,1997-06-03,0.06149,0.06149,0.06149,0.06149
JPYNOK,1997-06-04,0.061517,0.061517,0.061517,0.061517
JPYNOK,1997-06-05,0.061949,0.061949,0.061949,0.061949
JPYNOK,1997-06-06,0.062269,0.062269,0.062269,0.062269
JPYNOK,1997-06-09,0.063103,0.063103,0.063103,0.063103
JPYNOK,1997-06-10,0.06376,0.06376,0.06376,0.06376
JPYNOK,1997-06-11,0.064356,0.064356,0.064356,0.064356
JPYNOK,1997-06-12,0.063244,0.063244,0.063244,0.063244
JPYNOK,1997-06-13,0.063231,0.063231,0.063231,0.063231
JPYNOK,1997-06-16,0.064503,0.064503,0.064503,0.064503
JPYNOK,1997-06-17,0.064003,0.064003,0.064003,0.064003
JPYNOK,1997-06-18,0.06395,0.06395,0.06395,0.06395
JPYNOK,1997-06-19,0.063478,0.063478,0.063478,0.063478
JPYNOK,1997-06-20,0.063371,0.063371,0.063371,0.063371
JPYNOK,1997-06-23,0.06279,0.06279,0.06279,0.06279
JPYNOK,1997-06-24,0.063105,0.063105,0.063105,0.063105
JPYNOK,1997-06-25,0.063667,0.063667,0.063667,0.063667
JPYNOK,1997-06-26,0.064233,0.064233,0.064233,0.064233
JPYNOK,1997-06-27,0.06363,0.06363,0.06363,0.06363
JPYNOK,1997-06-30,0.063855,0.063855,0.063855,0.063855
JPYNOK,1997-07-02,0.064157,0.064157,0.064157,0.064157
JPYNOK,1997-07-03,0.064283,0.064283,0.064283,0.064283
JPYNOK,1997-07-04,0.06431,0.06431,0.06431,0.06431
JPYNOK,1997-07-07,0.06488,0.06488,0.06488,0.06488
JPYNOK,1997-07-08,0.065216,0.065216,0.065216,0.065216
JPYNOK,1997-07-09,0.064977,0.064977,0.064977,0.064977
JPYNOK,1997-07-10,0.064851,0.064851,0.064851,0.064851
JPYNOK,1997-07-11,0.064984,0.064984,0.064984,0.064984
JPYNOK,1997-07-14,0.06567,0.06567,0.06567,0.06567
JPYNOK,1997-07-15,0.065186,0.065186,0.065186,0.065186
JPYNOK,1997-07-16,0.064224,0.064224,0.064224,0.064224
JPYNOK,1997-07-17,0.063777,0.063777,0.063777,0.063777
JPYNOK,1997-07-18,0.064063,0.064063,0.064063,0.064063
JPYNOK,1997-07-21,0.064151,0.064151,0.064151,0.064151
JPYNOK,1997-07-22,0.064891,0.064891,0.064891,0.064891
JPYNOK,1997-07-23,0.064695,0.064695,0.064695,0.064695
JPYNOK,1997-07-24,0.065176,0.065176,0.065176,0.065176
JPYNOK,1997-07-25,0.064802,0.064802,0.064802,0.064802
JPYNOK,1997-07-28,0.064764,0.064764,0.064764,0.064764
JPYNOK,1997-07-29,0.06427,0.06427,0.06427,0.06427
JPYNOK,1997-07-30,0.064358,0.064358,0.064358,0.064358
JPYNOK,1997-07-31,0.064513,0.064513,0.064513,0.064513
JPYNOK,1997-08-01,0.065011,0.065011,0.065011,0.065011
JPYNOK,1997-08-05,0.065113,0.065113,0.065113,0.065113
JPYNOK,1997-08-06,0.065104,0.065104,0.065104,0.065104
JPYNOK,1997-08-07,0.06495,0.06495,0.06495,0.06495
JPYNOK,1997-08-08,0.065911,0.065911,0.065911,0.065911
JPYNOK,1997-08-11,0.065951,0.065951,0.065951,0.065951
JPYNOK,1997-08-12,0.066052,0.066052,0.066052,0.066052
JPYNOK,1997-08-13,0.065744,0.065744,0.065744,0.065744
JPYNOK,1997-08-14,0.064811,0.064811,0.064811,0.064811
JPYNOK,1997-08-15,0.064494,0.064494,0.064494,0.064494
JPYNOK,1997-08-18,0.064423,0.064423,0.064423,0.064423
JPYNOK,1997-08-19,0.064855,0.064855,0.064855,0.064855
JPYNOK,1997-08-20,0.065465,0.065465,0.065465,0.065465
JPYNOK,1997-08-21,0.065185,0.065185,0.065185,0.065185
JPYNOK,1997-08-22,0.064644,0.064644,0.064644,0.064644
JPYNOK,1997-08-25,0.063998,0.063998,0.063998,0.063998
JPYNOK,1997-08-26,0.063217,0.063217,0.063217,0.063217
JPYNOK,1997-08-27,0.062969,0.062969,0.062969,0.062969
JPYNOK,1997-08-28,0.062518,0.062518,0.062518,0.062518
JPYNOK,1997-08-29,0.061857,0.061857,0.061857,0.061857
JPYNOK,1997-09-02,0.062464,0.062464,0.062464,0.062464
JPYNOK,1997-09-03,0.062016,0.062016,0.062016,0.062016
JPYNOK,1997-09-04,0.062063,0.062063,0.062063,0.062063
JPYNOK,1997-09-05,0.061127,0.061127,0.061127,0.061127
JPYNOK,1997-09-08,0.061584,0.061584,0.061584,0.061584
JPYNOK,1997-09-09,0.062663,0.062663,0.062663,0.062663
JPYNOK,1997-09-10,0.062146,0.062146,0.062146,0.062146
JPYNOK,1997-09-11,0.061202,0.061202,0.061202,0.061202
JPYNOK,1997-09-12,0.060197,0.060197,0.060197,0.060197
JPYNOK,1997-09-15,0.06033,0.06033,0.06033,0.06033
JPYNOK,1997-09-16,0.06018,0.06018,0.06018,0.06018
JPYNOK,1997-09-17,0.059416,0.059416,0.059416,0.059416
JPYNOK,1997-09-18,0.059291,0.059291,0.059291,0.059291
JPYNOK,1997-09-19,0.05917,0.05917,0.05917,0.05917
JPYNOK,1997-09-22,0.059748,0.059748,0.059748,0.059748
JPYNOK,1997-09-23,0.059655,0.059655,0.059655,0.059655
JPYNOK,1997-09-24,0.059682,0.059682,0.059682,0.059682
JPYNOK,1997-09-25,0.058961,0.058961,0.058961,0.058961
JPYNOK,1997-09-26,0.058985,0.058985,0.058985,0.058985
JPYNOK,1997-09-29,0.058508,0.058508,0.058508,0.058508
JPYNOK,1997-09-30,0.058804,0.058804,0.058804,0.058804
JPYNOK,1997-10-01,0.058971,0.058971,0.058971,0.058971
JPYNOK,1997-10-02,0.058355,0.058355,0.058355,0.058355
JPYNOK,1997-10-03,0.05758,0.05758,0.05758,0.05758
JPYNOK,1997-10-06,0.057838,0.057838,0.057838,0.057838
JPYNOK,1997-10-07,0.057684,0.057684,0.057684,0.057684
JPYNOK,1997-10-08,0.058441,0.058441,0.058441,0.058441
JPYNOK,1997-10-09,0.058089,0.058089,0.058089,0.058089
JPYNOK,1997-10-10,0.058491,0.058491,0.058491,0.058491
JPYNOK,1997-10-14,0.058054,0.058054,0.058054,0.058054
JPYNOK,1997-10-15,0.058165,0.058165,0.058165,0.058165
JPYNOK,1997-10-16,0.058249,0.058249,0.058249,0.058249
JPYNOK,1997-10-17,0.059128,0.059128,0.059128,0.059128
JPYNOK,1997-10-20,0.05865,0.05865,0.05865,0.05865
JPYNOK,1997-10-21,0.059108,0.059108,0.059108,0.059108
JPYNOK,1997-10-22,0.059861,0.059861,0.059861,0.059861
JPYNOK,1997-10-23,0.058596,0.058596,0.058596,0.058596
JPYNOK,1997-10-24,0.058421,0.058421,0.058421,0.058421
JPYNOK,1997-10-27,0.058195,0.058195,0.058195,0.058195
JPYNOK,1997-10-28,0.058608,0.058608,0.058608,0.058608
JPYNOK,1997-10-29,0.05841,0.05841,0.05841,0.05841
JPYNOK,1997-10-30,0.05826,0.05826,0.05826,0.05826
JPYNOK,1997-10-31,0.058197,0.058197,0.058197,0.058197
JPYNOK,1997-11-03,0.058328,0.058328,0.058328,0.058328
JPYNOK,1997-11-04,0.057743,0.057743,0.057743,0.057743
JPYNOK,1997-11-05,0.057322,0.057322,0.057322,0.057322
JPYNOK,1997-11-06,0.056878,0.056878,0.056878,0.056878
JPYNOK,1997-11-07,0.055944,0.055944,0.055944,0.055944
JPYNOK,1997-11-10,0.055946,0.055946,0.055946,0.055946
JPYNOK,1997-11-12,0.055795,0.055795,0.055795,0.055795
JPYNOK,1997-11-13,0.056446,0.056446,0.056446,0.056446
JPYNOK,1997-11-14,0.056169,0.056169,0.056169,0.056169
JPYNOK,1997-11-17,0.056589,0.056589,0.056589,0.056589
JPYNOK,1997-11-18,0.056009,0.056009,0.056009,0.056009
JPYNOK,1997-11-19,0.055289,0.055289,0.055289,0.055289
JPYNOK,1997-11-20,0.05565,0.05565,0.05565,0.05565
JPYNOK,1997-11-21,0.056601,0.056601,0.056601,0.056601
JPYNOK,1997-11-24,0.055438,0.055438,0.055438,0.055438
JPYNOK,1997-11-25,0.05562,0.05562,0.05562,0.05562
JPYNOK,1997-11-26,0.056271,0.056271,0.056271,0.056271
JPYNOK,1997-11-27,0.056679,0.056679,0.056679,0.056679
JPYNOK,1997-11-28,0.05643,0.05643,0.05643,0.05643
JPYNOK,1997-12-01,0.056284,0.056284,0.056284,0.056284
JPYNOK,1997-12-02,0.056154,0.056154,0.056154,0.056154
JPYNOK,1997-12-03,0.05575,0.05575,0.05575,0.05575
JPYNOK,1997-12-04,0.055607,0.055607,0.055607,0.055607
JPYNOK,1997-12-05,0.055656,0.055656,0.055656,0.055656
JPYNOK,1997-12-08,0.055179,0.055179,0.055179,0.055179
JPYNOK,1997-12-09,0.055999,0.055999,0.055999,0.055999
JPYNOK,1997-12-10,0.056056,0.056056,0.056056,0.056056
JPYNOK,1997-12-11,0.05556,0.05556,0.05556,0.05556
JPYNOK,1997-12-12,0.055897,0.055897,0.055897,0.055897
JPYNOK,1997-12-15,0.05552,0.05552,0.05552,0.05552
JPYNOK,1997-12-16,0.055761,0.055761,0.055761,0.055761
JPYNOK,1997-12-17,0.056756,0.056756,0.056756,0.056756
JPYNOK,1997-12-18,0.056913,0.056913,0.056913,0.056913
JPYNOK,1997-12-19,0.056488,0.056488,0.056488,0.056488
JPYNOK,1997-12-22,0.055998,0.055998,0.055998,0.055998
JPYNOK,1997-12-23,0.056193,0.056193,0.056193,0.056193
JPYNOK,1997-12-24,0.056275,0.056275,0.056275,0.056275
JPYNOK,1997-12-25,0.056275,0.056275,0.056275,0.056275
JPYNOK,1997-12-26,0.056275,0.056275,0.056275,0.056275
JPYNOK,1997-12-29,0.056027,0.056027,0.056027,0.056027
JPYNOK,1997-12-30,0.056416,0.056416,0.056416,0.056416
JPYNOK,1997-12-31,0.056362,0.056362,0.056362,0.056362
JPYNOK,1998-01-02,0.056095,0.056095,0.056095,0.056095
JPYNOK,1998-01-05,0.05559,0.05559,0.05559,0.05559
JPYNOK,1998-01-06,0.055746,0.055746,0.055746,0.055746
JPYNOK,1998-01-07,0.056499,0.056499,0.056499,0.056499
JPYNOK,1998-01-08,0.056298,0.056298,0.056298,0.056298
JPYNOK,1998-01-09,0.056636,0.056636,0.056636,0.056636
JPYNOK,1998-01-12,0.05666,0.05666,0.05666,0.05666
JPYNOK,1998-01-13,0.057034,0.057034,0.057034,0.057034
JPYNOK,1998-01-14,0.057653,0.057653,0.057653,0.057653
JPYNOK,1998-01-15,0.057601,0.057601,0.057601,0.057601
JPYNOK,1998-01-16,0.058872,0.058872,0.058872,0.058872
JPYNOK,1998-01-19,0.058748,0.058748,0.058748,0.058748
JPYNOK,1998-01-20,0.058681,0.058681,0.058681,0.058681
JPYNOK,1998-01-21,0.059586,0.059586,0.059586,0.059586
JPYNOK,1998-01-22,0.058944,0.058944,0.058944,0.058944
JPYNOK,1998-01-23,0.05905,0.05905,0.05905,0.05905
JPYNOK,1998-01-26,0.058446,0.058446,0.058446,0.058446
JPYNOK,1998-01-27,0.058734,0.058734,0.058734,0.058734
JPYNOK,1998-01-28,0.059618,0.059618,0.059618,0.059618
JPYNOK,1998-01-29,0.060112,0.060112,0.060112,0.060112
JPYNOK,1998-01-30,0.059416,0.059416,0.059416,0.059416
JPYNOK,1998-02-02,0.059776,0.059776,0.059776,0.059776
JPYNOK,1998-02-03,0.059956,0.059956,0.059956,0.059956
JPYNOK,1998-02-04,0.060018,0.060018,0.060018,0.060018
JPYNOK,1998-02-05,0.060377,0.060377,0.060377,0.060377
JPYNOK,1998-02-06,0.060299,0.060299,0.060299,0.060299
JPYNOK,1998-02-09,0.060534,0.060534,0.060534,0.060534
JPYNOK,1998-02-10,0.06121,0.06121,0.06121,0.06121
JPYNOK,1998-02-11,0.060763,0.060763,0.060763,0.060763
JPYNOK,1998-02-12,0.061484,0.061484,0.061484,0.061484
JPYNOK,1998-02-13,0.060553,0.060553,0.060553,0.060553
JPYNOK,1998-02-16,0.059733,0.059733,0.059733,0.059733
JPYNOK,1998-02-17,0.0598,0.0598,0.0598,0.0598
JPYNOK,1998-02-18,0.059898,0.059898,0.059898,0.059898
JPYNOK,1998-02-19,0.059787,0.059787,0.059787,0.059787
JPYNOK,1998-02-20,0.05987,0.05987,0.05987,0.05987
JPYNOK,1998-02-23,0.059966,0.059966,0.059966,0.059966
JPYNOK,1998-02-24,0.060052,0.060052,0.060052,0.060052
JPYNOK,1998-02-25,0.060102,0.060102,0.060102,0.060102
JPYNOK,1998-02-26,0.060002,0.060002,0.060002,0.060002
JPYNOK,1998-02-27,0.059989,0.059989,0.059989,0.059989
JPYNOK,1998-03-02,0.060023,0.060023,0.060023,0.060023
JPYNOK,1998-03-03,0.060081,0.060081,0.060081,0.060081
JPYNOK,1998-03-04,0.059788,0.059788,0.059788,0.059788
JPYNOK,1998-03-05,0.059277,0.059277,0.059277,0.059277
JPYNOK,1998-03-06,0.059786,0.059786,0.059786,0.059786
JPYNOK,1998-03-09,0.05931,0.05931,0.05931,0.05931
JPYNOK,1998-03-10,0.059558,0.059558,0.059558,0.059558
JPYNOK,1998-03-11,0.059296,0.059296,0.059296,0.059296
JPYNOK,1998-03-12,0.059168,0.059168,0.059168,0.059168
JPYNOK,1998-03-13,0.05909,0.05909,0.05909,0.05909
JPYNOK,1998-03-16,0.058734,0.058734,0.058734,0.058734
JPYNOK,1998-03-17,0.058784,0.058784,0.058784,0.058784
JPYNOK,1998-03-18,0.058316,0.058316,0.058316,0.058316
JPYNOK,1998-03-19,0.058536,0.058536,0.058536,0.058536
JPYNOK,1998-03-20,0.058601,0.058601,0.058601,0.058601
JPYNOK,1998-03-23,0.05791,0.05791,0.05791,0.05791
JPYNOK,1998-03-24,0.058122,0.058122,0.058122,0.058122
JPYNOK,1998-03-25,0.058474,0.058474,0.058474,0.058474
JPYNOK,1998-03-26,0.05857,0.05857,0.05857,0.05857
JPYNOK,1998-03-27,0.057926,0.057926,0.057926,0.057926
JPYNOK,1998-03-30,0.057252,0.057252,0.057252,0.057252
JPYNOK,1998-03-31,0.057188,0.057188,0.057188,0.057188
JPYNOK,1998-04-01,0.057381,0.057381,0.057381,0.057381
JPYNOK,1998-04-02,0.057363,0.057363,0.057363,0.057363
JPYNOK,1998-04-03,0.056943,0.056943,0.056943,0.056943
JPYNOK,1998-04-06,0.0568,0.0568,0.0568,0.0568
JPYNOK,1998-04-07,0.057155,0.057155,0.057155,0.057155
JPYNOK,1998-04-08,0.05723,0.05723,0.05723,0.05723
JPYNOK,1998-04-09,0.056852,0.056852,0.056852,0.056852
JPYNOK,1998-04-10,0.056852,0.056852,0.056852,0.056852
JPYNOK,1998-04-13,0.056845,0.056845,0.056845,0.056845
JPYNOK,1998-04-14,0.057989,0.057989,0.057989,0.057989
JPYNOK,1998-04-15,0.057907,0.057907,0.057907,0.057907
JPYNOK,1998-04-16,0.057096,0.057096,0.057096,0.057096
JPYNOK,1998-04-17,0.056842,0.056842,0.056842,0.056842
JPYNOK,1998-04-20,0.056742,0.056742,0.056742,0.056742
JPYNOK,1998-04-21,0.05663,0.05663,0.05663,0.05663
JPYNOK,1998-04-22,0.057034,0.057034,0.057034,0.057034
JPYNOK,1998-04-23,0.057168,0.057168,0.057168,0.057168
JPYNOK,1998-04-24,0.057461,0.057461,0.057461,0.057461
JPYNOK,1998-04-27,0.056365,0.056365,0.056365,0.056365
JPYNOK,1998-04-28,0.056602,0.056602,0.056602,0.056602
JPYNOK,1998-04-29,0.056536,0.056536,0.056536,0.056536
JPYNOK,1998-04-30,0.056482,0.056482,0.056482,0.056482
JPYNOK,1998-05-01,0.056356,0.056356,0.056356,0.056356
JPYNOK,1998-05-04,0.055695,0.055695,0.055695,0.055695
JPYNOK,1998-05-05,0.055517,0.055517,0.055517,0.055517
JPYNOK,1998-05-06,0.055751,0.055751,0.055751,0.055751
JPYNOK,1998-05-07,0.055572,0.055572,0.055572,0.055572
JPYNOK,1998-05-08,0.055693,0.055693,0.055693,0.055693
JPYNOK,1998-05-11,0.055845,0.055845,0.055845,0.055845
JPYNOK,1998-05-12,0.055704,0.055704,0.055704,0.055704
JPYNOK,1998-05-13,0.055651,0.055651,0.055651,0.055651
JPYNOK,1998-05-14,0.055616,0.055616,0.055616,0.055616
JPYNOK,1998-05-15,0.055714,0.055714,0.055714,0.055714
JPYNOK,1998-05-18,0.055175,0.055175,0.055175,0.055175
JPYNOK,1998-05-19,0.055189,0.055189,0.055189,0.055189
JPYNOK,1998-05-20,0.055127,0.055127,0.055127,0.055127
JPYNOK,1998-05-21,0.055121,0.055121,0.055121,0.055121
JPYNOK,1998-05-22,0.0547,0.0547,0.0547,0.0547
JPYNOK,1998-05-25,0.054311,0.054311,0.054311,0.054311
JPYNOK,1998-05-26,0.054487,0.054487,0.054487,0.054487
JPYNOK,1998-05-27,0.054959,0.054959,0.054959,0.054959
JPYNOK,1998-05-28,0.054408,0.054408,0.054408,0.054408
JPYNOK,1998-05-29,0.054402,0.054402,0.054402,0.054402
JPYNOK,1998-06-01,0.053904,0.053904,0.053904,0.053904
JPYNOK,1998-06-02,0.054013,0.054013,0.054013,0.054013
JPYNOK,1998-06-03,0.054008,0.054008,0.054008,0.054008
JPYNOK,1998-06-04,0.053772,0.053772,0.053772,0.053772
JPYNOK,1998-06-05,0.053414,0.053414,0.053414,0.053414
JPYNOK,1998-06-08,0.053174,0.053174,0.053174,0.053174
JPYNOK,1998-06-09,0.053496,0.053496,0.053496,0.053496
JPYNOK,1998-06-10,0.053818,0.053818,0.053818,0.053818
JPYNOK,1998-06-11,0.05359,0.05359,0.05359,0.05359
JPYNOK,1998-06-12,0.052997,0.052997,0.052997,0.052997
JPYNOK,1998-06-15,0.052734,0.052734,0.052734,0.052734
JPYNOK,1998-06-16,0.052792,0.052792,0.052792,0.052792
JPYNOK,1998-06-17,0.053439,0.053439,0.053439,0.053439
JPYNOK,1998-06-18,0.055008,0.055008,0.055008,0.055008
JPYNOK,1998-06-19,0.056171,0.056171,0.056171,0.056171
JPYNOK,1998-06-22,0.055003,0.055003,0.055003,0.055003
JPYNOK,1998-06-23,0.054684,0.054684,0.054684,0.054684
JPYNOK,1998-06-24,0.054166,0.054166,0.054166,0.054166
JPYNOK,1998-06-25,0.053952,0.053952,0.053952,0.053952
JPYNOK,1998-06-26,0.054254,0.054254,0.054254,0.054254
JPYNOK,1998-06-29,0.054288,0.054288,0.054288,0.054288
JPYNOK,1998-06-30,0.055136,0.055136,0.055136,0.055136
JPYNOK,1998-07-01,0.055681,0.055681,0.055681,0.055681
JPYNOK,1998-07-02,0.055183,0.055183,0.055183,0.055183
JPYNOK,1998-07-03,0.055914,0.055914,0.055914,0.055914
JPYNOK,1998-07-06,0.054897,0.054897,0.054897,0.054897
JPYNOK,1998-07-07,0.055619,0.055619,0.055619,0.055619
JPYNOK,1998-07-08,0.055406,0.055406,0.055406,0.055406
JPYNOK,1998-07-09,0.05527,0.05527,0.05527,0.05527
JPYNOK,1998-07-10,0.05475,0.05475,0.05475,0.05475
JPYNOK,1998-07-13,0.054083,0.054083,0.054083,0.054083
JPYNOK,1998-07-14,0.054113,0.054113,0.054113,0.054113
JPYNOK,1998-07-15,0.054366,0.054366,0.054366,0.054366
JPYNOK,1998-07-16,0.054176,0.054176,0.054176,0.054176
JPYNOK,1998-07-17,0.054075,0.054075,0.054075,0.054075
JPYNOK,1998-07-20,0.054151,0.054151,0.054151,0.054151
JPYNOK,1998-07-21,0.054142,0.054142,0.054142,0.054142
JPYNOK,1998-07-22,0.053711,0.053711,0.053711,0.053711
JPYNOK,1998-07-23,0.053596,0.053596,0.053596,0.053596
JPYNOK,1998-07-24,0.053645,0.053645,0.053645,0.053645
JPYNOK,1998-07-27,0.052901,0.052901,0.052901,0.052901
JPYNOK,1998-07-28,0.053117,0.053117,0.053117,0.053117
JPYNOK,1998-07-29,0.052891,0.052891,0.052891,0.052891
JPYNOK,1998-07-30,0.05275,0.05275,0.05275,0.05275
JPYNOK,1998-07-31,0.052375,0.052375,0.052375,0.052375
JPYNOK,1998-08-03,0.052033,0.052033,0.052033,0.052033
JPYNOK,1998-08-04,0.052474,0.052474,0.052474,0.052474
JPYNOK,1998-08-05,0.052451,0.052451,0.052451,0.052451
JPYNOK,1998-08-06,0.052281,0.052281,0.052281,0.052281
JPYNOK,1998-08-07,0.051997,0.051997,0.051997,0.051997
JPYNOK,1998-08-10,0.051956,0.051956,0.051956,0.051956
JPYNOK,1998-08-11,0.051703,0.051703,0.051703,0.051703
JPYNOK,1998-08-12,0.051784,0.051784,0.051784,0.051784
JPYNOK,1998-08-13,0.052363,0.052363,0.052363,0.052363
JPYNOK,1998-08-14,0.052551,0.052551,0.052551,0.052551
JPYNOK,1998-08-17,0.052476,0.052476,0.052476,0.052476
JPYNOK,1998-08-18,0.052875,0.052875,0.052875,0.052875
JPYNOK,1998-08-19,0.053738,0.053738,0.053738,0.053738
JPYNOK,1998-08-20,0.054625,0.054625,0.054625,0.054625
JPYNOK,1998-08-21,0.053391,0.053391,0.053391,0.053391
JPYNOK,1998-08-24,0.054289,0.054289,0.054289,0.054289
JPYNOK,1998-08-25,0.053767,0.053767,0.053767,0.053767
JPYNOK,1998-08-26,0.055797,0.055797,0.055797,0.055797
JPYNOK,1998-08-27,0.05818,0.05818,0.05818,0.05818
JPYNOK,1998-08-28,0.055953,0.055953,0.055953,0.055953
JPYNOK,1998-08-31,0.055215,0.055215,0.055215,0.055215
JPYNOK,1998-09-01,0.056661,0.056661,0.056661,0.056661
JPYNOK,1998-09-02,0.055967,0.055967,0.055967,0.055967
JPYNOK,1998-09-03,0.057063,0.057063,0.057063,0.057063
JPYNOK,1998-09-04,0.057367,0.057367,0.057367,0.057367
JPYNOK,1998-09-07,0.058321,0.058321,0.058321,0.058321
JPYNOK,1998-09-08,0.058377,0.058377,0.058377,0.058377
JPYNOK,1998-09-09,0.056418,0.056418,0.056418,0.056418
JPYNOK,1998-09-10,0.056939,0.056939,0.056939,0.056939
JPYNOK,1998-09-11,0.057516,0.057516,0.057516,0.057516
JPYNOK,1998-09-14,0.057219,0.057219,0.057219,0.057219
JPYNOK,1998-09-15,0.056722,0.056722,0.056722,0.056722
JPYNOK,1998-09-16,0.055623,0.055623,0.055623,0.055623
JPYNOK,1998-09-17,0.056664,0.056664,0.056664,0.056664
JPYNOK,1998-09-18,0.05642,0.05642,0.05642,0.05642
JPYNOK,1998-09-21,0.055991,0.055991,0.055991,0.055991
JPYNOK,1998-09-22,0.055756,0.055756,0.055756,0.055756
JPYNOK,1998-09-23,0.054946,0.054946,0.054946,0.054946
JPYNOK,1998-09-24,0.055069,0.055069,0.055069,0.055069
JPYNOK,1998-09-25,0.054719,0.054719,0.054719,0.054719
JPYNOK,1998-09-28,0.054576,0.054576,0.054576,0.054576
JPYNOK,1998-09-29,0.055275,0.055275,0.055275,0.055275
JPYNOK,1998-09-30,0.054365,0.054365,0.054365,0.054365
JPYNOK,1998-10-01,0.054548,0.054548,0.054548,0.054548
JPYNOK,1998-10-02,0.055315,0.055315,0.055315,0.055315
JPYNOK,1998-10-05,0.055529,0.055529,0.055529,0.055529
JPYNOK,1998-10-06,0.056469,0.056469,0.056469,0.056469
JPYNOK,1998-10-07,0.059087,0.059087,0.059087,0.059087
JPYNOK,1998-10-08,0.061257,0.061257,0.061257,0.061257
JPYNOK,1998-10-09,0.063505,0.063505,0.063505,0.063505
JPYNOK,1998-10-12,0.064029,0.064029,0.064029,0.064029
JPYNOK,1998-10-13,0.063269,0.063269,0.063269,0.063269
JPYNOK,1998-10-14,0.063804,0.063804,0.063804,0.063804
JPYNOK,1998-10-15,0.065234,0.065234,0.065234,0.065234
JPYNOK,1998-10-16,0.064721,0.064721,0.064721,0.064721
JPYNOK,1998-10-19,0.064327,0.064327,0.064327,0.064327
JPYNOK,1998-10-20,0.063078,0.063078,0.063078,0.063078
JPYNOK,1998-10-21,0.063235,0.063235,0.063235,0.063235
JPYNOK,1998-10-22,0.062455,0.062455,0.062455,0.062455
JPYNOK,1998-10-23,0.061865,0.061865,0.061865,0.061865
JPYNOK,1998-10-26,0.061522,0.061522,0.061522,0.061522
JPYNOK,1998-10-27,0.062338,0.062338,0.062338,0.062338
JPYNOK,1998-10-28,0.062934,0.062934,0.062934,0.062934
JPYNOK,1998-10-29,0.063128,0.063128,0.063128,0.063128
JPYNOK,1998-10-30,0.06317,0.06317,0.06317,0.06317
JPYNOK,1998-11-02,0.0637,0.0637,0.0637,0.0637
JPYNOK,1998-11-03,0.063932,0.063932,0.063932,0.063932
JPYNOK,1998-11-04,0.063523,0.063523,0.063523,0.063523
JPYNOK,1998-11-05,0.062875,0.062875,0.062875,0.062875
JPYNOK,1998-11-06,0.062246,0.062246,0.062246,0.062246
JPYNOK,1998-11-09,0.061652,0.061652,0.061652,0.061652
JPYNOK,1998-11-10,0.061144,0.061144,0.061144,0.061144
JPYNOK,1998-11-11,0.061818,0.061818,0.061818,0.061818
JPYNOK,1998-11-12,0.061047,0.061047,0.061047,0.061047
JPYNOK,1998-11-13,0.06136,0.06136,0.06136,0.06136
JPYNOK,1998-11-16,0.061025,0.061025,0.061025,0.061025
JPYNOK,1998-11-17,0.061742,0.061742,0.061742,0.061742
JPYNOK,1998-11-18,0.061154,0.061154,0.061154,0.061154
JPYNOK,1998-11-19,0.062854,0.062854,0.062854,0.062854
JPYNOK,1998-11-20,0.061911,0.061911,0.061911,0.061911
JPYNOK,1998-11-23,0.061753,0.061753,0.061753,0.061753
JPYNOK,1998-11-24,0.062019,0.062019,0.062019,0.062019
JPYNOK,1998-11-25,0.061849,0.061849,0.061849,0.061849
JPYNOK,1998-11-26,0.061408,0.061408,0.061408,0.061408
JPYNOK,1998-11-27,0.061249,0.061249,0.061249,0.061249
JPYNOK,1998-11-30,0.0609,0.0609,0.0609,0.0609
JPYNOK,1998-12-01,0.061098,0.061098,0.061098,0.061098
JPYNOK,1998-12-02,0.061753,0.061753,0.061753,0.061753
JPYNOK,1998-12-03,0.062639,0.062639,0.062639,0.062639
JPYNOK,1998-12-04,0.062736,0.062736,0.062736,0.062736
JPYNOK,1998-12-07,0.062479,0.062479,0.062479,0.062479
JPYNOK,1998-12-08,0.062961,0.062961,0.062961,0.062961
JPYNOK,1998-12-09,0.064185,0.064185,0.064185,0.064185
JPYNOK,1998-12-10,0.064522,0.064522,0.064522,0.064522
JPYNOK,1998-12-11,0.065603,0.065603,0.065603,0.065603
JPYNOK,1998-12-14,0.067295,0.067295,0.067295,0.067295
JPYNOK,1998-12-15,0.067193,0.067193,0.067193,0.067193
JPYNOK,1998-12-16,0.066193,0.066193,0.066193,0.066193
JPYNOK,1998-12-17,0.066427,0.066427,0.066427,0.066427
JPYNOK,1998-12-18,0.066832,0.066832,0.066832,0.066832
JPYNOK,1998-12-21,0.06653,0.06653,0.06653,0.06653
JPYNOK,1998-12-22,0.065772,0.065772,0.065772,0.065772
JPYNOK,1998-12-23,0.065994,0.065994,0.065994,0.065994
JPYNOK,1998-12-24,0.065642,0.065642,0.065642,0.065642
JPYNOK,1998-12-25,0.065642,0.065642,0.065642,0.065642
JPYNOK,1998-12-28,0.065627,0.065627,0.065627,0.065627
JPYNOK,1998-12-29,0.066211,0.066211,0.066211,0.066211
JPYNOK,1998-12-30,0.065987,0.065987,0.065987,0.065987
JPYNOK,1998-12-31,0.067703,0.067703,0.067703,0.067703
JPYNOK,1999-01-04,0.067245,0.067245,0.067245,0.067245
JPYNOK,1999-01-05,0.06735,0.06735,0.06735,0.06735
JPYNOK,1999-01-06,0.066009,0.066009,0.066009,0.066009
JPYNOK,1999-01-07,0.066739,0.066739,0.066739,0.066739
JPYNOK,1999-01-08,0.066532,0.066532,0.066532,0.066532
JPYNOK,1999-01-11,0.068466,0.068466,0.068466,0.068466
JPYNOK,1999-01-12,0.066005,0.066005,0.066005,0.066005
JPYNOK,1999-01-13,0.066161,0.066161,0.066161,0.066161
JPYNOK,1999-01-14,0.065701,0.065701,0.065701,0.065701
JPYNOK,1999-01-15,0.065927,0.065927,0.065927,0.065927
JPYNOK,1999-01-18,0.06499,0.06499,0.06499,0.06499
JPYNOK,1999-01-19,0.065582,0.065582,0.065582,0.065582
JPYNOK,1999-01-20,0.065989,0.065989,0.065989,0.065989
JPYNOK,1999-01-21,0.065514,0.065514,0.065514,0.065514
JPYNOK,1999-01-22,0.065137,0.065137,0.065137,0.065137
JPYNOK,1999-01-25,0.065381,0.065381,0.065381,0.065381
JPYNOK,1999-01-26,0.065519,0.065519,0.065519,0.065519
JPYNOK,1999-01-27,0.064782,0.064782,0.064782,0.064782
JPYNOK,1999-01-28,0.064422,0.064422,0.064422,0.064422
JPYNOK,1999-01-29,0.064698,0.064698,0.064698,0.064698
JPYNOK,1999-02-01,0.065649,0.065649,0.065649,0.065649
JPYNOK,1999-02-02,0.067585,0.067585,0.067585,0.067585
JPYNOK,1999-02-03,0.067729,0.067729,0.067729,0.067729
JPYNOK,1999-02-04,0.068035,0.068035,0.068035,0.068035
JPYNOK,1999-02-05,0.067823,0.067823,0.067823,0.067823
JPYNOK,1999-02-08,0.066564,0.066564,0.066564,0.066564
JPYNOK,1999-02-09,0.067091,0.067091,0.067091,0.067091
JPYNOK,1999-02-10,0.066751,0.066751,0.066751,0.066751
JPYNOK,1999-02-11,0.067097,0.067097,0.067097,0.067097
JPYNOK,1999-02-12,0.066675,0.066675,0.066675,0.066675
JPYNOK,1999-02-15,0.066371,0.066371,0.066371,0.066371
JPYNOK,1999-02-16,0.065084,0.065084,0.065084,0.065084
JPYNOK,1999-02-17,0.065053,0.065053,0.065053,0.065053
JPYNOK,1999-02-18,0.065275,0.065275,0.065275,0.065275
JPYNOK,1999-02-19,0.064706,0.064706,0.064706,0.064706
JPYNOK,1999-02-22,0.064838,0.064838,0.064838,0.064838
JPYNOK,1999-02-23,0.065145,0.065145,0.065145,0.065145
JPYNOK,1999-02-24,0.064879,0.064879,0.064879,0.064879
JPYNOK,1999-02-25,0.065782,0.065782,0.065782,0.065782
JPYNOK,1999-02-26,0.066339,0.066339,0.066339,0.066339
JPYNOK,1999-03-01,0.066422,0.066422,0.066422,0.066422
JPYNOK,1999-03-02,0.065876,0.065876,0.065876,0.065876
JPYNOK,1999-03-03,0.065239,0.065239,0.065239,0.065239
JPYNOK,1999-03-04,0.064585,0.064585,0.064585,0.064585
JPYNOK,1999-03-05,0.064535,0.064535,0.064535,0.064535
JPYNOK,1999-03-08,0.064749,0.064749,0.064749,0.064749
JPYNOK,1999-03-09,0.06483,0.06483,0.06483,0.06483
JPYNOK,1999-03-10,0.0652,0.0652,0.0652,0.0652
JPYNOK,1999-03-11,0.064759,0.064759,0.064759,0.064759
JPYNOK,1999-03-12,0.065915,0.065915,0.065915,0.065915
JPYNOK,1999-03-15,0.066545,0.066545,0.066545,0.066545
JPYNOK,1999-03-16,0.066114,0.066114,0.066114,0.066114
JPYNOK,1999-03-17,0.065811,0.065811,0.065811,0.065811
JPYNOK,1999-03-18,0.065603,0.065603,0.065603,0.065603
JPYNOK,1999-03-19,0.066128,0.066128,0.066128,0.066128
JPYNOK,1999-03-22,0.065602,0.065602,0.065602,0.065602
JPYNOK,1999-03-23,0.065457,0.065457,0.065457,0.065457
JPYNOK,1999-03-24,0.065995,0.065995,0.065995,0.065995
JPYNOK,1999-03-25,0.065179,0.065179,0.065179,0.065179
JPYNOK,1999-03-26,0.06477,0.06477,0.06477,0.06477
JPYNOK,1999-03-29,0.064715,0.064715,0.064715,0.064715
JPYNOK,1999-03-30,0.064823,0.064823,0.064823,0.064823
JPYNOK,1999-03-31,0.065285,0.065285,0.065285,0.065285
JPYNOK,1999-04-01,0.064168,0.064168,0.064168,0.064168
JPYNOK,1999-04-02,0.064123,0.064123,0.064123,0.064123
JPYNOK,1999-04-05,0.064002,0.064002,0.064002,0.064002
JPYNOK,1999-04-06,0.063935,0.063935,0.063935,0.063935
JPYNOK,1999-04-07,0.064075,0.064075,0.064075,0.064075
JPYNOK,1999-04-08,0.064692,0.064692,0.064692,0.064692
JPYNOK,1999-04-09,0.064283,0.064283,0.064283,0.064283
JPYNOK,1999-04-12,0.064397,0.064397,0.064397,0.064397
JPYNOK,1999-04-13,0.064802,0.064802,0.064802,0.064802
JPYNOK,1999-04-14,0.065024,0.065024,0.065024,0.065024
JPYNOK,1999-04-15,0.065177,0.065177,0.065177,0.065177
JPYNOK,1999-04-16,0.065871,0.065871,0.065871,0.065871
JPYNOK,1999-04-19,0.065969,0.065969,0.065969,0.065969
JPYNOK,1999-04-20,0.06551,0.06551,0.06551,0.06551
JPYNOK,1999-04-21,0.065165,0.065165,0.065165,0.065165
JPYNOK,1999-04-22,0.064983,0.064983,0.064983,0.064983
JPYNOK,1999-04-23,0.065629,0.065629,0.065629,0.065629
JPYNOK,1999-04-26,0.065515,0.065515,0.065515,0.065515
JPYNOK,1999-04-27,0.064636,0.064636,0.064636,0.064636
JPYNOK,1999-04-28,0.065532,0.065532,0.065532,0.065532
JPYNOK,1999-04-29,0.065431,0.065431,0.065431,0.065431
JPYNOK,1999-04-30,0.065377,0.065377,0.065377,0.065377
JPYNOK,1999-05-03,0.064837,0.064837,0.064837,0.064837
JPYNOK,1999-05-04,0.064129,0.064129,0.064129,0.064129
JPYNOK,1999-05-05,0.063892,0.063892,0.063892,0.063892
JPYNOK,1999-05-06,0.06347,0.06347,0.06347,0.06347
JPYNOK,1999-05-07,0.063496,0.063496,0.063496,0.063496
JPYNOK,1999-05-10,0.063219,0.063219,0.063219,0.063219
JPYNOK,1999-05-11,0.063472,0.063472,0.063472,0.063472
JPYNOK,1999-05-12,0.063826,0.063826,0.063826,0.063826
JPYNOK,1999-05-13,0.063217,0.063217,0.063217,0.063217
JPYNOK,1999-05-14,0.062735,0.062735,0.062735,0.062735
JPYNOK,1999-05-17,0.062167,0.062167,0.062167,0.062167
JPYNOK,1999-05-18,0.062425,0.062425,0.062425,0.062425
JPYNOK,1999-05-19,0.062309,0.062309,0.062309,0.062309
JPYNOK,1999-05-20,0.062489,0.062489,0.062489,0.062489
JPYNOK,1999-05-21,0.062772,0.062772,0.062772,0.062772
JPYNOK,1999-05-24,0.063113,0.063113,0.063113,0.063113
JPYNOK,1999-05-25,0.063567,0.063567,0.063567,0.063567
JPYNOK,1999-05-26,0.064447,0.064447,0.064447,0.064447
JPYNOK,1999-05-27,0.065872,0.065872,0.065872,0.065872
JPYNOK,1999-05-28,0.065077,0.065077,0.065077,0.065077
JPYNOK,1999-05-31,0.065081,0.065081,0.065081,0.065081
JPYNOK,1999-06-01,0.065249,0.065249,0.065249,0.065249
JPYNOK,1999-06-02,0.065471,0.065471,0.065471,0.065471
JPYNOK,1999-06-03,0.065664,0.065664,0.065664,0.065664
JPYNOK,1999-06-04,0.064903,0.064903,0.064903,0.064903
JPYNOK,1999-06-07,0.065838,0.065838,0.065838,0.065838
JPYNOK,1999-06-08,0.06573,0.06573,0.06573,0.06573
JPYNOK,1999-06-09,0.065986,0.065986,0.065986,0.065986
JPYNOK,1999-06-10,0.065846,0.065846,0.065846,0.065846
JPYNOK,1999-06-11,0.066181,0.066181,0.066181,0.066181
JPYNOK,1999-06-14,0.065157,0.065157,0.065157,0.065157
JPYNOK,1999-06-15,0.065289,0.065289,0.065289,0.065289
JPYNOK,1999-06-16,0.065767,0.065767,0.065767,0.065767
JPYNOK,1999-06-17,0.065935,0.065935,0.065935,0.065935
JPYNOK,1999-06-18,0.065172,0.065172,0.065172,0.065172
JPYNOK,1999-06-21,0.063907,0.063907,0.063907,0.063907
JPYNOK,1999-06-22,0.064543,0.064543,0.064543,0.064543
JPYNOK,1999-06-23,0.064288,0.064288,0.064288,0.064288
JPYNOK,1999-06-24,0.06414,0.06414,0.06414,0.06414
JPYNOK,1999-06-25,0.06441,0.06441,0.06441,0.06441
JPYNOK,1999-06-28,0.064853,0.064853,0.064853,0.064853
JPYNOK,1999-06-29,0.064967,0.064967,0.064967,0.064967
JPYNOK,1999-06-30,0.064723,0.064723,0.064723,0.064723
JPYNOK,1999-07-01,0.065692,0.065692,0.065692,0.065692
JPYNOK,1999-07-02,0.065296,0.065296,0.065296,0.065296
JPYNOK,1999-07-05,0.06454,0.06454,0.06454,0.06454
JPYNOK,1999-07-06,0.064689,0.064689,0.064689,0.064689
JPYNOK,1999-07-07,0.064743,0.064743,0.064743,0.064743
JPYNOK,1999-07-08,0.064756,0.064756,0.064756,0.064756
JPYNOK,1999-07-09,0.065123,0.065123,0.065123,0.065123
JPYNOK,1999-07-12,0.06543,0.06543,0.06543,0.06543
JPYNOK,1999-07-13,0.066112,0.066112,0.066112,0.066112
JPYNOK,1999-07-14,0.066249,0.066249,0.066249,0.066249
JPYNOK,1999-07-15,0.066127,0.066127,0.066127,0.066127
JPYNOK,1999-07-16,0.065947,0.065947,0.065947,0.065947
JPYNOK,1999-07-19,0.066513,0.066513,0.066513,0.066513
JPYNOK,1999-07-20,0.066016,0.066016,0.066016,0.066016
JPYNOK,1999-07-21,0.0665,0.0665,0.0665,0.0665
JPYNOK,1999-07-22,0.067372,0.067372,0.067372,0.067372
JPYNOK,1999-07-23,0.06727,0.06727,0.06727,0.06727
JPYNOK,1999-07-26,0.066902,0.066902,0.066902,0.066902
JPYNOK,1999-07-27,0.067399,0.067399,0.067399,0.067399
JPYNOK,1999-07-28,0.067708,0.067708,0.067708,0.067708
JPYNOK,1999-07-29,0.067705,0.067705,0.067705,0.067705
JPYNOK,1999-07-30,0.067919,0.067919,0.067919,0.067919
JPYNOK,1999-08-02,0.068069,0.068069,0.068069,0.068069
JPYNOK,1999-08-03,0.067273,0.067273,0.067273,0.067273
JPYNOK,1999-08-04,0.067483,0.067483,0.067483,0.067483
JPYNOK,1999-08-05,0.067563,0.067563,0.067563,0.067563
JPYNOK,1999-08-06,0.067524,0.067524,0.067524,0.067524
JPYNOK,1999-08-09,0.067076,0.067076,0.067076,0.067076
JPYNOK,1999-08-10,0.06734,0.06734,0.06734,0.06734
JPYNOK,1999-08-11,0.0671,0.0671,0.0671,0.0671
JPYNOK,1999-08-12,0.066932,0.066932,0.066932,0.066932
JPYNOK,1999-08-13,0.067428,0.067428,0.067428,0.067428
JPYNOK,1999-08-16,0.06779,0.06779,0.06779,0.06779
JPYNOK,1999-08-17,0.06869,0.06869,0.06869,0.06869
JPYNOK,1999-08-18,0.069736,0.069736,0.069736,0.069736
JPYNOK,1999-08-19,0.069314,0.069314,0.069314,0.069314
JPYNOK,1999-08-20,0.069453,0.069453,0.069453,0.069453
JPYNOK,1999-08-23,0.070505,0.070505,0.070505,0.070505
JPYNOK,1999-08-24,0.070482,0.070482,0.070482,0.070482
JPYNOK,1999-08-25,0.071976,0.071976,0.071976,0.071976
JPYNOK,1999-08-26,0.071566,0.071566,0.071566,0.071566
JPYNOK,1999-08-27,0.071282,0.071282,0.071282,0.071282
JPYNOK,1999-08-30,0.071691,0.071691,0.071691,0.071691
JPYNOK,1999-08-31,0.071508,0.071508,0.071508,0.071508
JPYNOK,1999-09-01,0.071574,0.071574,0.071574,0.071574
JPYNOK,1999-09-02,0.071329,0.071329,0.071329,0.071329
JPYNOK,1999-09-03,0.071413,0.071413,0.071413,0.071413
JPYNOK,1999-09-06,0.0719,0.0719,0.0719,0.0719
JPYNOK,1999-09-07,0.070578,0.070578,0.070578,0.070578
JPYNOK,1999-09-08,0.069916,0.069916,0.069916,0.069916
JPYNOK,1999-09-09,0.072045,0.072045,0.072045,0.072045
JPYNOK,1999-09-10,0.07262,0.07262,0.07262,0.07262
JPYNOK,1999-09-13,0.073576,0.073576,0.073576,0.073576
JPYNOK,1999-09-14,0.07482,0.07482,0.07482,0.07482
JPYNOK,1999-09-15,0.075427,0.075427,0.075427,0.075427
JPYNOK,1999-09-16,0.075274,0.075274,0.075274,0.075274
JPYNOK,1999-09-17,0.074008,0.074008,0.074008,0.074008
JPYNOK,1999-09-20,0.074485,0.074485,0.074485,0.074485
JPYNOK,1999-09-21,0.074448,0.074448,0.074448,0.074448
JPYNOK,1999-09-22,0.075665,0.075665,0.075665,0.075665
JPYNOK,1999-09-23,0.075258,0.075258,0.075258,0.075258
JPYNOK,1999-09-24,0.075546,0.075546,0.075546,0.075546
JPYNOK,1999-09-27,0.074023,0.074023,0.074023,0.074023
JPYNOK,1999-09-28,0.073111,0.073111,0.073111,0.073111
JPYNOK,1999-09-29,0.07227,0.07227,0.07227,0.07227
JPYNOK,1999-09-30,0.072546,0.072546,0.072546,0.072546
JPYNOK,1999-10-01,0.073239,0.073239,0.073239,0.073239
JPYNOK,1999-10-04,0.072213,0.072213,0.072213,0.072213
JPYNOK,1999-10-05,0.071981,0.071981,0.071981,0.071981
JPYNOK,1999-10-06,0.071982,0.071982,0.071982,0.071982
JPYNOK,1999-10-07,0.071961,0.071961,0.071961,0.071961
JPYNOK,1999-10-08,0.0727,0.0727,0.0727,0.0727
JPYNOK,1999-10-11,0.073148,0.073148,0.073148,0.073148
JPYNOK,1999-10-12,0.072394,0.072394,0.072394,0.072394
JPYNOK,1999-10-13,0.072205,0.072205,0.072205,0.072205
JPYNOK,1999-10-14,0.071951,0.071951,0.071951,0.071951
JPYNOK,1999-10-15,0.07282,0.07282,0.07282,0.07282
JPYNOK,1999-10-18,0.073412,0.073412,0.073412,0.073412
JPYNOK,1999-10-19,0.073155,0.073155,0.073155,0.073155
JPYNOK,1999-10-20,0.072594,0.072594,0.072594,0.072594
JPYNOK,1999-10-21,0.07276,0.07276,0.07276,0.07276
JPYNOK,1999-10-22,0.073346,0.073346,0.073346,0.073346
JPYNOK,1999-10-25,0.073543,0.073543,0.073543,0.073543
JPYNOK,1999-10-26,0.074202,0.074202,0.074202,0.074202
JPYNOK,1999-10-27,0.075196,0.075196,0.075196,0.075196
JPYNOK,1999-10-28,0.074737,0.074737,0.074737,0.074737
JPYNOK,1999-10-29,0.075369,0.075369,0.075369,0.075369
JPYNOK,1999-11-01,0.075645,0.075645,0.075645,0.075645
JPYNOK,1999-11-02,0.075316,0.075316,0.075316,0.075316
JPYNOK,1999-11-03,0.075162,0.075162,0.075162,0.075162
JPYNOK,1999-11-04,0.075737,0.075737,0.075737,0.075737
JPYNOK,1999-11-05,0.074468,0.074468,0.074468,0.074468
JPYNOK,1999-11-08,0.075109,0.075109,0.075109,0.075109
JPYNOK,1999-11-09,0.075083,0.075083,0.075083,0.075083
JPYNOK,1999-11-10,0.07518,0.07518,0.07518,0.07518
JPYNOK,1999-11-11,0.075173,0.075173,0.075173,0.075173
JPYNOK,1999-11-12,0.075557,0.075557,0.075557,0.075557
JPYNOK,1999-11-15,0.075674,0.075674,0.075674,0.075674
JPYNOK,1999-11-16,0.075212,0.075212,0.075212,0.075212
JPYNOK,1999-11-17,0.074664,0.074664,0.074664,0.074664
JPYNOK,1999-11-18,0.074992,0.074992,0.074992,0.074992
JPYNOK,1999-11-19,0.074794,0.074794,0.074794,0.074794
JPYNOK,1999-11-22,0.075709,0.075709,0.075709,0.075709
JPYNOK,1999-11-23,0.076069,0.076069,0.076069,0.076069
JPYNOK,1999-11-24,0.076533,0.076533,0.076533,0.076533
JPYNOK,1999-11-25,0.076638,0.076638,0.076638,0.076638
JPYNOK,1999-11-26,0.078637,0.078637,0.078637,0.078637
JPYNOK,1999-11-29,0.07843,0.07843,0.07843,0.07843
JPYNOK,1999-11-30,0.078852,0.078852,0.078852,0.078852
JPYNOK,1999-12-01,0.078656,0.078656,0.078656,0.078656
JPYNOK,1999-12-02,0.079086,0.079086,0.079086,0.079086
JPYNOK,1999-12-03,0.078792,0.078792,0.078792,0.078792
JPYNOK,1999-12-06,0.076756,0.076756,0.076756,0.076756
JPYNOK,1999-12-07,0.077576,0.077576,0.077576,0.077576
JPYNOK,1999-12-08,0.076923,0.076923,0.076923,0.076923
JPYNOK,1999-12-09,0.077517,0.077517,0.077517,0.077517
JPYNOK,1999-12-10,0.078349,0.078349,0.078349,0.078349
JPYNOK,1999-12-13,0.077565,0.077565,0.077565,0.077565
JPYNOK,1999-12-14,0.077901,0.077901,0.077901,0.077901
JPYNOK,1999-12-15,0.077663,0.077663,0.077663,0.077663
JPYNOK,1999-12-16,0.077309,0.077309,0.077309,0.077309
JPYNOK,1999-12-17,0.07787,0.07787,0.07787,0.07787
JPYNOK,1999-12-20,0.077882,0.077882,0.077882,0.077882
JPYNOK,1999-12-21,0.078301,0.078301,0.078301,0.078301
JPYNOK,1999-12-22,0.078543,0.078543,0.078543,0.078543
JPYNOK,1999-12-23,0.077734,0.077734,0.077734,0.077734
JPYNOK,1999-12-24,0.077979,0.077979,0.077979,0.077979
JPYNOK,1999-12-27,0.078345,0.078345,0.078345,0.078345
JPYNOK,1999-12-28,0.078562,0.078562,0.078562,0.078562
JPYNOK,1999-12-29,0.07876,0.07876,0.07876,0.07876
JPYNOK,1999-12-30,0.078208,0.078208,0.078208,0.078208
JPYNOK,1999-12-31,0.078213,0.078213,0.078213,0.078213
JPYNOK,2000-01-03,0.077587,0.077587,0.077587,0.077587
JPYNOK,2000-01-04,0.076886,0.076886,0.076886,0.076886
JPYNOK,2000-01-05,0.076206,0.076206,0.076206,0.076206
JPYNOK,2000-01-06,0.075404,0.075404,0.075404,0.075404
JPYNOK,2000-01-07,0.075727,0.075727,0.075727,0.075727
JPYNOK,2000-01-10,0.076296,0.076296,0.076296,0.076296
JPYNOK,2000-01-11,0.075034,0.075034,0.075034,0.075034
JPYNOK,2000-01-12,0.075099,0.075099,0.075099,0.075099
JPYNOK,2000-01-13,0.074939,0.074939,0.074939,0.074939
JPYNOK,2000-01-14,0.075379,0.075379,0.075379,0.075379
JPYNOK,2000-01-17,0.076377,0.076377,0.076377,0.076377
JPYNOK,2000-01-18,0.07551,0.07551,0.07551,0.07551
JPYNOK,2000-01-19,0.075605,0.075605,0.075605,0.075605
JPYNOK,2000-01-20,0.075463,0.075463,0.075463,0.075463
JPYNOK,2000-01-21,0.076429,0.076429,0.076429,0.076429
JPYNOK,2000-01-24,0.075613,0.075613,0.075613,0.075613
JPYNOK,2000-01-25,0.076081,0.076081,0.076081,0.076081
JPYNOK,2000-01-26,0.076327,0.076327,0.076327,0.076327
JPYNOK,2000-01-27,0.077574,0.077574,0.077574,0.077574
JPYNOK,2000-01-28,0.077468,0.077468,0.077468,0.077468
JPYNOK,2000-01-31,0.077837,0.077837,0.077837,0.077837
JPYNOK,2000-02-01,0.077115,0.077115,0.077115,0.077115
JPYNOK,2000-02-02,0.076202,0.076202,0.076202,0.076202
JPYNOK,2000-02-03,0.075717,0.075717,0.075717,0.075717
JPYNOK,2000-02-04,0.076689,0.076689,0.076689,0.076689
JPYNOK,2000-02-07,0.075823,0.075823,0.075823,0.075823
JPYNOK,2000-02-08,0.07487,0.07487,0.07487,0.07487
JPYNOK,2000-02-09,0.074597,0.074597,0.074597,0.074597
JPYNOK,2000-02-10,0.074876,0.074876,0.074876,0.074876
JPYNOK,2000-02-11,0.075247,0.075247,0.075247,0.075247
JPYNOK,2000-02-14,0.075672,0.075672,0.075672,0.075672
JPYNOK,2000-02-15,0.075569,0.075569,0.075569,0.075569
JPYNOK,2000-02-16,0.075133,0.075133,0.075133,0.075133
JPYNOK,2000-02-17,0.074669,0.074669,0.074669,0.074669
JPYNOK,2000-02-18,0.074396,0.074396,0.074396,0.074396
JPYNOK,2000-02-21,0.074343,0.074343,0.074343,0.074343
JPYNOK,2000-02-22,0.073549,0.073549,0.073549,0.073549
JPYNOK,2000-02-23,0.073552,0.073552,0.073552,0.073552
JPYNOK,2000-02-24,0.07375,0.07375,0.07375,0.07375
JPYNOK,2000-02-25,0.075423,0.075423,0.075423,0.075423
JPYNOK,2000-02-28,0.07587,0.07587,0.07587,0.07587
JPYNOK,2000-02-29,0.075955,0.075955,0.075955,0.075955
JPYNOK,2000-03-01,0.077441,0.077441,0.077441,0.077441
JPYNOK,2000-03-02,0.077795,0.077795,0.077795,0.077795
JPYNOK,2000-03-03,0.078052,0.078052,0.078052,0.078052
JPYNOK,2000-03-06,0.078151,0.078151,0.078151,0.078151
JPYNOK,2000-03-07,0.079221,0.079221,0.079221,0.079221
JPYNOK,2000-03-08,0.078568,0.078568,0.078568,0.078568
JPYNOK,2000-03-09,0.078775,0.078775,0.078775,0.078775
JPYNOK,2000-03-10,0.079128,0.079128,0.079128,0.079128
JPYNOK,2000-03-13,0.079719,0.079719,0.079719,0.079719
JPYNOK,2000-03-14,0.080029,0.080029,0.080029,0.080029
JPYNOK,2000-03-15,0.080131,0.080131,0.080131,0.080131
JPYNOK,2000-03-16,0.079649,0.079649,0.079649,0.079649
JPYNOK,2000-03-17,0.078703,0.078703,0.078703,0.078703
JPYNOK,2000-03-20,0.079067,0.079067,0.079067,0.079067
JPYNOK,2000-03-21,0.079264,0.079264,0.079264,0.079264
JPYNOK,2000-03-22,0.079426,0.079426,0.079426,0.079426
JPYNOK,2000-03-23,0.077878,0.077878,0.077878,0.077878
JPYNOK,2000-03-24,0.077686,0.077686,0.077686,0.077686
JPYNOK,2000-03-27,0.078769,0.078769,0.078769,0.078769
JPYNOK,2000-03-28,0.079302,0.079302,0.079302,0.079302
JPYNOK,2000-03-29,0.079918,0.079918,0.079918,0.079918
JPYNOK,2000-03-30,0.079615,0.079615,0.079615,0.079615
JPYNOK,2000-03-31,0.082259,0.082259,0.082259,0.082259
JPYNOK,2000-04-03,0.080608,0.080608,0.080608,0.080608
JPYNOK,2000-04-04,0.080327,0.080327,0.080327,0.080327
JPYNOK,2000-04-05,0.08082,0.08082,0.08082,0.08082
JPYNOK,2000-04-06,0.080783,0.080783,0.080783,0.080783
JPYNOK,2000-04-07,0.080836,0.080836,0.080836,0.080836
JPYNOK,2000-04-10,0.07963,0.07963,0.07963,0.07963
JPYNOK,2000-04-11,0.079724,0.079724,0.079724,0.079724
JPYNOK,2000-04-12,0.080344,0.080344,0.080344,0.080344
JPYNOK,2000-04-13,0.080773,0.080773,0.080773,0.080773
JPYNOK,2000-04-14,0.08097,0.08097,0.08097,0.08097
JPYNOK,2000-04-17,0.082455,0.082455,0.082455,0.082455
JPYNOK,2000-04-18,0.082358,0.082358,0.082358,0.082358
JPYNOK,2000-04-19,0.082958,0.082958,0.082958,0.082958
JPYNOK,2000-04-20,0.082481,0.082481,0.082481,0.082481
JPYNOK,2000-04-21,0.081949,0.081949,0.081949,0.081949
JPYNOK,2000-04-24,0.082183,0.082183,0.082183,0.082183
JPYNOK,2000-04-25,0.083272,0.083272,0.083272,0.083272
JPYNOK,2000-04-26,0.082948,0.082948,0.082948,0.082948
JPYNOK,2000-04-27,0.084227,0.084227,0.084227,0.084227
JPYNOK,2000-04-28,0.082711,0.082711,0.082711,0.082711
JPYNOK,2000-05-01,0.081588,0.081588,0.081588,0.081588
JPYNOK,2000-05-02,0.082185,0.082185,0.082185,0.082185
JPYNOK,2000-05-03,0.082563,0.082563,0.082563,0.082563
JPYNOK,2000-05-04,0.084281,0.084281,0.084281,0.084281
JPYNOK,2000-05-05,0.083724,0.083724,0.083724,0.083724
JPYNOK,2000-05-08,0.083042,0.083042,0.083042,0.083042
JPYNOK,2000-05-09,0.082382,0.082382,0.082382,0.082382
JPYNOK,2000-05-10,0.082581,0.082581,0.082581,0.082581
JPYNOK,2000-05-11,0.084312,0.084312,0.084312,0.084312
JPYNOK,2000-05-12,0.08249,0.08249,0.08249,0.08249
JPYNOK,2000-05-15,0.082177,0.082177,0.082177,0.082177
JPYNOK,2000-05-16,0.082406,0.082406,0.082406,0.082406
JPYNOK,2000-05-17,0.083531,0.083531,0.083531,0.083531
JPYNOK,2000-05-18,0.083932,0.083932,0.083932,0.083932
JPYNOK,2000-05-19,0.085011,0.085011,0.085011,0.085011
JPYNOK,2000-05-22,0.085275,0.085275,0.085275,0.085275
JPYNOK,2000-05-23,0.085785,0.085785,0.085785,0.085785
JPYNOK,2000-05-24,0.08497,0.08497,0.08497,0.08497
JPYNOK,2000-05-25,0.084396,0.084396,0.084396,0.084396
JPYNOK,2000-05-26,0.083549,0.083549,0.083549,0.083549
JPYNOK,2000-05-29,0.083946,0.083946,0.083946,0.083946
JPYNOK,2000-05-30,0.084036,0.084036,0.084036,0.084036
JPYNOK,2000-05-31,0.082499,0.082499,0.082499,0.082499
JPYNOK,2000-06-01,0.0822,0.0822,0.0822,0.0822
JPYNOK,2000-06-02,0.081426,0.081426,0.081426,0.081426
JPYNOK,2000-06-05,0.081194,0.081194,0.081194,0.081194
JPYNOK,2000-06-06,0.082018,0.082018,0.082018,0.082018
JPYNOK,2000-06-07,0.081634,0.081634,0.081634,0.081634
JPYNOK,2000-06-08,0.082043,0.082043,0.082043,0.082043
JPYNOK,2000-06-09,0.081705,0.081705,0.081705,0.081705
JPYNOK,2000-06-12,0.081481,0.081481,0.081481,0.081481
JPYNOK,2000-06-13,0.080809,0.080809,0.080809,0.080809
JPYNOK,2000-06-14,0.080654,0.080654,0.080654,0.080654
JPYNOK,2000-06-15,0.08107,0.08107,0.08107,0.08107
JPYNOK,2000-06-16,0.080706,0.080706,0.080706,0.080706
JPYNOK,2000-06-19,0.081238,0.081238,0.081238,0.081238
JPYNOK,2000-06-20,0.081653,0.081653,0.081653,0.081653
JPYNOK,2000-06-21,0.082348,0.082348,0.082348,0.082348
JPYNOK,2000-06-22,0.083748,0.083748,0.083748,0.083748
JPYNOK,2000-06-23,0.083514,0.083514,0.083514,0.083514
JPYNOK,2000-06-26,0.0829,0.0829,0.0829,0.0829
JPYNOK,2000-06-27,0.082284,0.082284,0.082284,0.082284
JPYNOK,2000-06-28,0.082219,0.082219,0.082219,0.082219
JPYNOK,2000-06-29,0.081505,0.081505,0.081505,0.081505
JPYNOK,2000-06-30,0.081093,0.081093,0.081093,0.081093
JPYNOK,2000-07-03,0.081431,0.081431,0.081431,0.081431
JPYNOK,2000-07-04,0.081013,0.081013,0.081013,0.081013
JPYNOK,2000-07-05,0.080417,0.080417,0.080417,0.080417
JPYNOK,2000-07-06,0.080239,0.080239,0.080239,0.080239
JPYNOK,2000-07-07,0.079599,0.079599,0.079599,0.079599
JPYNOK,2000-07-10,0.079875,0.079875,0.079875,0.079875
JPYNOK,2000-07-11,0.080165,0.080165,0.080165,0.080165
JPYNOK,2000-07-12,0.079813,0.079813,0.079813,0.079813
JPYNOK,2000-07-13,0.08044,0.08044,0.08044,0.08044
JPYNOK,2000-07-14,0.080664,0.080664,0.080664,0.080664
JPYNOK,2000-07-17,0.080515,0.080515,0.080515,0.080515
JPYNOK,2000-07-18,0.081957,0.081957,0.081957,0.081957
JPYNOK,2000-07-19,0.081612,0.081612,0.081612,0.081612
JPYNOK,2000-07-20,0.081451,0.081451,0.081451,0.081451
JPYNOK,2000-07-21,0.080308,0.080308,0.080308,0.080308
JPYNOK,2000-07-24,0.080675,0.080675,0.080675,0.080675
JPYNOK,2000-07-25,0.079815,0.079815,0.079815,0.079815
JPYNOK,2000-07-26,0.079576,0.079576,0.079576,0.079576
JPYNOK,2000-07-27,0.080741,0.080741,0.080741,0.080741
JPYNOK,2000-07-28,0.080819,0.080819,0.080819,0.080819
JPYNOK,2000-07-31,0.081017,0.081017,0.081017,0.081017
JPYNOK,2000-08-01,0.08206,0.08206,0.08206,0.08206
JPYNOK,2000-08-02,0.082228,0.082228,0.082228,0.082228
JPYNOK,2000-08-03,0.082936,0.082936,0.082936,0.082936
JPYNOK,2000-08-04,0.08192,0.08192,0.08192,0.08192
JPYNOK,2000-08-07,0.081853,0.081853,0.081853,0.081853
JPYNOK,2000-08-08,0.082638,0.082638,0.082638,0.082638
JPYNOK,2000-08-09,0.083383,0.083383,0.083383,0.083383
JPYNOK,2000-08-10,0.082221,0.082221,0.082221,0.082221
JPYNOK,2000-08-11,0.082406,0.082406,0.082406,0.082406
JPYNOK,2000-08-14,0.081449,0.081449,0.081449,0.081449
JPYNOK,2000-08-15,0.081505,0.081505,0.081505,0.081505
JPYNOK,2000-08-16,0.081364,0.081364,0.081364,0.081364
JPYNOK,2000-08-17,0.081306,0.081306,0.081306,0.081306
JPYNOK,2000-08-18,0.082133,0.082133,0.082133,0.082133
JPYNOK,2000-08-21,0.082072,0.082072,0.082072,0.082072
JPYNOK,2000-08-22,0.082885,0.082885,0.082885,0.082885
JPYNOK,2000-08-23,0.083618,0.083618,0.083618,0.083618
JPYNOK,2000-08-24,0.084119,0.084119,0.084119,0.084119
JPYNOK,2000-08-25,0.083741,0.083741,0.083741,0.083741
JPYNOK,2000-08-28,0.084152,0.084152,0.084152,0.084152
JPYNOK,2000-08-29,0.085459,0.085459,0.085459,0.085459
JPYNOK,2000-08-30,0.084708,0.084708,0.084708,0.084708
JPYNOK,2000-08-31,0.085109,0.085109,0.085109,0.085109
JPYNOK,2000-09-01,0.084976,0.084976,0.084976,0.084976
JPYNOK,2000-09-04,0.085085,0.085085,0.085085,0.085085
JPYNOK,2000-09-05,0.085689,0.085689,0.085689,0.085689
JPYNOK,2000-09-06,0.087154,0.087154,0.087154,0.087154
JPYNOK,2000-09-07,0.087538,0.087538,0.087538,0.087538
JPYNOK,2000-09-08,0.087209,0.087209,0.087209,0.087209
JPYNOK,2000-09-11,0.088219,0.088219,0.088219,0.088219
JPYNOK,2000-09-12,0.086766,0.086766,0.086766,0.086766
JPYNOK,2000-09-13,0.087262,0.087262,0.087262,0.087262
JPYNOK,2000-09-14,0.086459,0.086459,0.086459,0.086459
JPYNOK,2000-09-15,0.087204,0.087204,0.087204,0.087204
JPYNOK,2000-09-18,0.08774,0.08774,0.08774,0.08774
JPYNOK,2000-09-19,0.087901,0.087901,0.087901,0.087901
JPYNOK,2000-09-20,0.088452,0.088452,0.088452,0.088452
JPYNOK,2000-09-21,0.087507,0.087507,0.087507,0.087507
JPYNOK,2000-09-22,0.084527,0.084527,0.084527,0.084527
JPYNOK,2000-09-25,0.08521,0.08521,0.08521,0.08521
JPYNOK,2000-09-26,0.084581,0.084581,0.084581,0.084581
JPYNOK,2000-09-27,0.084692,0.084692,0.084692,0.084692
JPYNOK,2000-09-28,0.084716,0.084716,0.084716,0.084716
JPYNOK,2000-09-29,0.084027,0.084027,0.084027,0.084027
JPYNOK,2000-10-02,0.084428,0.084428,0.084428,0.084428
JPYNOK,2000-10-03,0.08421,0.08421,0.08421,0.08421
JPYNOK,2000-10-04,0.083989,0.083989,0.083989,0.083989
JPYNOK,2000-10-05,0.084614,0.084614,0.084614,0.084614
JPYNOK,2000-10-06,0.084939,0.084939,0.084939,0.084939
JPYNOK,2000-10-09,0.085098,0.085098,0.085098,0.085098
JPYNOK,2000-10-10,0.085725,0.085725,0.085725,0.085725
JPYNOK,2000-10-11,0.086501,0.086501,0.086501,0.086501
JPYNOK,2000-10-12,0.086269,0.086269,0.086269,0.086269
JPYNOK,2000-10-13,0.087501,0.087501,0.087501,0.087501
JPYNOK,2000-10-16,0.087102,0.087102,0.087102,0.087102
JPYNOK,2000-10-17,0.087162,0.087162,0.087162,0.087162
JPYNOK,2000-10-18,0.088938,0.088938,0.088938,0.088938
JPYNOK,2000-10-19,0.087365,0.087365,0.087365,0.087365
JPYNOK,2000-10-20,0.087025,0.087025,0.087025,0.087025
JPYNOK,2000-10-23,0.087859,0.087859,0.087859,0.087859
JPYNOK,2000-10-24,0.088373,0.088373,0.088373,0.088373
JPYNOK,2000-10-25,0.088539,0.088539,0.088539,0.088539
JPYNOK,2000-10-26,0.088242,0.088242,0.088242,0.088242
JPYNOK,2000-10-27,0.087,0.087,0.087,0.087
JPYNOK,2000-10-30,0.08629,0.08629,0.08629,0.08629
JPYNOK,2000-10-31,0.085116,0.085116,0.085116,0.085116
JPYNOK,2000-11-01,0.08476,0.08476,0.08476,0.08476
JPYNOK,2000-11-02,0.08544,0.08544,0.08544,0.08544
JPYNOK,2000-11-03,0.086039,0.086039,0.086039,0.086039
JPYNOK,2000-11-06,0.086298,0.086298,0.086298,0.086298
JPYNOK,2000-11-07,0.086545,0.086545,0.086545,0.086545
JPYNOK,2000-11-08,0.086697,0.086697,0.086697,0.086697
JPYNOK,2000-11-09,0.085399,0.085399,0.085399,0.085399
JPYNOK,2000-11-10,0.086048,0.086048,0.086048,0.086048
JPYNOK,2000-11-13,0.08643,0.08643,0.08643,0.08643
JPYNOK,2000-11-14,0.086497,0.086497,0.086497,0.086497
JPYNOK,2000-11-15,0.08601,0.08601,0.08601,0.08601
JPYNOK,2000-11-16,0.085992,0.085992,0.085992,0.085992
JPYNOK,2000-11-17,0.086589,0.086589,0.086589,0.086589
JPYNOK,2000-11-20,0.085395,0.085395,0.085395,0.085395
JPYNOK,2000-11-21,0.086357,0.086357,0.086357,0.086357
JPYNOK,2000-11-22,0.086032,0.086032,0.086032,0.086032
JPYNOK,2000-11-23,0.086529,0.086529,0.086529,0.086529
JPYNOK,2000-11-24,0.085833,0.085833,0.085833,0.085833
JPYNOK,2000-11-27,0.085022,0.085022,0.085022,0.085022
JPYNOK,2000-11-28,0.085028,0.085028,0.085028,0.085028
JPYNOK,2000-11-29,0.084285,0.084285,0.084285,0.084285
JPYNOK,2000-11-30,0.083761,0.083761,0.083761,0.083761
JPYNOK,2000-12-01,0.082713,0.082713,0.082713,0.082713
JPYNOK,2000-12-04,0.082431,0.082431,0.082431,0.082431
JPYNOK,2000-12-05,0.082809,0.082809,0.082809,0.082809
JPYNOK,2000-12-06,0.081908,0.081908,0.081908,0.081908
JPYNOK,2000-12-07,0.082464,0.082464,0.082464,0.082464
JPYNOK,2000-12-08,0.082296,0.082296,0.082296,0.082296
JPYNOK,2000-12-11,0.083296,0.083296,0.083296,0.083296
JPYNOK,2000-12-12,0.082387,0.082387,0.082387,0.082387
JPYNOK,2000-12-13,0.082233,0.082233,0.082233,0.082233
JPYNOK,2000-12-14,0.081313,0.081313,0.081313,0.081313
JPYNOK,2000-12-15,0.080482,0.080482,0.080482,0.080482
JPYNOK,2000-12-18,0.080767,0.080767,0.080767,0.080767
JPYNOK,2000-12-19,0.080548,0.080548,0.080548,0.080548
JPYNOK,2000-12-20,0.079563,0.079563,0.079563,0.079563
JPYNOK,2000-12-21,0.079579,0.079579,0.079579,0.079579
JPYNOK,2000-12-22,0.078276,0.078276,0.078276,0.078276
JPYNOK,2000-12-25,0.078334,0.078334,0.078334,0.078334
JPYNOK,2000-12-26,0.077476,0.077476,0.077476,0.077476
JPYNOK,2000-12-27,0.077726,0.077726,0.077726,0.077726
JPYNOK,2000-12-28,0.077637,0.077637,0.077637,0.077637
JPYNOK,2000-12-29,0.076485,0.076485,0.076485,0.076485
JPYNOK,2001-01-01,0.076626,0.076626,0.076626,0.076626
JPYNOK,2001-01-02,0.076295,0.076295,0.076295,0.076295
JPYNOK,2001-01-03,0.078678,0.078678,0.078678,0.078678
JPYNOK,2001-01-04,0.075191,0.075191,0.075191,0.075191
JPYNOK,2001-01-05,0.074207,0.074207,0.074207,0.074207
JPYNOK,2001-01-08,0.075492,0.075492,0.075492,0.075492
JPYNOK,2001-01-09,0.074663,0.074663,0.074663,0.074663
JPYNOK,2001-01-10,0.075115,0.075115,0.075115,0.075115
JPYNOK,2001-01-11,0.073056,0.073056,0.073056,0.073056
JPYNOK,2001-01-12,0.072884,0.072884,0.072884,0.072884
JPYNOK,2001-01-15,0.073281,0.073281,0.073281,0.073281
JPYNOK,2001-01-16,0.07423,0.07423,0.07423,0.07423
JPYNOK,2001-01-17,0.073854,0.073854,0.073854,0.073854
JPYNOK,2001-01-18,0.07392,0.07392,0.07392,0.07392
JPYNOK,2001-01-19,0.075122,0.075122,0.075122,0.075122
JPYNOK,2001-01-22,0.075224,0.075224,0.075224,0.075224
JPYNOK,2001-01-23,0.075389,0.075389,0.075389,0.075389
JPYNOK,2001-01-24,0.075827,0.075827,0.075827,0.075827
JPYNOK,2001-01-25,0.076041,0.076041,0.076041,0.076041
JPYNOK,2001-01-26,0.075738,0.075738,0.075738,0.075738
JPYNOK,2001-01-29,0.076491,0.076491,0.076491,0.076491
JPYNOK,2001-01-30,0.076578,0.076578,0.076578,0.076578
JPYNOK,2001-01-31,0.075808,0.075808,0.075808,0.075808
JPYNOK,2001-02-01,0.075718,0.075718,0.075718,0.075718
JPYNOK,2001-02-02,0.075727,0.075727,0.075727,0.075727
JPYNOK,2001-02-05,0.076122,0.076122,0.076122,0.076122
JPYNOK,2001-02-06,0.076515,0.076515,0.076515,0.076515
JPYNOK,2001-02-07,0.075847,0.075847,0.075847,0.075847
JPYNOK,2001-02-08,0.076164,0.076164,0.076164,0.076164
JPYNOK,2001-02-09,0.07545,0.07545,0.07545,0.07545
JPYNOK,2001-02-12,0.075104,0.075104,0.075104,0.075104
JPYNOK,2001-02-13,0.076405,0.076405,0.076405,0.076405
JPYNOK,2001-02-14,0.07706,0.07706,0.07706,0.07706
JPYNOK,2001-02-15,0.078484,0.078484,0.078484,0.078484
JPYNOK,2001-02-16,0.077429,0.077429,0.077429,0.077429
JPYNOK,2001-02-19,0.07682,0.07682,0.07682,0.07682
JPYNOK,2001-02-20,0.077945,0.077945,0.077945,0.077945
JPYNOK,2001-02-21,0.077746,0.077746,0.077746,0.077746
JPYNOK,2001-02-22,0.077819,0.077819,0.077819,0.077819
JPYNOK,2001-02-23,0.07756,0.07756,0.07756,0.07756
JPYNOK,2001-02-26,0.077379,0.077379,0.077379,0.077379
JPYNOK,2001-02-27,0.077168,0.077168,0.077168,0.077168
JPYNOK,2001-02-28,0.075921,0.075921,0.075921,0.075921
JPYNOK,2001-03-01,0.075427,0.075427,0.075427,0.075427
JPYNOK,2001-03-02,0.073968,0.073968,0.073968,0.073968
JPYNOK,2001-03-05,0.074373,0.074373,0.074373,0.074373
JPYNOK,2001-03-06,0.073925,0.073925,0.073925,0.073925
JPYNOK,2001-03-07,0.073674,0.073674,0.073674,0.073674
JPYNOK,2001-03-08,0.073548,0.073548,0.073548,0.073548
JPYNOK,2001-03-09,0.073539,0.073539,0.073539,0.073539
JPYNOK,2001-03-12,0.073526,0.073526,0.073526,0.073526
JPYNOK,2001-03-13,0.075041,0.075041,0.075041,0.075041
JPYNOK,2001-03-14,0.074158,0.074158,0.074158,0.074158
JPYNOK,2001-03-15,0.074473,0.074473,0.074473,0.074473
JPYNOK,2001-03-16,0.074009,0.074009,0.074009,0.074009
JPYNOK,2001-03-19,0.073497,0.073497,0.073497,0.073497
JPYNOK,2001-03-20,0.073231,0.073231,0.073231,0.073231
JPYNOK,2001-03-21,0.07356,0.07356,0.07356,0.07356
JPYNOK,2001-03-22,0.073838,0.073838,0.073838,0.073838
JPYNOK,2001-03-23,0.074093,0.074093,0.074093,0.074093
JPYNOK,2001-03-26,0.073665,0.073665,0.073665,0.073665
JPYNOK,2001-03-27,0.074207,0.074207,0.074207,0.074207
JPYNOK,2001-03-28,0.074752,0.074752,0.074752,0.074752
JPYNOK,2001-03-29,0.073472,0.073472,0.073472,0.073472
JPYNOK,2001-03-30,0.07265,0.07265,0.07265,0.07265
JPYNOK,2001-04-02,0.072301,0.072301,0.072301,0.072301
JPYNOK,2001-04-03,0.072201,0.072201,0.072201,0.072201
JPYNOK,2001-04-04,0.072344,0.072344,0.072344,0.072344
JPYNOK,2001-04-05,0.073079,0.073079,0.073079,0.073079
JPYNOK,2001-04-06,0.07264,0.07264,0.07264,0.07264
JPYNOK,2001-04-09,0.072537,0.072537,0.072537,0.072537
JPYNOK,2001-04-10,0.072997,0.072997,0.072997,0.072997
JPYNOK,2001-04-11,0.072837,0.072837,0.072837,0.072837
JPYNOK,2001-04-12,0.073376,0.073376,0.073376,0.073376
JPYNOK,2001-04-13,0.073358,0.073358,0.073358,0.073358
JPYNOK,2001-04-16,0.073239,0.073239,0.073239,0.073239
JPYNOK,2001-04-17,0.073888,0.073888,0.073888,0.073888
JPYNOK,2001-04-18,0.074491,0.074491,0.074491,0.074491
JPYNOK,2001-04-19,0.074561,0.074561,0.074561,0.074561
JPYNOK,2001-04-20,0.073688,0.073688,0.073688,0.073688
JPYNOK,2001-04-23,0.074698,0.074698,0.074698,0.074698
JPYNOK,2001-04-24,0.074572,0.074572,0.074572,0.074572
JPYNOK,2001-04-25,0.074618,0.074618,0.074618,0.074618
JPYNOK,2001-04-26,0.073374,0.073374,0.073374,0.073374
JPYNOK,2001-04-27,0.073442,0.073442,0.073442,0.073442
JPYNOK,2001-04-30,0.073536,0.073536,0.073536,0.073536
JPYNOK,2001-05-01,0.074087,0.074087,0.074087,0.074087
JPYNOK,2001-05-02,0.074532,0.074532,0.074532,0.074532
JPYNOK,2001-05-03,0.074869,0.074869,0.074869,0.074869
JPYNOK,2001-05-04,0.074572,0.074572,0.074572,0.074572
JPYNOK,2001-05-07,0.074816,0.074816,0.074816,0.074816
JPYNOK,2001-05-08,0.074929,0.074929,0.074929,0.074929
JPYNOK,2001-05-09,0.074486,0.074486,0.074486,0.074486
JPYNOK,2001-05-10,0.074497,0.074497,0.074497,0.074497
JPYNOK,2001-05-11,0.074801,0.074801,0.074801,0.074801
JPYNOK,2001-05-14,0.074291,0.074291,0.074291,0.074291
JPYNOK,2001-05-15,0.074003,0.074003,0.074003,0.074003
JPYNOK,2001-05-16,0.073433,0.073433,0.073433,0.073433
JPYNOK,2001-05-17,0.074021,0.074021,0.074021,0.074021
JPYNOK,2001-05-18,0.073282,0.073282,0.073282,0.073282
JPYNOK,2001-05-21,0.073848,0.073848,0.073848,0.073848
JPYNOK,2001-05-22,0.074731,0.074731,0.074731,0.074731
JPYNOK,2001-05-23,0.077342,0.077342,0.077342,0.077342
JPYNOK,2001-05-24,0.076961,0.076961,0.076961,0.076961
JPYNOK,2001-05-25,0.076021,0.076021,0.076021,0.076021
JPYNOK,2001-05-28,0.076038,0.076038,0.076038,0.076038
JPYNOK,2001-05-29,0.076965,0.076965,0.076965,0.076965
JPYNOK,2001-05-30,0.076707,0.076707,0.076707,0.076707
JPYNOK,2001-05-31,0.078676,0.078676,0.078676,0.078676
JPYNOK,2001-06-01,0.079306,0.079306,0.079306,0.079306
JPYNOK,2001-06-04,0.0791,0.0791,0.0791,0.0791
JPYNOK,2001-06-05,0.077396,0.077396,0.077396,0.077396
JPYNOK,2001-06-06,0.077871,0.077871,0.077871,0.077871
JPYNOK,2001-06-07,0.077897,0.077897,0.077897,0.077897
JPYNOK,2001-06-08,0.077638,0.077638,0.077638,0.077638
JPYNOK,2001-06-11,0.077276,0.077276,0.077276,0.077276
JPYNOK,2001-06-12,0.077145,0.077145,0.077145,0.077145
JPYNOK,2001-06-13,0.076442,0.076442,0.076442,0.076442
JPYNOK,2001-06-14,0.076414,0.076414,0.076414,0.076414
JPYNOK,2001-06-15,0.075173,0.075173,0.075173,0.075173
JPYNOK,2001-06-18,0.074397,0.074397,0.074397,0.074397
JPYNOK,2001-06-19,0.074418,0.074418,0.074418,0.074418
JPYNOK,2001-06-20,0.074531,0.074531,0.074531,0.074531
JPYNOK,2001-06-21,0.073888,0.073888,0.073888,0.073888
JPYNOK,2001-06-22,0.07386,0.07386,0.07386,0.07386
JPYNOK,2001-06-25,0.074602,0.074602,0.074602,0.074602
JPYNOK,2001-06-26,0.073838,0.073838,0.073838,0.073838
JPYNOK,2001-06-27,0.074034,0.074034,0.074034,0.074034
JPYNOK,2001-06-28,0.074688,0.074688,0.074688,0.074688
JPYNOK,2001-06-29,0.074788,0.074788,0.074788,0.074788
JPYNOK,2001-07-02,0.075669,0.075669,0.075669,0.075669
JPYNOK,2001-07-03,0.075113,0.075113,0.075113,0.075113
JPYNOK,2001-07-04,0.07531,0.07531,0.07531,0.07531
JPYNOK,2001-07-05,0.074952,0.074952,0.074952,0.074952
JPYNOK,2001-07-06,0.074352,0.074352,0.074352,0.074352
JPYNOK,2001-07-09,0.074287,0.074287,0.074287,0.074287
JPYNOK,2001-07-10,0.074061,0.074061,0.074061,0.074061
JPYNOK,2001-07-11,0.074766,0.074766,0.074766,0.074766
JPYNOK,2001-07-12,0.075319,0.075319,0.075319,0.075319
JPYNOK,2001-07-13,0.074536,0.074536,0.074536,0.074536
JPYNOK,2001-07-16,0.074539,0.074539,0.074539,0.074539
JPYNOK,2001-07-17,0.074565,0.074565,0.074565,0.074565
JPYNOK,2001-07-18,0.073981,0.073981,0.073981,0.073981
JPYNOK,2001-07-19,0.074396,0.074396,0.074396,0.074396
JPYNOK,2001-07-20,0.074695,0.074695,0.074695,0.074695
JPYNOK,2001-07-23,0.073954,0.073954,0.073954,0.073954
JPYNOK,2001-07-24,0.07385,0.07385,0.07385,0.07385
JPYNOK,2001-07-25,0.073666,0.073666,0.073666,0.073666
JPYNOK,2001-07-26,0.073692,0.073692,0.073692,0.073692
JPYNOK,2001-07-27,0.073828,0.073828,0.073828,0.073828
JPYNOK,2001-07-30,0.073844,0.073844,0.07276,0.07303
JPYNOK,2001-07-31,0.073056,0.073227,0.072865,0.072879
JPYNOK,2001-08-01,0.072963,0.073064,0.072542,0.072916
JPYNOK,2001-08-02,0.073099,0.073351,0.0728,0.073129
JPYNOK,2001-08-03,0.073044,0.073275,0.07283,0.072973
JPYNOK,2001-08-06,0.072986,0.073316,0.072763,0.072887
JPYNOK,2001-08-07,0.072922,0.07359,0.072922,0.0734
JPYNOK,2001-08-08,0.073577,0.073893,0.073033,0.073033
JPYNOK,2001-08-09,0.07307,0.073677,0.072822,0.073496
JPYNOK,2001-08-10,0.073316,0.073889,0.073178,0.073779
JPYNOK,2001-08-13,0.07368,0.073865,0.073403,0.073602
JPYNOK,2001-08-14,0.073581,0.07403,0.073148,0.073502
JPYNOK,2001-08-15,0.073536,0.074678,0.073511,0.074346
JPYNOK,2001-08-16,0.074221,0.07437,0.073649,0.073722
JPYNOK,2001-08-17,0.073915,0.073915,0.073489,0.073635
JPYNOK,2001-08-20,0.073747,0.073892,0.073482,0.07358
JPYNOK,2001-08-21,0.073557,0.074258,0.073475,0.073831
JPYNOK,2001-08-22,0.073708,0.073984,0.073363,0.073642
JPYNOK,2001-08-23,0.073697,0.074073,0.073559,0.07387
JPYNOK,2001-08-24,0.073937,0.07426,0.073752,0.073858
JPYNOK,2001-08-27,0.073499,0.074051,0.073499,0.073987
JPYNOK,2001-08-28,0.073963,0.074175,0.073449,0.073712
JPYNOK,2001-08-29,0.073662,0.074331,0.073546,0.073737
JPYNOK,2001-08-30,0.073815,0.074209,0.073515,0.073676
JPYNOK,2001-08-31,0.073695,0.074754,0.073663,0.074353
JPYNOK,2001-09-03,0.074347,0.074622,0.074241,0.074348
JPYNOK,2001-09-04,0.074327,0.075062,0.074195,0.074892
JPYNOK,2001-09-05,0.074752,0.074794,0.073816,0.07403
JPYNOK,2001-09-06,0.073808,0.074096,0.073289,0.073309
JPYNOK,2001-09-07,0.073475,0.073794,0.073204,0.07339
JPYNOK,2001-09-10,0.073294,0.073706,0.073212,0.073411
JPYNOK,2001-09-11,0.073389,0.073704,0.072576,0.073404
JPYNOK,2001-09-12,0.073173,0.074003,0.073109,0.073626
JPYNOK,2001-09-13,0.073484,0.074168,0.073457,0.07378
JPYNOK,2001-09-14,0.073884,0.07457,0.07349,0.074314
JPYNOK,2001-09-17,0.073911,0.074543,0.073276,0.073377
JPYNOK,2001-09-18,0.073378,0.074056,0.07319,0.073562
JPYNOK,2001-09-19,0.073576,0.073673,0.072603,0.072689
JPYNOK,2001-09-20,0.072719,0.074183,0.07261,0.073629
JPYNOK,2001-09-21,0.073453,0.074344,0.072866,0.074111
JPYNOK,2001-09-24,0.074081,0.074517,0.073876,0.074372
JPYNOK,2001-09-25,0.074359,0.075066,0.073717,0.073931
JPYNOK,2001-09-26,0.073978,0.074424,0.073812,0.074154
JPYNOK,2001-09-27,0.074039,0.074235,0.073449,0.073789
JPYNOK,2001-09-28,0.073805,0.074602,0.073805,0.074336
JPYNOK,2001-10-01,0.074298,0.074306,0.073226,0.073267
JPYNOK,2001-10-02,0.07328,0.073405,0.072593,0.072719
JPYNOK,2001-10-03,0.073006,0.07332,0.072352,0.073299
JPYNOK,2001-10-04,0.07331,0.073407,0.072891,0.073124
JPYNOK,2001-10-05,0.073037,0.073286,0.072692,0.072732
JPYNOK,2001-10-08,0.073007,0.073238,0.072893,0.072933
JPYNOK,2001-10-09,0.072931,0.073037,0.072463,0.072849
JPYNOK,2001-10-10,0.072722,0.073108,0.072468,0.07294
JPYNOK,2001-10-11,0.072912,0.072992,0.072324,0.072465
JPYNOK,2001-10-12,0.072465,0.072648,0.072201,0.072258
JPYNOK,2001-10-15,0.072059,0.072768,0.072039,0.072492
JPYNOK,2001-10-16,0.072655,0.072922,0.072288,0.072475
JPYNOK,2001-10-17,0.072436,0.072714,0.072258,0.072594
JPYNOK,2001-10-18,0.072589,0.072953,0.072499,0.072695
JPYNOK,2001-10-19,0.072761,0.073436,0.072731,0.073191
JPYNOK,2001-10-22,0.07302,0.07338,0.072805,0.072944
JPYNOK,2001-10-23,0.07305,0.073074,0.072525,0.07289
JPYNOK,2001-10-24,0.072822,0.072904,0.072421,0.072468
JPYNOK,2001-10-25,0.072307,0.072733,0.072228,0.072601
JPYNOK,2001-10-26,0.072629,0.072873,0.072368,0.072558
JPYNOK,2001-10-29,0.072653,0.072809,0.072162,0.072263
JPYNOK,2001-10-30,0.072179,0.072405,0.072087,0.072334
JPYNOK,2001-10-31,0.072233,0.072688,0.072212,0.072672
JPYNOK,2001-11-01,0.072651,0.072676,0.07206,0.072374
JPYNOK,2001-11-02,0.0723,0.072747,0.072286,0.07262
JPYNOK,2001-11-05,0.072753,0.072889,0.072494,0.072531
JPYNOK,2001-11-06,0.072643,0.073212,0.072602,0.073212
JPYNOK,2001-11-07,0.073146,0.073407,0.072711,0.073031
JPYNOK,2001-11-08,0.072897,0.073944,0.072723,0.073665
JPYNOK,2001-11-09,0.073577,0.073764,0.073176,0.073176
JPYNOK,2001-11-12,0.073102,0.073555,0.072956,0.073509
JPYNOK,2001-11-13,0.073363,0.073623,0.073162,0.073367
JPYNOK,2001-11-14,0.073464,0.073486,0.07299,0.073313
JPYNOK,2001-11-15,0.073218,0.07333,0.0728,0.073212
JPYNOK,2001-11-16,0.073101,0.073357,0.072863,0.072884
JPYNOK,2001-11-19,0.072851,0.073349,0.072775,0.073066
JPYNOK,2001-11-20,0.073188,0.073259,0.072834,0.073032
JPYNOK,2001-11-21,0.072871,0.07317,0.072452,0.072928
JPYNOK,2001-11-22,0.073038,0.073038,0.072479,0.072569
JPYNOK,2001-11-23,0.072426,0.072749,0.072256,0.07269
JPYNOK,2001-11-26,0.072705,0.072915,0.072527,0.072907
JPYNOK,2001-11-27,0.07269,0.073046,0.072527,0.072719
JPYNOK,2001-11-28,0.072749,0.072974,0.072629,0.072758
JPYNOK,2001-11-30,0.072401,0.072634,0.072153,0.072302
JPYNOK,2001-12-03,0.072305,0.072652,0.072067,0.072186
JPYNOK,2001-12-04,0.072293,0.072473,0.07207,0.072156
JPYNOK,2001-12-05,0.072146,0.072494,0.071988,0.072371
JPYNOK,2001-12-06,0.072528,0.07258,0.071515,0.071608
JPYNOK,2001-12-07,0.07163,0.071714,0.071146,0.071402
JPYNOK,2001-12-10,0.071268,0.071644,0.071153,0.071283
JPYNOK,2001-12-11,0.071333,0.0715,0.071017,0.071054
JPYNOK,2001-12-12,0.071213,0.071314,0.070609,0.070841
JPYNOK,2001-12-13,0.070782,0.071249,0.070569,0.071243
JPYNOK,2001-12-14,0.071119,0.071119,0.069535,0.069794
JPYNOK,2001-12-17,0.069512,0.069718,0.069294,0.069641
JPYNOK,2001-12-18,0.069595,0.06961,0.069062,0.069267
JPYNOK,2001-12-19,0.069313,0.069731,0.068923,0.069383
JPYNOK,2001-12-20,0.069275,0.069561,0.068952,0.069157
JPYNOK,2001-12-21,0.068784,0.069561,0.068604,0.069333
JPYNOK,2001-12-24,0.069243,0.070294,0.069194,0.070131
JPYNOK,2001-12-25,0.070003,0.070095,0.069289,0.069301
JPYNOK,2001-12-26,0.069275,0.069742,0.069117,0.069465
JPYNOK,2001-12-27,0.069224,0.069224,0.068498,0.068552
JPYNOK,2001-12-28,0.068461,0.069236,0.068445,0.06876
JPYNOK,2001-12-31,0.068509,0.068795,0.067912,0.068007
JPYNOK,2002-01-02,0.068007,0.068052,0.066996,0.067206
JPYNOK,2002-01-03,0.067224,0.067713,0.067178,0.067517
JPYNOK,2002-01-04,0.067654,0.068201,0.067598,0.068124
JPYNOK,2002-01-07,0.068117,0.068435,0.067862,0.068037
JPYNOK,2002-01-08,0.067763,0.067763,0.067181,0.067395
JPYNOK,2002-01-09,0.067083,0.067572,0.066943,0.067138
JPYNOK,2002-01-10,0.06712,0.067506,0.0671,0.067365
JPYNOK,2002-01-11,0.067634,0.067819,0.06732,0.067434
JPYNOK,2002-01-14,0.067592,0.067653,0.067367,0.067393
JPYNOK,2002-01-15,0.06752,0.068245,0.067479,0.068245
JPYNOK,2002-01-16,0.068165,0.068382,0.067821,0.067821
JPYNOK,2002-01-17,0.067555,0.067963,0.067555,0.067662
JPYNOK,2002-01-18,0.06749,0.067763,0.067365,0.067498
JPYNOK,2002-01-21,0.067755,0.067791,0.06742,0.067492
JPYNOK,2002-01-22,0.067263,0.067273,0.066585,0.066729
JPYNOK,2002-01-23,0.066666,0.066981,0.066445,0.066789
JPYNOK,2002-01-24,0.066842,0.067003,0.066563,0.066651
JPYNOK,2002-01-25,0.066625,0.067762,0.066494,0.067481
JPYNOK,2002-01-28,0.067321,0.068418,0.067313,0.068099
JPYNOK,2002-01-29,0.068161,0.068525,0.067855,0.067976
JPYNOK,2002-01-30,0.067873,0.068558,0.067868,0.068369
JPYNOK,2002-01-31,0.068292,0.06855,0.067692,0.067692
JPYNOK,2002-02-01,0.067633,0.068377,0.067633,0.068364
JPYNOK,2002-02-04,0.068094,0.068293,0.068007,0.068183
JPYNOK,2002-02-05,0.068255,0.068333,0.067362,0.067622
JPYNOK,2002-02-06,0.067736,0.067885,0.06726,0.067431
JPYNOK,2002-02-07,0.06735,0.067489,0.067083,0.067174
JPYNOK,2002-02-08,0.067029,0.06726,0.066527,0.066668
JPYNOK,2002-02-11,0.066531,0.067139,0.066476,0.067139
JPYNOK,2002-02-12,0.066968,0.06736,0.066679,0.067284
JPYNOK,2002-02-13,0.067318,0.067713,0.066985,0.067258
JPYNOK,2002-02-14,0.067541,0.067756,0.067259,0.067406
JPYNOK,2002-02-15,0.06741,0.06741,0.066857,0.066962
JPYNOK,2002-02-18,0.067012,0.067173,0.066871,0.067044
JPYNOK,2002-02-19,0.067084,0.067084,0.066366,0.066421
JPYNOK,2002-02-20,0.066607,0.066745,0.06633,0.066736
JPYNOK,2002-02-21,0.066694,0.066804,0.0661,0.066355
JPYNOK,2002-02-22,0.066308,0.066452,0.066118,0.066219
JPYNOK,2002-02-25,0.066272,0.066583,0.066181,0.066485
JPYNOK,2002-02-26,0.066515,0.066615,0.066168,0.066445
JPYNOK,2002-02-27,0.066596,0.066639,0.066138,0.066339
JPYNOK,2002-02-28,0.066297,0.066713,0.066297,0.066441
JPYNOK,2002-03-01,0.066531,0.066855,0.066407,0.066748
JPYNOK,2002-03-04,0.066649,0.067391,0.066649,0.066814
JPYNOK,2002-03-05,0.066926,0.067271,0.066706,0.066803
JPYNOK,2002-03-06,0.066778,0.067427,0.066658,0.067324
JPYNOK,2002-03-07,0.067322,0.0691,0.067271,0.068806
JPYNOK,2002-03-08,0.068625,0.068901,0.068363,0.068576
JPYNOK,2002-03-11,0.068478,0.069058,0.068143,0.06862
JPYNOK,2002-03-12,0.068649,0.068835,0.068386,0.068396
JPYNOK,2002-03-13,0.068328,0.068633,0.068175,0.068351
JPYNOK,2002-03-14,0.068559,0.068777,0.067891,0.067938
JPYNOK,2002-03-15,0.067962,0.068222,0.067831,0.06808
JPYNOK,2002-03-18,0.068146,0.068191,0.066767,0.066829
JPYNOK,2002-03-19,0.066969,0.067008,0.066283,0.066501
JPYNOK,2002-03-20,0.066408,0.066674,0.066299,0.066386
JPYNOK,2002-03-21,0.066357,0.066423,0.06604,0.066173
JPYNOK,2002-03-22,0.065999,0.06625,0.065814,0.066087
JPYNOK,2002-03-25,0.066235,0.066235,0.065797,0.065849
JPYNOK,2002-03-26,0.065834,0.066434,0.065824,0.066124
JPYNOK,2002-03-27,0.066242,0.066663,0.06612,0.066506
JPYNOK,2002-03-28,0.066608,0.066785,0.06643,0.066665
JPYNOK,2002-03-29,0.066409,0.066846,0.066379,0.0666
JPYNOK,2002-04-01,0.066495,0.066535,0.065524,0.065526
JPYNOK,2002-04-02,0.065591,0.06585,0.065461,0.065519
JPYNOK,2002-04-03,0.065606,0.065953,0.065367,0.065367
JPYNOK,2002-04-04,0.06538,0.065997,0.065227,0.065941
JPYNOK,2002-04-05,0.065867,0.066196,0.065737,0.066122
JPYNOK,2002-04-08,0.066091,0.066522,0.066005,0.066371
JPYNOK,2002-04-09,0.066315,0.066472,0.066113,0.066367
JPYNOK,2002-04-10,0.06649,0.066689,0.06642,0.066449
JPYNOK,2002-04-11,0.066447,0.066448,0.065561,0.065677
JPYNOK,2002-04-12,0.065768,0.065864,0.065435,0.065552
JPYNOK,2002-04-15,0.065576,0.065889,0.065358,0.065664
JPYNOK,2002-04-16,0.065685,0.066157,0.065595,0.065933
JPYNOK,2002-04-17,0.065918,0.066206,0.065689,0.065782
JPYNOK,2002-04-18,0.065598,0.066352,0.065581,0.065882
JPYNOK,2002-04-19,0.065833,0.065994,0.065463,0.065467
JPYNOK,2002-04-22,0.065459,0.066044,0.065354,0.065867
JPYNOK,2002-04-23,0.065767,0.066044,0.06566,0.065714
JPYNOK,2002-04-24,0.065709,0.066101,0.065596,0.065904
JPYNOK,2002-04-25,0.065862,0.066175,0.065652,0.065657
JPYNOK,2002-04-26,0.065668,0.066113,0.065619,0.065619
JPYNOK,2002-04-29,0.065849,0.065874,0.065458,0.06548
JPYNOK,2002-04-30,0.065474,0.065677,0.065334,0.065473
JPYNOK,2002-05-01,0.065393,0.065575,0.065367,0.065525
JPYNOK,2002-05-02,0.065658,0.06576,0.065271,0.065495
JPYNOK,2002-05-03,0.065489,0.065561,0.065006,0.06502
JPYNOK,2002-05-06,0.06529,0.06529,0.064854,0.064962
JPYNOK,2002-05-07,0.064959,0.06536,0.064957,0.065121
JPYNOK,2002-05-08,0.065102,0.065311,0.064791,0.064977
JPYNOK,2002-05-09,0.064923,0.065108,0.064785,0.064824
JPYNOK,2002-05-10,0.064793,0.064886,0.064493,0.064886
JPYNOK,2002-05-13,0.06494,0.065098,0.064648,0.064769
JPYNOK,2002-05-14,0.064708,0.065119,0.064519,0.065098
JPYNOK,2002-05-15,0.065127,0.065267,0.064826,0.064836
JPYNOK,2002-05-16,0.064772,0.064966,0.064599,0.064685
JPYNOK,2002-05-17,0.06477,0.065443,0.0647,0.065177
JPYNOK,2002-05-20,0.064997,0.065421,0.06491,0.065211
JPYNOK,2002-05-21,0.065211,0.066135,0.065211,0.066027
JPYNOK,2002-05-22,0.065979,0.066328,0.064974,0.06506
JPYNOK,2002-05-23,0.065192,0.065318,0.06464,0.064737
JPYNOK,2002-05-24,0.064834,0.064904,0.064549,0.064799
JPYNOK,2002-05-28,0.064199,0.064332,0.063819,0.063845
JPYNOK,2002-05-29,0.063857,0.064152,0.063598,0.063624
JPYNOK,2002-05-30,0.063762,0.064499,0.06361,0.064404
JPYNOK,2002-05-31,0.064344,0.064693,0.063698,0.064553
JPYNOK,2002-06-03,0.064463,0.06447,0.064015,0.064062
JPYNOK,2002-06-04,0.063968,0.064018,0.063548,0.063746
JPYNOK,2002-06-05,0.063793,0.063938,0.063146,0.063207
JPYNOK,2002-06-06,0.063382,0.063382,0.063006,0.063239
JPYNOK,2002-06-07,0.063206,0.063437,0.062991,0.063273
JPYNOK,2002-06-10,0.063383,0.063383,0.062941,0.063148
JPYNOK,2002-06-11,0.063171,0.063354,0.062535,0.062535
JPYNOK,2002-06-12,0.062546,0.062611,0.062105,0.06257
JPYNOK,2002-06-13,0.062602,0.063006,0.062463,0.063006
JPYNOK,2002-06-14,0.062845,0.063482,0.062833,0.063329
JPYNOK,2002-06-17,0.063171,0.063317,0.063091,0.063171
JPYNOK,2002-06-18,0.063144,0.063165,0.062589,0.062629
JPYNOK,2002-06-19,0.062612,0.062612,0.06208,0.062114
JPYNOK,2002-06-20,0.061962,0.062182,0.061851,0.06189
JPYNOK,2002-06-21,0.061807,0.062875,0.061697,0.062729
JPYNOK,2002-06-24,0.062601,0.062817,0.061998,0.062423
JPYNOK,2002-06-25,0.062493,0.062513,0.061925,0.06206
JPYNOK,2002-06-26,0.062035,0.062759,0.061747,0.062709
JPYNOK,2002-06-27,0.062722,0.0629,0.062498,0.062667
JPYNOK,2002-06-28,0.062617,0.062947,0.062367,0.062692
JPYNOK,2002-07-01,0.062599,0.062776,0.062278,0.062278
JPYNOK,2002-07-02,0.062295,0.06249,0.062009,0.062257
JPYNOK,2002-07-03,0.062122,0.062701,0.062029,0.062401
JPYNOK,2002-07-04,0.062391,0.062484,0.062097,0.06228
JPYNOK,2002-07-05,0.062278,0.0625,0.0621,0.062387
JPYNOK,2002-07-08,0.062419,0.062797,0.06228,0.062405
JPYNOK,2002-07-09,0.062298,0.062486,0.062215,0.06234
JPYNOK,2002-07-10,0.062413,0.062711,0.062182,0.062685
JPYNOK,2002-07-11,0.063053,0.06326,0.062942,0.063005
JPYNOK,2002-07-12,0.062998,0.063647,0.062934,0.063294
JPYNOK,2002-07-15,0.063208,0.063628,0.06304,0.063205
JPYNOK,2002-07-16,0.063214,0.063338,0.062716,0.062914
JPYNOK,2002-07-17,0.062803,0.063161,0.06267,0.063118
JPYNOK,2002-07-18,0.062901,0.062946,0.062783,0.062831
JPYNOK,2002-07-19,0.062739,0.063497,0.062704,0.063463
JPYNOK,2002-07-22,0.063473,0.064518,0.063254,0.064483
JPYNOK,2002-07-23,0.064456,0.065485,0.064207,0.065221
JPYNOK,2002-07-24,0.064985,0.065959,0.06482,0.065287
JPYNOK,2002-07-25,0.065252,0.065652,0.064611,0.064993
JPYNOK,2002-07-26,0.064747,0.06482,0.063914,0.064716
JPYNOK,2002-07-29,0.064809,0.064907,0.063672,0.064245
JPYNOK,2002-07-30,0.064222,0.064271,0.062732,0.063028
JPYNOK,2002-07-31,0.062841,0.063766,0.062836,0.063723
JPYNOK,2002-08-01,0.06377,0.064221,0.063521,0.063871
JPYNOK,2002-08-02,0.063991,0.064329,0.063758,0.064307
JPYNOK,2002-08-05,0.064447,0.064534,0.06395,0.064006
JPYNOK,2002-08-06,0.064029,0.064669,0.06384,0.064591
JPYNOK,2002-08-07,0.0645,0.06466,0.064024,0.064116
JPYNOK,2002-08-08,0.064177,0.064293,0.063567,0.063973
JPYNOK,2002-08-09,0.063812,0.064095,0.063417,0.064092
JPYNOK,2002-08-12,0.064121,0.064246,0.063889,0.064035
JPYNOK,2002-08-13,0.064065,0.064219,0.063683,0.063742
JPYNOK,2002-08-14,0.063897,0.065007,0.063833,0.064821
JPYNOK,2002-08-15,0.064838,0.064967,0.064411,0.064512
JPYNOK,2002-08-16,0.06445,0.064581,0.063676,0.063771
JPYNOK,2002-08-19,0.063463,0.063865,0.063445,0.063865
JPYNOK,2002-08-20,0.063821,0.063821,0.06308,0.06309
JPYNOK,2002-08-21,0.063157,0.063748,0.063143,0.063553
JPYNOK,2002-08-22,0.063464,0.063854,0.063309,0.063648
JPYNOK,2002-08-23,0.063688,0.063826,0.063447,0.063736
JPYNOK,2002-08-26,0.063632,0.063728,0.063441,0.063526
JPYNOK,2002-08-27,0.063474,0.063971,0.063344,0.063576
JPYNOK,2002-08-28,0.0635,0.063656,0.06342,0.063522
JPYNOK,2002-08-29,0.063454,0.063859,0.06337,0.063543
JPYNOK,2002-08-30,0.063584,0.063636,0.063371,0.063636
JPYNOK,2002-09-02,0.063529,0.063879,0.063438,0.063808
JPYNOK,2002-09-03,0.06384,0.064086,0.063696,0.063835
JPYNOK,2002-09-04,0.063824,0.063887,0.063172,0.063223
JPYNOK,2002-09-05,0.063221,0.063354,0.062784,0.062872
JPYNOK,2002-09-06,0.062895,0.063328,0.062561,0.063235
JPYNOK,2002-09-09,0.063167,0.063343,0.062964,0.063259
JPYNOK,2002-09-10,0.06309,0.063642,0.062889,0.063221
JPYNOK,2002-09-11,0.063244,0.063363,0.062894,0.062974
JPYNOK,2002-09-12,0.062951,0.062988,0.062356,0.062356
JPYNOK,2002-09-13,0.062413,0.062741,0.061932,0.062046
JPYNOK,2002-09-16,0.062022,0.062085,0.061674,0.061935
JPYNOK,2002-09-17,0.061988,0.062149,0.061729,0.06184
JPYNOK,2002-09-18,0.061846,0.062161,0.061628,0.061762
JPYNOK,2002-09-19,0.06191,0.06191,0.061263,0.061307
JPYNOK,2002-09-20,0.061063,0.06125,0.060747,0.060856
JPYNOK,2002-09-23,0.060909,0.061098,0.060371,0.060511
JPYNOK,2002-09-24,0.060488,0.060903,0.060306,0.060447
JPYNOK,2002-09-25,0.060399,0.061101,0.060399,0.061012
JPYNOK,2002-09-26,0.061087,0.061355,0.060766,0.061351
JPYNOK,2002-09-27,0.061386,0.061386,0.060871,0.061002
JPYNOK,2002-09-30,0.061001,0.061797,0.060759,0.060796
JPYNOK,2002-10-01,0.060648,0.060817,0.060388,0.060662
JPYNOK,2002-10-02,0.060639,0.060784,0.060182,0.060335
JPYNOK,2002-10-03,0.06044,0.060499,0.060097,0.0604
JPYNOK,2002-10-04,0.060491,0.060566,0.060183,0.060366
JPYNOK,2002-10-07,0.060389,0.060491,0.059591,0.059638
JPYNOK,2002-10-08,0.059632,0.059899,0.059577,0.059862
JPYNOK,2002-10-09,0.05993,0.060024,0.059517,0.059699
JPYNOK,2002-10-10,0.059786,0.060099,0.059577,0.059739
JPYNOK,2002-10-11,0.059899,0.059963,0.059259,0.059451
JPYNOK,2002-10-14,0.059389,0.059521,0.059315,0.059323
JPYNOK,2002-10-15,0.059336,0.059798,0.059198,0.059709
JPYNOK,2002-10-16,0.059498,0.060229,0.059339,0.060229
JPYNOK,2002-10-17,0.060197,0.061357,0.060134,0.061248
JPYNOK,2002-10-18,0.061109,0.061109,0.060685,0.06081
JPYNOK,2002-10-21,0.060716,0.061052,0.06067,0.060913
JPYNOK,2002-10-22,0.060929,0.060979,0.060569,0.060661
JPYNOK,2002-10-23,0.060734,0.061187,0.060611,0.060611
JPYNOK,2002-10-24,0.060619,0.06108,0.060585,0.060673
JPYNOK,2002-10-25,0.060612,0.060977,0.060595,0.06077
JPYNOK,2002-10-28,0.060698,0.060772,0.060507,0.060703
JPYNOK,2002-10-29,0.060689,0.061315,0.060687,0.061012
JPYNOK,2002-10-30,0.061214,0.06145,0.061035,0.061035
JPYNOK,2002-10-31,0.060757,0.06089,0.060669,0.060698
JPYNOK,2002-11-01,0.060646,0.060704,0.060395,0.060444
JPYNOK,2002-11-04,0.060413,0.060562,0.060313,0.060313
JPYNOK,2002-11-05,0.060344,0.060545,0.060315,0.060397
JPYNOK,2002-11-06,0.060335,0.060526,0.060212,0.060248
JPYNOK,2002-11-07,0.060133,0.060422,0.059901,0.059972
JPYNOK,2002-11-08,0.059867,0.06042,0.059836,0.060366
JPYNOK,2002-11-11,0.060251,0.060567,0.060216,0.060324
JPYNOK,2002-11-12,0.060302,0.060619,0.060225,0.060344
JPYNOK,2002-11-13,0.060306,0.060649,0.060276,0.060528
JPYNOK,2002-11-14,0.060547,0.060609,0.060394,0.060476
JPYNOK,2002-11-15,0.060384,0.060446,0.060107,0.060107
JPYNOK,2002-11-18,0.05999,0.060084,0.059762,0.059867
JPYNOK,2002-11-19,0.059912,0.060089,0.059502,0.060026
JPYNOK,2002-11-20,0.059942,0.060025,0.059519,0.059698
JPYNOK,2002-11-21,0.059708,0.059906,0.059419,0.059505
JPYNOK,2002-11-22,0.059466,0.059679,0.059278,0.059581
JPYNOK,2002-11-25,0.059562,0.060442,0.059549,0.060309
JPYNOK,2002-11-26,0.060296,0.060482,0.060004,0.060223
JPYNOK,2002-11-27,0.06018,0.060469,0.059985,0.060104
JPYNOK,2002-11-28,0.060069,0.060261,0.059975,0.059975
JPYNOK,2002-11-29,0.060017,0.060017,0.05973,0.059794
JPYNOK,2002-12-02,0.059605,0.059667,0.058523,0.0586
JPYNOK,2002-12-03,0.05865,0.058743,0.058402,0.058517
JPYNOK,2002-12-04,0.058539,0.058593,0.058147,0.058322
JPYNOK,2002-12-05,0.058187,0.058363,0.057929,0.058277
JPYNOK,2002-12-06,0.058267,0.058414,0.057944,0.058408
JPYNOK,2002-12-09,0.058455,0.059083,0.058405,0.058648
JPYNOK,2002-12-10,0.05858,0.058854,0.058522,0.058711
JPYNOK,2002-12-11,0.058658,0.059224,0.058658,0.058982
JPYNOK,2002-12-12,0.05889,0.059137,0.058643,0.058692
JPYNOK,2002-12-13,0.058824,0.059577,0.058547,0.059497
JPYNOK,2002-12-16,0.05926,0.059562,0.058713,0.058775
JPYNOK,2002-12-17,0.058727,0.058886,0.058395,0.058497
JPYNOK,2002-12-18,0.058378,0.059034,0.058342,0.058728
JPYNOK,2002-12-19,0.058824,0.059016,0.058649,0.058912
JPYNOK,2002-12-20,0.058866,0.058973,0.058666,0.058922
JPYNOK,2002-12-23,0.058971,0.059113,0.058726,0.058789
JPYNOK,2002-12-24,0.058779,0.058913,0.058576,0.058591
JPYNOK,2002-12-25,0.058565,0.058706,0.058393,0.058504
JPYNOK,2002-12-26,0.058535,0.058585,0.058372,0.058525
JPYNOK,2002-12-27,0.058474,0.058692,0.058184,0.058221
JPYNOK,2002-12-30,0.058255,0.058824,0.058152,0.058647
JPYNOK,2002-12-31,0.058638,0.058736,0.058304,0.058322
JPYNOK,2003-01-01,0.058346,0.05859,0.058328,0.058483
JPYNOK,2003-01-02,0.05856,0.05856,0.058126,0.058356
JPYNOK,2003-01-03,0.058414,0.05853,0.058001,0.05803
JPYNOK,2003-01-06,0.058073,0.058226,0.057985,0.058046
JPYNOK,2003-01-07,0.058017,0.058125,0.05756,0.057584
JPYNOK,2003-01-08,0.057752,0.058093,0.057617,0.057791
JPYNOK,2003-01-09,0.057818,0.057943,0.057643,0.05787
JPYNOK,2003-01-10,0.057799,0.057799,0.057378,0.057572
JPYNOK,2003-01-13,0.057604,0.058486,0.057533,0.058406
JPYNOK,2003-01-14,0.058363,0.058864,0.058311,0.058827
JPYNOK,2003-01-15,0.058777,0.059034,0.058433,0.058529
JPYNOK,2003-01-16,0.058383,0.058544,0.058031,0.058115
JPYNOK,2003-01-17,0.058054,0.058078,0.057893,0.058002
JPYNOK,2003-01-20,0.057936,0.058183,0.057852,0.058093
JPYNOK,2003-01-21,0.057976,0.058682,0.057798,0.05859
JPYNOK,2003-01-22,0.05851,0.058627,0.058235,0.058351
JPYNOK,2003-01-23,0.058354,0.058931,0.058192,0.058834
JPYNOK,2003-01-24,0.058889,0.058904,0.058279,0.058489
JPYNOK,2003-01-27,0.058447,0.058498,0.057847,0.058331
JPYNOK,2003-01-28,0.058209,0.058537,0.058035,0.058137
JPYNOK,2003-01-29,0.058056,0.058344,0.057886,0.058208
JPYNOK,2003-01-30,0.058124,0.058249,0.057674,0.057745
JPYNOK,2003-01-31,0.057731,0.058119,0.057572,0.057721
JPYNOK,2003-02-03,0.057573,0.05801,0.057149,0.057731
JPYNOK,2003-02-04,0.057616,0.057755,0.057475,0.057664
JPYNOK,2003-02-05,0.057588,0.058259,0.057571,0.058161
JPYNOK,2003-02-06,0.058081,0.058257,0.057687,0.057803
JPYNOK,2003-02-07,0.057776,0.057957,0.057473,0.057546
JPYNOK,2003-02-10,0.057404,0.057566,0.057147,0.057333
JPYNOK,2003-02-11,0.05762,0.05762,0.057213,0.057474
JPYNOK,2003-02-12,0.057327,0.057656,0.057267,0.057496
JPYNOK,2003-02-13,0.057524,0.057773,0.057303,0.057619
JPYNOK,2003-02-14,0.057657,0.058076,0.057596,0.057929
JPYNOK,2003-02-17,0.057984,0.05843,0.057984,0.05838
JPYNOK,2003-02-18,0.058407,0.059323,0.058407,0.059194
JPYNOK,2003-02-19,0.059264,0.059264,0.058887,0.059078
JPYNOK,2003-02-20,0.058933,0.059074,0.05858,0.058687
JPYNOK,2003-02-21,0.058593,0.059035,0.058553,0.059011
JPYNOK,2003-02-24,0.059343,0.059873,0.059209,0.059615
JPYNOK,2003-02-25,0.059541,0.060504,0.05954,0.06042
JPYNOK,2003-02-26,0.060412,0.060779,0.06022,0.060779
JPYNOK,2003-02-27,0.060671,0.061548,0.06062,0.061214
JPYNOK,2003-02-28,0.061109,0.061367,0.060438,0.060584
JPYNOK,2003-03-03,0.060514,0.06082,0.060431,0.060632
JPYNOK,2003-03-04,0.060579,0.06079,0.060349,0.06045
JPYNOK,2003-03-05,0.060728,0.060728,0.059911,0.060084
JPYNOK,2003-03-06,0.059999,0.061011,0.059817,0.060931
JPYNOK,2003-03-07,0.060919,0.062077,0.060703,0.061748
JPYNOK,2003-03-10,0.061759,0.061912,0.061403,0.061426
JPYNOK,2003-03-11,0.061459,0.061689,0.061046,0.06117
JPYNOK,2003-03-12,0.061238,0.06126,0.060732,0.060829
JPYNOK,2003-03-13,0.060708,0.061119,0.060442,0.061106
JPYNOK,2003-03-14,0.0612,0.061381,0.060715,0.061243
JPYNOK,2003-03-17,0.061353,0.062215,0.060912,0.061946
JPYNOK,2003-03-18,0.061873,0.06277,0.061726,0.062747
JPYNOK,2003-03-19,0.062721,0.062984,0.061834,0.062046
JPYNOK,2003-03-20,0.06206,0.062092,0.061509,0.06163
JPYNOK,2003-03-21,0.061682,0.061762,0.061275,0.061498
JPYNOK,2003-03-24,0.061301,0.0615,0.061046,0.061223
JPYNOK,2003-03-25,0.061251,0.061602,0.060991,0.061185
JPYNOK,2003-03-26,0.061151,0.061302,0.060724,0.061123
JPYNOK,2003-03-27,0.061154,0.061383,0.060893,0.061327
JPYNOK,2003-03-28,0.061121,0.061283,0.060844,0.061086
JPYNOK,2003-03-31,0.060992,0.061737,0.060809,0.061712
JPYNOK,2003-04-01,0.061636,0.061733,0.060885,0.061065
JPYNOK,2003-04-02,0.061088,0.061225,0.060779,0.061086
JPYNOK,2003-04-03,0.061115,0.061444,0.060546,0.060683
JPYNOK,2003-04-04,0.060626,0.060875,0.060289,0.060453
JPYNOK,2003-04-07,0.060512,0.06104,0.060297,0.060661
JPYNOK,2003-04-08,0.060636,0.060925,0.060547,0.060618
JPYNOK,2003-04-09,0.060539,0.060737,0.060131,0.060348
JPYNOK,2003-04-10,0.060334,0.061239,0.06014,0.061115
JPYNOK,2003-04-11,0.06113,0.061513,0.060554,0.060839
JPYNOK,2003-04-14,0.060785,0.06089,0.060584,0.060675
JPYNOK,2003-04-15,0.060678,0.060849,0.06031,0.060361
JPYNOK,2003-04-16,0.060377,0.060457,0.059976,0.060237
JPYNOK,2003-04-17,0.060231,0.060415,0.059994,0.060334
JPYNOK,2003-04-18,0.060338,0.060389,0.060147,0.060318
JPYNOK,2003-04-21,0.06028,0.060368,0.059748,0.059759
JPYNOK,2003-04-22,0.059798,0.059923,0.059576,0.059634
JPYNOK,2003-04-23,0.059628,0.059796,0.059223,0.05943
JPYNOK,2003-04-24,0.059467,0.059603,0.058964,0.059019
JPYNOK,2003-04-25,0.059037,0.059225,0.058695,0.05891
JPYNOK,2003-04-28,0.058857,0.058964,0.058362,0.058549
JPYNOK,2003-04-29,0.058555,0.059084,0.058549,0.058801
JPYNOK,2003-04-30,0.058717,0.059165,0.05856,0.058924
JPYNOK,2003-05-01,0.058929,0.059113,0.058563,0.058709
JPYNOK,2003-05-02,0.058714,0.059033,0.058569,0.058884
JPYNOK,2003-05-05,0.05887,0.059157,0.058833,0.058888
JPYNOK,2003-05-06,0.058883,0.059055,0.058504,0.058702
JPYNOK,2003-05-07,0.058702,0.059604,0.058565,0.059288
JPYNOK,2003-05-08,0.059298,0.059507,0.058381,0.058493
JPYNOK,2003-05-09,0.058485,0.05853,0.058046,0.058287
JPYNOK,2003-05-12,0.058197,0.058453,0.058005,0.058102
JPYNOK,2003-05-13,0.058172,0.058794,0.058134,0.058391
JPYNOK,2003-05-14,0.058377,0.059028,0.058355,0.0588
JPYNOK,2003-05-15,0.0588,0.059213,0.058721,0.058987
JPYNOK,2003-05-16,0.058969,0.059145,0.058274,0.058305
JPYNOK,2003-05-19,0.058485,0.05861,0.057851,0.058182
JPYNOK,2003-05-20,0.058182,0.058555,0.057803,0.058009
JPYNOK,2003-05-21,0.058008,0.058036,0.056991,0.05731
JPYNOK,2003-05-22,0.057332,0.057439,0.056875,0.057127
JPYNOK,2003-05-23,0.057127,0.057465,0.056693,0.05679
JPYNOK,2003-05-26,0.056907,0.057112,0.056646,0.056836
JPYNOK,2003-05-27,0.056773,0.056904,0.056485,0.056841
JPYNOK,2003-05-28,0.056844,0.056958,0.056342,0.056436
JPYNOK,2003-05-29,0.056504,0.056602,0.055995,0.056045
JPYNOK,2003-05-30,0.056042,0.056212,0.055756,0.055989
JPYNOK,2003-06-02,0.056141,0.056932,0.056005,0.056475
JPYNOK,2003-06-03,0.056476,0.057742,0.056359,0.057487
JPYNOK,2003-06-04,0.057487,0.058447,0.057388,0.058371
JPYNOK,2003-06-05,0.058368,0.059096,0.058112,0.058423
JPYNOK,2003-06-06,0.058437,0.058781,0.058109,0.058726
JPYNOK,2003-06-09,0.058697,0.059068,0.058473,0.058918
JPYNOK,2003-06-10,0.058918,0.059626,0.058804,0.059413
JPYNOK,2003-06-11,0.059405,0.05953,0.058839,0.059384
JPYNOK,2003-06-12,0.059432,0.05951,0.058779,0.05884
JPYNOK,2003-06-13,0.05884,0.059159,0.058707,0.058877
JPYNOK,2003-06-16,0.058823,0.059088,0.05857,0.059048
JPYNOK,2003-06-17,0.058955,0.05915,0.058565,0.058882
JPYNOK,2003-06-18,0.058885,0.059267,0.058493,0.059114
JPYNOK,2003-06-19,0.059114,0.059282,0.058515,0.058796
JPYNOK,2003-06-20,0.058796,0.059809,0.058694,0.059473
JPYNOK,2003-06-23,0.059572,0.060276,0.059392,0.059853
JPYNOK,2003-06-24,0.059893,0.060254,0.059792,0.060192
JPYNOK,2003-06-25,0.060108,0.06091,0.060039,0.060696
JPYNOK,2003-06-26,0.060696,0.061003,0.06049,0.060696
JPYNOK,2003-06-27,0.060701,0.060746,0.06031,0.060525
JPYNOK,2003-06-30,0.060482,0.060619,0.059962,0.06006
JPYNOK,2003-07-01,0.06006,0.060319,0.059639,0.059756
JPYNOK,2003-07-02,0.059753,0.060869,0.059719,0.060736
JPYNOK,2003-07-03,0.06073,0.061167,0.060504,0.060761
JPYNOK,2003-07-04,0.060768,0.061162,0.060727,0.061059
JPYNOK,2003-07-07,0.061136,0.061926,0.061031,0.061909
JPYNOK,2003-07-08,0.061914,0.062086,0.061457,0.061611
JPYNOK,2003-07-09,0.061606,0.062156,0.061286,0.061814
JPYNOK,2003-07-10,0.06183,0.062479,0.061803,0.061995
JPYNOK,2003-07-11,0.061995,0.062552,0.061973,0.062345
JPYNOK,2003-07-14,0.062397,0.062913,0.062354,0.0627
JPYNOK,2003-07-15,0.062722,0.063777,0.062652,0.063207
JPYNOK,2003-07-16,0.063208,0.063347,0.062765,0.062876
JPYNOK,2003-07-17,0.062876,0.063162,0.062432,0.062848
JPYNOK,2003-07-18,0.062836,0.062836,0.062169,0.062609
JPYNOK,2003-07-21,0.062428,0.062726,0.061987,0.062121
JPYNOK,2003-07-22,0.062125,0.062186,0.061537,0.061834
JPYNOK,2003-07-23,0.061834,0.0621,0.060615,0.061007
JPYNOK,2003-07-24,0.061012,0.061191,0.0604,0.060566
JPYNOK,2003-07-25,0.060558,0.060562,0.059681,0.060077
JPYNOK,2003-07-28,0.059994,0.060354,0.059672,0.059942
JPYNOK,2003-07-29,0.059938,0.060209,0.05975,0.060154
JPYNOK,2003-07-30,0.060167,0.060265,0.059534,0.05976
JPYNOK,2003-07-31,0.059758,0.060557,0.059713,0.060358
JPYNOK,2003-08-01,0.060374,0.060936,0.060147,0.060282
JPYNOK,2003-08-04,0.060215,0.060587,0.059563,0.060124
JPYNOK,2003-08-05,0.060117,0.060417,0.059937,0.060072
JPYNOK,2003-08-06,0.060075,0.060294,0.059583,0.059903
JPYNOK,2003-08-07,0.059901,0.060292,0.059613,0.060167
JPYNOK,2003-08-08,0.060161,0.060753,0.059962,0.060591
JPYNOK,2003-08-11,0.060585,0.061509,0.060585,0.061102
JPYNOK,2003-08-12,0.061099,0.061613,0.060964,0.061484
JPYNOK,2003-08-13,0.061484,0.061834,0.061237,0.061596
JPYNOK,2003-08-14,0.06159,0.061953,0.061366,0.061757
JPYNOK,2003-08-15,0.061721,0.061989,0.061603,0.061882
JPYNOK,2003-08-18,0.061881,0.062568,0.06174,0.062481
JPYNOK,2003-08-19,0.062481,0.063077,0.06241,0.062913
JPYNOK,2003-08-20,0.062916,0.063292,0.06277,0.063025
JPYNOK,2003-08-21,0.063025,0.064583,0.062985,0.064289
JPYNOK,2003-08-22,0.064283,0.065202,0.064242,0.065102
JPYNOK,2003-08-25,0.064821,0.065223,0.064649,0.065174
JPYNOK,2003-08-26,0.065198,0.065568,0.064977,0.065273
JPYNOK,2003-08-27,0.065282,0.065363,0.064581,0.065216
JPYNOK,2003-08-28,0.065247,0.065401,0.064473,0.064904
JPYNOK,2003-08-29,0.064904,0.065111,0.06403,0.064183
JPYNOK,2003-09-01,0.064213,0.064604,0.063987,0.064434
JPYNOK,2003-09-02,0.064434,0.065641,0.064403,0.06546
JPYNOK,2003-09-03,0.065495,0.065849,0.065116,0.06542
JPYNOK,2003-09-04,0.065384,0.06562,0.064207,0.064238
JPYNOK,2003-09-05,0.064212,0.064657,0.063283,0.063516
JPYNOK,2003-09-08,0.063081,0.063807,0.06295,0.063717
JPYNOK,2003-09-09,0.063728,0.064056,0.062805,0.062924
JPYNOK,2003-09-10,0.062949,0.063448,0.062856,0.063009
JPYNOK,2003-09-11,0.063012,0.06341,0.062583,0.063001
JPYNOK,2003-09-12,0.063001,0.063433,0.062023,0.062521
JPYNOK,2003-09-15,0.062605,0.062717,0.062113,0.062311
JPYNOK,2003-09-16,0.06231,0.063811,0.062235,0.063661
JPYNOK,2003-09-17,0.063661,0.063871,0.062222,0.062368
JPYNOK,2003-09-18,0.062371,0.062971,0.062304,0.062625
JPYNOK,2003-09-19,0.062622,0.063207,0.062428,0.062834
JPYNOK,2003-09-22,0.063211,0.063709,0.063157,0.063329
JPYNOK,2003-09-23,0.06334,0.063937,0.06278,0.062837
JPYNOK,2003-09-24,0.062837,0.063293,0.062199,0.062364
JPYNOK,2003-09-25,0.062318,0.06291,0.062272,0.062541
JPYNOK,2003-09-26,0.062615,0.063294,0.062524,0.063162
JPYNOK,2003-09-29,0.063289,0.063738,0.062891,0.062966
JPYNOK,2003-09-30,0.062896,0.063557,0.062408,0.063255
JPYNOK,2003-10-01,0.063242,0.063636,0.06306,0.063224
JPYNOK,2003-10-02,0.063211,0.063302,0.062804,0.063036
JPYNOK,2003-10-03,0.063168,0.063882,0.062883,0.063698
JPYNOK,2003-10-06,0.062827,0.063076,0.062827,0.062898
JPYNOK,2003-10-07,0.062876,0.063982,0.062783,0.063617
JPYNOK,2003-10-08,0.063617,0.063772,0.063135,0.06347
JPYNOK,2003-10-09,0.063481,0.064522,0.063347,0.064225
JPYNOK,2003-10-10,0.064227,0.0647,0.063996,0.064103
JPYNOK,2003-10-13,0.064245,0.064999,0.064143,0.064627
JPYNOK,2003-10-14,0.06464,0.064972,0.064087,0.06465
JPYNOK,2003-10-15,0.064656,0.064977,0.064295,0.064844
JPYNOK,2003-10-16,0.064855,0.064931,0.064429,0.064682
JPYNOK,2003-10-17,0.064681,0.064989,0.064622,0.064731
JPYNOK,2003-10-20,0.064857,0.0649,0.064344,0.064636
JPYNOK,2003-10-21,0.064638,0.065118,0.064391,0.064791
JPYNOK,2003-10-22,0.064785,0.064888,0.06387,0.064041
JPYNOK,2003-10-23,0.064038,0.064084,0.063408,0.063866
JPYNOK,2003-10-24,0.063878,0.064374,0.063518,0.064261
JPYNOK,2003-10-27,0.06446,0.064859,0.064405,0.064848
JPYNOK,2003-10-28,0.064842,0.065245,0.064676,0.065103
JPYNOK,2003-10-29,0.065092,0.065204,0.064785,0.065179
JPYNOK,2003-10-30,0.065177,0.065284,0.064726,0.064922
JPYNOK,2003-10-31,0.064894,0.065097,0.064121,0.064551
JPYNOK,2003-11-03,0.06485,0.064923,0.064267,0.064671
JPYNOK,2003-11-04,0.064679,0.065625,0.064679,0.065329
JPYNOK,2003-11-05,0.065323,0.065829,0.065319,0.06563
JPYNOK,2003-11-06,0.065628,0.065711,0.065391,0.065626
JPYNOK,2003-11-07,0.065625,0.06566,0.065304,0.065384
JPYNOK,2003-11-10,0.065533,0.066199,0.065243,0.065741
JPYNOK,2003-11-11,0.06575,0.065983,0.065545,0.065625
JPYNOK,2003-11-12,0.065638,0.065733,0.064518,0.064748
JPYNOK,2003-11-13,0.064757,0.064977,0.064439,0.064668
JPYNOK,2003-11-14,0.064694,0.064733,0.064241,0.064435
JPYNOK,2003-11-17,0.064201,0.064235,0.063464,0.064185
JPYNOK,2003-11-18,0.064186,0.06424,0.063297,0.063326
JPYNOK,2003-11-19,0.063316,0.063498,0.062728,0.062974
JPYNOK,2003-11-20,0.062971,0.06314,0.062723,0.062958
JPYNOK,2003-11-21,0.062987,0.063267,0.062806,0.063034
JPYNOK,2003-11-24,0.063161,0.063536,0.062875,0.063423
JPYNOK,2003-11-25,0.063418,0.063418,0.062846,0.063241
JPYNOK,2003-11-26,0.063256,0.063319,0.062639,0.062762
JPYNOK,2003-11-27,0.062742,0.062913,0.062647,0.062783
JPYNOK,2003-11-28,0.062768,0.062805,0.062101,0.062149
JPYNOK,2003-12-01,0.062098,0.062492,0.061784,0.062357
JPYNOK,2003-12-02,0.062364,0.062571,0.061895,0.062037
JPYNOK,2003-12-03,0.062038,0.062243,0.061867,0.061974
JPYNOK,2003-12-04,0.061946,0.062312,0.06152,0.061751
JPYNOK,2003-12-05,0.061744,0.061908,0.061603,0.061908
JPYNOK,2003-12-08,0.061678,0.062015,0.061467,0.061906
JPYNOK,2003-12-09,0.06191,0.062099,0.061621,0.061824
JPYNOK,2003-12-10,0.061813,0.062059,0.061349,0.061496
JPYNOK,2003-12-11,0.061495,0.062317,0.06146,0.061913
JPYNOK,2003-12-12,0.061929,0.062293,0.061769,0.061882
JPYNOK,2003-12-15,0.062334,0.062392,0.061839,0.06207
JPYNOK,2003-12-16,0.062079,0.062142,0.06181,0.061942
JPYNOK,2003-12-17,0.06195,0.062631,0.061613,0.062435
JPYNOK,2003-12-18,0.062456,0.062715,0.062193,0.062427
JPYNOK,2003-12-19,0.062451,0.06255,0.062052,0.06244
JPYNOK,2003-12-22,0.062389,0.062707,0.06223,0.062524
JPYNOK,2003-12-23,0.062526,0.063038,0.062514,0.062957
JPYNOK,2003-12-24,0.062881,0.063407,0.062776,0.063126
JPYNOK,2003-12-26,0.063258,0.063376,0.062852,0.063265
JPYNOK,2003-12-29,0.063334,0.063358,0.062932,0.063008
JPYNOK,2003-12-30,0.063015,0.063177,0.062586,0.062701
JPYNOK,2003-12-31,0.062744,0.062852,0.061954,0.0621
JPYNOK,2004-01-02,0.062426,0.062663,0.062081,0.062379
JPYNOK,2004-01-05,0.062222,0.06288,0.061899,0.062692
JPYNOK,2004-01-06,0.062687,0.063351,0.062491,0.063251
JPYNOK,2004-01-07,0.063236,0.064276,0.063152,0.064157
JPYNOK,2004-01-08,0.064263,0.064592,0.063691,0.063742
JPYNOK,2004-01-09,0.063732,0.064282,0.062811,0.063104
JPYNOK,2004-01-12,0.063259,0.063515,0.062861,0.063429
JPYNOK,2004-01-13,0.063431,0.063632,0.062818,0.063173
JPYNOK,2004-01-14,0.063136,0.06386,0.06306,0.063491
JPYNOK,2004-01-15,0.063503,0.064383,0.063345,0.064132
JPYNOK,2004-01-16,0.064112,0.065489,0.064053,0.064881
JPYNOK,2004-01-19,0.065069,0.065265,0.064709,0.064972
JPYNOK,2004-01-20,0.064936,0.065037,0.063767,0.064182
JPYNOK,2004-01-21,0.064146,0.064315,0.063195,0.063256
JPYNOK,2004-01-22,0.063267,0.063951,0.063017,0.063634
JPYNOK,2004-01-23,0.063593,0.064495,0.063336,0.064078
JPYNOK,2004-01-26,0.064328,0.065124,0.064163,0.065027
JPYNOK,2004-01-27,0.065022,0.065283,0.064403,0.064415
JPYNOK,2004-01-28,0.064423,0.065945,0.064327,0.065852
JPYNOK,2004-01-29,0.065878,0.066829,0.065572,0.06655
JPYNOK,2004-01-30,0.066827,0.067054,0.065911,0.066403
JPYNOK,2004-02-02,0.066303,0.06659,0.065922,0.066054
JPYNOK,2004-02-03,0.066096,0.066239,0.065253,0.066009
JPYNOK,2004-02-04,0.066032,0.066254,0.065814,0.066007
JPYNOK,2004-02-05,0.066042,0.066104,0.065544,0.065795
JPYNOK,2004-02-06,0.065808,0.066042,0.065082,0.06527
JPYNOK,2004-02-09,0.065448,0.065599,0.064498,0.064686
JPYNOK,2004-02-10,0.064685,0.064998,0.064617,0.064814
JPYNOK,2004-02-11,0.064804,0.066266,0.064769,0.065531
JPYNOK,2004-02-12,0.065516,0.065828,0.065299,0.065508
JPYNOK,2004-02-13,0.065522,0.065874,0.064938,0.065828
JPYNOK,2004-02-16,0.065771,0.065817,0.065075,0.06567
JPYNOK,2004-02-17,0.065676,0.065719,0.06454,0.064736
JPYNOK,2004-02-18,0.064735,0.065069,0.064347,0.06497
JPYNOK,2004-02-19,0.064958,0.065184,0.064576,0.06467
JPYNOK,2004-02-20,0.064665,0.064803,0.064224,0.064349
JPYNOK,2004-02-23,0.06452,0.064844,0.064334,0.064633
JPYNOK,2004-02-24,0.064542,0.064665,0.064082,0.064253
JPYNOK,2004-02-25,0.064226,0.064963,0.06396,0.064793
JPYNOK,2004-02-26,0.064822,0.06497,0.064248,0.064405
JPYNOK,2004-02-27,0.064394,0.064963,0.063874,0.064071
JPYNOK,2004-03-01,0.064307,0.064307,0.063753,0.06384
JPYNOK,2004-03-02,0.063838,0.064838,0.063785,0.064775
JPYNOK,2004-03-03,0.064787,0.06509,0.064259,0.064363
JPYNOK,2004-03-04,0.064411,0.064506,0.063802,0.064025
JPYNOK,2004-03-05,0.063943,0.064605,0.062502,0.062587
JPYNOK,2004-03-08,0.062576,0.062813,0.062127,0.062725
JPYNOK,2004-03-09,0.062726,0.06293,0.062173,0.062696
JPYNOK,2004-03-10,0.062702,0.06418,0.062605,0.063993
JPYNOK,2004-03-11,0.063987,0.064552,0.062284,0.062556
JPYNOK,2004-03-12,0.062564,0.06305,0.062377,0.062775
JPYNOK,2004-03-15,0.062882,0.063304,0.062021,0.062593
JPYNOK,2004-03-16,0.062593,0.063438,0.062567,0.063384
JPYNOK,2004-03-17,0.063337,0.064269,0.063257,0.06395
JPYNOK,2004-03-18,0.063946,0.064857,0.06378,0.064282
JPYNOK,2004-03-19,0.064279,0.064903,0.063923,0.064639
JPYNOK,2004-03-22,0.064467,0.064609,0.063652,0.06396
JPYNOK,2004-03-23,0.063922,0.064333,0.063836,0.064052
JPYNOK,2004-03-24,0.064061,0.065469,0.063873,0.065323
JPYNOK,2004-03-25,0.065304,0.065828,0.065103,0.065514
JPYNOK,2004-03-26,0.065509,0.066082,0.065339,0.065675
JPYNOK,2004-03-29,0.065989,0.066334,0.065601,0.065665
JPYNOK,2004-03-30,0.065651,0.065833,0.064817,0.065301
JPYNOK,2004-03-31,0.065295,0.066525,0.065153,0.06563
JPYNOK,2004-04-01,0.065653,0.066327,0.065613,0.06575
JPYNOK,2004-04-02,0.065743,0.066438,0.064959,0.066169
JPYNOK,2004-04-05,0.066331,0.066551,0.065915,0.066207
JPYNOK,2004-04-06,0.066232,0.066328,0.065029,0.065339
JPYNOK,2004-04-07,0.06547,0.065779,0.065054,0.065193
JPYNOK,2004-04-08,0.065186,0.065552,0.064677,0.065174
JPYNOK,2004-04-09,0.065169,0.065416,0.06483,0.065198
JPYNOK,2004-04-12,0.065309,0.066242,0.065231,0.066023
JPYNOK,2004-04-13,0.065998,0.066364,0.064903,0.065213
JPYNOK,2004-04-14,0.065211,0.065214,0.06366,0.063826
JPYNOK,2004-04-15,0.063825,0.064122,0.063557,0.063945
JPYNOK,2004-04-16,0.063925,0.064198,0.06346,0.063884
JPYNOK,2004-04-19,0.063988,0.063988,0.063421,0.063564
JPYNOK,2004-04-20,0.063595,0.064509,0.063386,0.064174
JPYNOK,2004-04-21,0.064184,0.064369,0.063514,0.063831
JPYNOK,2004-04-22,0.063792,0.064034,0.063038,0.063197
JPYNOK,2004-04-23,0.063183,0.064079,0.062837,0.064002
JPYNOK,2004-04-26,0.064306,0.064306,0.063772,0.063902
JPYNOK,2004-04-27,0.063899,0.064111,0.062916,0.06302
JPYNOK,2004-04-28,0.063021,0.063433,0.062683,0.062714
JPYNOK,2004-04-29,0.062714,0.062825,0.062026,0.062326
JPYNOK,2004-04-30,0.062289,0.06242,0.061981,0.062122
JPYNOK,2004-05-03,0.062121,0.062669,0.062076,0.062575
JPYNOK,2004-05-04,0.062575,0.062694,0.061694,0.06203
JPYNOK,2004-05-05,0.06203,0.06218,0.061625,0.061858
JPYNOK,2004-05-06,0.061858,0.061906,0.06126,0.06138
JPYNOK,2004-05-07,0.061373,0.061449,0.060136,0.060748
JPYNOK,2004-05-10,0.060743,0.060866,0.06014,0.060536
JPYNOK,2004-05-11,0.060531,0.061404,0.060447,0.061388
JPYNOK,2004-05-12,0.061383,0.061741,0.060636,0.060909
JPYNOK,2004-05-13,0.060871,0.060961,0.0602,0.060362
JPYNOK,2004-05-14,0.0604,0.0607,0.060249,0.060522
JPYNOK,2004-05-17,0.060516,0.060716,0.060033,0.060115
JPYNOK,2004-05-18,0.060121,0.060814,0.059946,0.060565
JPYNOK,2004-05-19,0.060581,0.061489,0.060544,0.060914
JPYNOK,2004-05-20,0.060939,0.061517,0.060574,0.061362
JPYNOK,2004-05-21,0.061341,0.061571,0.061107,0.061266
JPYNOK,2004-05-24,0.061346,0.061389,0.060684,0.060776
JPYNOK,2004-05-25,0.060793,0.060905,0.060334,0.060873
JPYNOK,2004-05-26,0.06087,0.061052,0.060505,0.060637
JPYNOK,2004-05-27,0.060622,0.060622,0.060213,0.060446
JPYNOK,2004-05-28,0.060446,0.061149,0.060353,0.060984
JPYNOK,2004-05-31,0.06068,0.061642,0.060614,0.061477
JPYNOK,2004-06-01,0.061477,0.061493,0.060396,0.060552
JPYNOK,2004-06-02,0.060552,0.061211,0.060199,0.061125
JPYNOK,2004-06-03,0.061122,0.0612,0.060105,0.060378
JPYNOK,2004-06-04,0.060364,0.060541,0.059792,0.059924
JPYNOK,2004-06-07,0.059825,0.060703,0.059702,0.060586
JPYNOK,2004-06-08,0.060591,0.060973,0.06038,0.06095
JPYNOK,2004-06-09,0.060944,0.06194,0.060922,0.061597
JPYNOK,2004-06-10,0.061576,0.062902,0.061424,0.062436
JPYNOK,2004-06-11,0.062453,0.062878,0.062349,0.062692
JPYNOK,2004-06-14,0.062586,0.063108,0.061904,0.062158
JPYNOK,2004-06-15,0.062204,0.062517,0.061866,0.062292
JPYNOK,2004-06-16,0.062296,0.063024,0.062158,0.062968
JPYNOK,2004-06-17,0.062974,0.063486,0.062855,0.063245
JPYNOK,2004-06-18,0.063242,0.063883,0.063064,0.063125
JPYNOK,2004-06-21,0.063207,0.063846,0.063123,0.06339
JPYNOK,2004-06-22,0.063387,0.063684,0.062915,0.06303
JPYNOK,2004-06-23,0.063024,0.063966,0.062909,0.063925
JPYNOK,2004-06-24,0.063937,0.064434,0.06393,0.064019
JPYNOK,2004-06-25,0.064013,0.064103,0.063195,0.063385
JPYNOK,2004-06-28,0.06342,0.063472,0.063019,0.063233
JPYNOK,2004-06-29,0.063239,0.063886,0.062964,0.063848
JPYNOK,2004-06-30,0.063853,0.063889,0.06332,0.063661
JPYNOK,2004-07-01,0.063667,0.064478,0.063645,0.06417
JPYNOK,2004-07-02,0.064164,0.064308,0.063521,0.063819
JPYNOK,2004-07-05,0.063673,0.063744,0.063197,0.063275
JPYNOK,2004-07-06,0.063277,0.063301,0.062762,0.06288
JPYNOK,2004-07-07,0.062882,0.063102,0.062576,0.062679
JPYNOK,2004-07-08,0.062672,0.062913,0.062454,0.062773
JPYNOK,2004-07-09,0.06278,0.063282,0.062694,0.06297
JPYNOK,2004-07-12,0.063171,0.063362,0.06282,0.062983
JPYNOK,2004-07-13,0.062983,0.063449,0.062736,0.063397
JPYNOK,2004-07-14,0.063401,0.063556,0.062768,0.062998
JPYNOK,2004-07-15,0.063002,0.063103,0.062376,0.062395
JPYNOK,2004-07-16,0.062397,0.062845,0.062256,0.062716
JPYNOK,2004-07-19,0.062679,0.063164,0.062627,0.063051
JPYNOK,2004-07-20,0.063038,0.063477,0.062617,0.063418
JPYNOK,2004-07-21,0.063459,0.063534,0.062886,0.062937
JPYNOK,2004-07-22,0.062931,0.063224,0.062864,0.063104
JPYNOK,2004-07-23,0.063093,0.063977,0.063018,0.063887
JPYNOK,2004-07-26,0.063893,0.064138,0.063369,0.063517
JPYNOK,2004-07-27,0.063529,0.063631,0.063347,0.063488
JPYNOK,2004-07-28,0.063479,0.063538,0.062555,0.062697
JPYNOK,2004-07-29,0.062697,0.062797,0.0624,0.062623
JPYNOK,2004-07-30,0.062615,0.063103,0.062457,0.062971
JPYNOK,2004-08-02,0.062895,0.063419,0.062652,0.063356
JPYNOK,2004-08-03,0.063351,0.063424,0.063026,0.063221
JPYNOK,2004-08-04,0.06322,0.06325,0.0625,0.062708
JPYNOK,2004-08-05,0.062685,0.062799,0.061787,0.061907
JPYNOK,2004-08-06,0.061914,0.062129,0.061467,0.061505
JPYNOK,2004-08-09,0.061562,0.061707,0.061063,0.061086
JPYNOK,2004-08-10,0.061089,0.061345,0.060982,0.061161
JPYNOK,2004-08-11,0.061155,0.06166,0.060963,0.061344
JPYNOK,2004-08-12,0.061341,0.061495,0.060945,0.061155
JPYNOK,2004-08-13,0.061161,0.061188,0.060358,0.06041
JPYNOK,2004-08-16,0.060527,0.060673,0.06035,0.060587
JPYNOK,2004-08-17,0.06058,0.061228,0.060496,0.061081
JPYNOK,2004-08-18,0.061081,0.061696,0.060947,0.061589
JPYNOK,2004-08-19,0.061585,0.061602,0.061024,0.061039
JPYNOK,2004-08-20,0.061035,0.061526,0.060975,0.0615
JPYNOK,2004-08-23,0.061224,0.062023,0.06114,0.062003
JPYNOK,2004-08-24,0.061996,0.062836,0.061853,0.062687
JPYNOK,2004-08-25,0.062682,0.062918,0.062233,0.062578
JPYNOK,2004-08-26,0.062545,0.063048,0.062527,0.062859
JPYNOK,2004-08-27,0.062891,0.063538,0.062829,0.063427
JPYNOK,2004-08-30,0.06337,0.063416,0.06294,0.063265
JPYNOK,2004-08-31,0.063273,0.063498,0.062792,0.062879
JPYNOK,2004-09-01,0.062895,0.062981,0.06245,0.062529
JPYNOK,2004-09-02,0.062532,0.062707,0.062311,0.062366
JPYNOK,2004-09-03,0.062377,0.062897,0.062156,0.062397
JPYNOK,2004-09-06,0.062341,0.062749,0.062318,0.062638
JPYNOK,2004-09-07,0.062625,0.063106,0.06261,0.062975
JPYNOK,2004-09-08,0.062965,0.063169,0.062487,0.06251
JPYNOK,2004-09-09,0.062542,0.062622,0.061833,0.061853
JPYNOK,2004-09-10,0.06185,0.062173,0.061385,0.06212
JPYNOK,2004-09-13,0.062151,0.062279,0.061793,0.061911
JPYNOK,2004-09-14,0.061906,0.062553,0.061803,0.062418
JPYNOK,2004-09-15,0.062419,0.062858,0.062353,0.062815
JPYNOK,2004-09-16,0.062804,0.06333,0.062782,0.06311
JPYNOK,2004-09-17,0.063088,0.0633,0.062645,0.062977
JPYNOK,2004-09-20,0.062928,0.063211,0.062671,0.062714
JPYNOK,2004-09-21,0.062726,0.062737,0.062023,0.062218
JPYNOK,2004-09-22,0.062238,0.062451,0.061647,0.061679
JPYNOK,2004-09-23,0.061681,0.061738,0.061035,0.061222
JPYNOK,2004-09-24,0.061233,0.061845,0.061075,0.061492
JPYNOK,2004-09-27,0.061484,0.061558,0.061132,0.06116
JPYNOK,2004-09-28,0.061176,0.061257,0.060578,0.060753
JPYNOK,2004-09-29,0.060753,0.061259,0.060749,0.061116
JPYNOK,2004-09-30,0.061115,0.061298,0.060672,0.060936
JPYNOK,2004-10-01,0.060932,0.061075,0.060393,0.060398
JPYNOK,2004-10-04,0.060445,0.060996,0.060319,0.060897
JPYNOK,2004-10-05,0.060911,0.060996,0.060346,0.060361
JPYNOK,2004-10-06,0.060354,0.060633,0.06034,0.060469
JPYNOK,2004-10-07,0.060476,0.060635,0.060398,0.060632
JPYNOK,2004-10-08,0.060643,0.061094,0.06053,0.060984
JPYNOK,2004-10-11,0.060952,0.061217,0.060679,0.060752
JPYNOK,2004-10-12,0.060757,0.060783,0.060473,0.060696
JPYNOK,2004-10-13,0.060933,0.061096,0.060418,0.060483
JPYNOK,2004-10-14,0.060488,0.060625,0.060195,0.060305
JPYNOK,2004-10-15,0.060299,0.060631,0.060151,0.060229
JPYNOK,2004-10-18,0.060206,0.060378,0.060051,0.060207
JPYNOK,2004-10-19,0.060212,0.060872,0.060155,0.06081
JPYNOK,2004-10-20,0.060801,0.060879,0.060192,0.060329
JPYNOK,2004-10-21,0.060338,0.060843,0.060299,0.060656
JPYNOK,2004-10-22,0.060648,0.060709,0.060321,0.060333
JPYNOK,2004-10-25,0.060177,0.060529,0.060132,0.06021
JPYNOK,2004-10-26,0.060221,0.060475,0.059938,0.060026
JPYNOK,2004-10-27,0.059998,0.060539,0.05972,0.060384
JPYNOK,2004-10-28,0.060357,0.060685,0.060183,0.060222
JPYNOK,2004-10-29,0.060215,0.060508,0.060049,0.060106
JPYNOK,2004-11-01,0.060019,0.060162,0.059761,0.060101
JPYNOK,2004-11-02,0.060106,0.060726,0.060032,0.060509
JPYNOK,2004-11-03,0.060496,0.060722,0.059847,0.059928
JPYNOK,2004-11-04,0.059912,0.059993,0.059574,0.059884
JPYNOK,2004-11-05,0.059883,0.060198,0.059677,0.059747
JPYNOK,2004-11-08,0.059801,0.060477,0.059665,0.060433
JPYNOK,2004-11-09,0.060421,0.060499,0.060091,0.06034
JPYNOK,2004-11-10,0.060337,0.060344,0.058996,0.059169
JPYNOK,2004-11-11,0.059168,0.059325,0.059002,0.059227
JPYNOK,2004-11-12,0.059213,0.059516,0.059072,0.059187
JPYNOK,2004-11-15,0.059191,0.059531,0.059004,0.059453
JPYNOK,2004-11-16,0.059436,0.059485,0.059047,0.059346
JPYNOK,2004-11-17,0.059325,0.060047,0.059175,0.059864
JPYNOK,2004-11-18,0.059865,0.06029,0.059711,0.060254
JPYNOK,2004-11-19,0.060258,0.060824,0.059988,0.060614
JPYNOK,2004-11-22,0.060606,0.060935,0.060424,0.060563
JPYNOK,2004-11-23,0.060569,0.060718,0.060177,0.060254
JPYNOK,2004-11-24,0.060261,0.060273,0.059918,0.06009
JPYNOK,2004-11-25,0.060091,0.060281,0.059552,0.059596
JPYNOK,2004-11-26,0.059611,0.059795,0.059312,0.059464
JPYNOK,2004-11-29,0.059446,0.059519,0.059054,0.059368
JPYNOK,2004-11-30,0.059357,0.059667,0.059177,0.059614
JPYNOK,2004-12-01,0.059584,0.059862,0.05934,0.05968
JPYNOK,2004-12-02,0.059684,0.060029,0.059559,0.059876
JPYNOK,2004-12-03,0.059868,0.059951,0.059279,0.059449
JPYNOK,2004-12-06,0.05945,0.059508,0.058767,0.058918
JPYNOK,2004-12-07,0.058933,0.059409,0.05877,0.059121
JPYNOK,2004-12-08,0.059264,0.059452,0.059101,0.05929
JPYNOK,2004-12-09,0.059288,0.059523,0.059136,0.059257
JPYNOK,2004-12-10,0.059257,0.0594,0.05874,0.059071
JPYNOK,2004-12-13,0.058948,0.059089,0.058759,0.058911
JPYNOK,2004-12-14,0.058898,0.058963,0.058511,0.058669
JPYNOK,2004-12-15,0.058584,0.059112,0.058573,0.058721
JPYNOK,2004-12-16,0.058762,0.059187,0.058496,0.059143
JPYNOK,2004-12-17,0.059068,0.059409,0.059047,0.05909
JPYNOK,2004-12-20,0.059232,0.059346,0.058826,0.059198
JPYNOK,2004-12-21,0.059191,0.05949,0.058955,0.059261
JPYNOK,2004-12-22,0.059236,0.059599,0.059153,0.059391
JPYNOK,2004-12-23,0.059384,0.059564,0.059084,0.059132
JPYNOK,2004-12-24,0.059113,0.059191,0.058942,0.059099
JPYNOK,2004-12-27,0.059002,0.059089,0.058702,0.058949
JPYNOK,2004-12-28,0.058996,0.059059,0.058774,0.058917
JPYNOK,2004-12-29,0.058933,0.058999,0.058396,0.058591
JPYNOK,2004-12-30,0.058606,0.058867,0.058182,0.058678
JPYNOK,2004-12-31,0.058686,0.059359,0.058609,0.05918
JPYNOK,2005-01-03,0.059121,0.059613,0.059048,0.059454
JPYNOK,2005-01-04,0.059482,0.059905,0.059295,0.059731
JPYNOK,2005-01-05,0.059715,0.060152,0.059637,0.059805
JPYNOK,2005-01-06,0.059784,0.05993,0.059469,0.0598
JPYNOK,2005-01-07,0.059801,0.060298,0.059475,0.060122
JPYNOK,2005-01-10,0.060103,0.060402,0.059887,0.060293
JPYNOK,2005-01-11,0.060288,0.060616,0.059916,0.060463
JPYNOK,2005-01-12,0.060481,0.060757,0.060179,0.060389
JPYNOK,2005-01-13,0.060369,0.060701,0.060113,0.060428
JPYNOK,2005-01-14,0.060433,0.061451,0.060385,0.061152
JPYNOK,2005-01-17,0.061273,0.06159,0.061134,0.061477
JPYNOK,2005-01-18,0.061495,0.061559,0.060689,0.061341
JPYNOK,2005-01-19,0.06137,0.061382,0.060623,0.061049
JPYNOK,2005-01-20,0.061046,0.061482,0.060905,0.061202
JPYNOK,2005-01-21,0.06119,0.061406,0.060723,0.061368
JPYNOK,2005-01-24,0.061149,0.0613,0.060796,0.061251
JPYNOK,2005-01-25,0.061219,0.061401,0.06062,0.060896
JPYNOK,2005-01-26,0.060908,0.061455,0.060861,0.061187
JPYNOK,2005-01-27,0.061192,0.061691,0.060961,0.061534
JPYNOK,2005-01-28,0.061551,0.061591,0.060992,0.061091
JPYNOK,2005-01-31,0.061171,0.061504,0.061069,0.061383
JPYNOK,2005-02-01,0.061393,0.061443,0.061084,0.061279
JPYNOK,2005-02-02,0.061267,0.061284,0.060906,0.061073
JPYNOK,2005-02-03,0.061067,0.061202,0.060763,0.061112
JPYNOK,2005-02-04,0.061101,0.061977,0.061082,0.061888
JPYNOK,2005-02-07,0.061661,0.062601,0.061619,0.062562
JPYNOK,2005-02-08,0.062582,0.062595,0.061863,0.062093
JPYNOK,2005-02-09,0.062079,0.062233,0.061753,0.061932
JPYNOK,2005-02-10,0.061983,0.062363,0.061723,0.061827
JPYNOK,2005-02-11,0.061837,0.062091,0.061781,0.061929
JPYNOK,2005-02-14,0.06211,0.062331,0.061545,0.061616
JPYNOK,2005-02-15,0.061614,0.061855,0.061269,0.061517
JPYNOK,2005-02-16,0.061553,0.06157,0.060804,0.060925
JPYNOK,2005-02-17,0.060905,0.06103,0.060209,0.060275
JPYNOK,2005-02-18,0.060286,0.060461,0.059868,0.060013
JPYNOK,2005-02-21,0.060046,0.060264,0.059922,0.060102
JPYNOK,2005-02-22,0.060085,0.060306,0.059772,0.059835
JPYNOK,2005-02-23,0.059834,0.059881,0.059339,0.059403
JPYNOK,2005-02-24,0.059414,0.059526,0.059152,0.059338
JPYNOK,2005-02-25,0.059326,0.059657,0.059158,0.05926
JPYNOK,2005-02-28,0.059198,0.0597,0.059168,0.05947
JPYNOK,2005-03-01,0.059505,0.059747,0.059415,0.059588
JPYNOK,2005-03-02,0.059587,0.059847,0.059362,0.0596
JPYNOK,2005-03-03,0.059611,0.059742,0.059382,0.059541
JPYNOK,2005-03-04,0.059552,0.059631,0.059031,0.059054
JPYNOK,2005-03-07,0.059362,0.059577,0.058927,0.058974
JPYNOK,2005-03-08,0.058989,0.059088,0.058546,0.058621
JPYNOK,2005-03-09,0.058626,0.059116,0.058433,0.058785
JPYNOK,2005-03-10,0.058812,0.058924,0.058429,0.058464
JPYNOK,2005-03-11,0.058476,0.058652,0.058308,0.058333
JPYNOK,2005-03-14,0.058386,0.058453,0.05799,0.058263
JPYNOK,2005-03-15,0.058274,0.058906,0.058211,0.058739
JPYNOK,2005-03-16,0.058764,0.05894,0.058346,0.058392
JPYNOK,2005-03-17,0.058398,0.058464,0.058095,0.058174
JPYNOK,2005-03-18,0.058165,0.058479,0.058044,0.058238
JPYNOK,2005-03-21,0.058371,0.058918,0.058302,0.058845
JPYNOK,2005-03-22,0.058845,0.059284,0.058775,0.059174
JPYNOK,2005-03-23,0.059179,0.059648,0.059109,0.059512
JPYNOK,2005-03-24,0.059512,0.059651,0.059149,0.059565
JPYNOK,2005-03-25,0.059571,0.059638,0.059438,0.059595
JPYNOK,2005-03-28,0.059532,0.059658,0.059298,0.059395
JPYNOK,2005-03-29,0.059387,0.059427,0.058985,0.059059
JPYNOK,2005-03-30,0.059076,0.059186,0.058648,0.058876
JPYNOK,2005-03-31,0.058878,0.059348,0.058829,0.059191
JPYNOK,2005-04-01,0.059186,0.059236,0.058768,0.059109
JPYNOK,2005-04-04,0.059091,0.059158,0.058728,0.05886
JPYNOK,2005-04-05,0.05884,0.058941,0.058481,0.058665
JPYNOK,2005-04-06,0.058659,0.058759,0.058278,0.058446
JPYNOK,2005-04-07,0.058424,0.058532,0.05824,0.058501
JPYNOK,2005-04-08,0.058492,0.058738,0.058362,0.05839
JPYNOK,2005-04-11,0.058504,0.05866,0.058321,0.058539
JPYNOK,2005-04-12,0.058549,0.058866,0.05836,0.058823
JPYNOK,2005-04-13,0.058835,0.059391,0.058731,0.0593
JPYNOK,2005-04-14,0.059294,0.059523,0.059161,0.059399
JPYNOK,2005-04-15,0.059408,0.059485,0.058947,0.05913
JPYNOK,2005-04-18,0.059147,0.059227,0.058556,0.058735
JPYNOK,2005-04-19,0.058735,0.058967,0.058639,0.058751
JPYNOK,2005-04-20,0.058763,0.058825,0.058372,0.058403
JPYNOK,2005-04-21,0.058403,0.058536,0.058039,0.05842
JPYNOK,2005-04-22,0.05842,0.059031,0.058393,0.05888
JPYNOK,2005-04-25,0.059199,0.059497,0.05904,0.059231
JPYNOK,2005-04-26,0.05924,0.059344,0.058927,0.058954
JPYNOK,2005-04-27,0.05896,0.059467,0.058895,0.059413
JPYNOK,2005-04-28,0.059413,0.059691,0.059163,0.059408
JPYNOK,2005-04-29,0.059408,0.060428,0.059384,0.060276
JPYNOK,2005-05-02,0.060145,0.060294,0.059949,0.060166
JPYNOK,2005-05-03,0.06016,0.060295,0.05978,0.060144
JPYNOK,2005-05-04,0.060132,0.060169,0.059725,0.059856
JPYNOK,2005-05-05,0.059863,0.060065,0.059836,0.059875
JPYNOK,2005-05-06,0.05987,0.060443,0.059588,0.060329
JPYNOK,2005-05-09,0.060302,0.060335,0.059591,0.059668
JPYNOK,2005-05-10,0.05967,0.059902,0.059462,0.059594
JPYNOK,2005-05-11,0.059598,0.05987,0.059272,0.059637
JPYNOK,2005-05-12,0.059637,0.059787,0.059465,0.059749
JPYNOK,2005-05-13,0.059744,0.059947,0.059611,0.059888
JPYNOK,2005-05-16,0.059815,0.060065,0.059545,0.059885
JPYNOK,2005-05-17,0.059872,0.06014,0.059601,0.059777
JPYNOK,2005-05-18,0.059783,0.059956,0.059569,0.059858
JPYNOK,2005-05-19,0.059858,0.059932,0.059511,0.059581
JPYNOK,2005-05-20,0.059592,0.059904,0.059527,0.059749
JPYNOK,2005-05-23,0.059839,0.060002,0.059739,0.059913
JPYNOK,2005-05-24,0.059918,0.060073,0.059624,0.059719
JPYNOK,2005-05-25,0.059716,0.059871,0.059059,0.059194
JPYNOK,2005-05-26,0.059194,0.059259,0.058931,0.059184
JPYNOK,2005-05-27,0.059197,0.059264,0.058651,0.058803
JPYNOK,2005-05-30,0.058926,0.059287,0.058814,0.059159
JPYNOK,2005-05-31,0.05919,0.059658,0.059113,0.059502
JPYNOK,2005-06-01,0.059502,0.059666,0.059277,0.059598
JPYNOK,2005-06-02,0.059598,0.059731,0.059449,0.059559
JPYNOK,2005-06-03,0.059561,0.060028,0.059506,0.060013
JPYNOK,2005-06-06,0.059981,0.060075,0.059824,0.060007
JPYNOK,2005-06-07,0.059977,0.060152,0.059865,0.060118
JPYNOK,2005-06-08,0.060111,0.060415,0.059716,0.060304
JPYNOK,2005-06-09,0.06031,0.060484,0.059957,0.060166
JPYNOK,2005-06-10,0.060168,0.060223,0.05945,0.05945
JPYNOK,2005-06-13,0.059609,0.059802,0.059229,0.059321
JPYNOK,2005-06-14,0.059318,0.059955,0.059156,0.05976
JPYNOK,2005-06-15,0.05975,0.059929,0.059473,0.059605
JPYNOK,2005-06-16,0.059615,0.0598,0.059327,0.059689
JPYNOK,2005-06-17,0.059723,0.059792,0.059073,0.059118
JPYNOK,2005-06-20,0.059312,0.059395,0.059065,0.059139
JPYNOK,2005-06-21,0.059155,0.059799,0.059095,0.059615
JPYNOK,2005-06-22,0.059604,0.059818,0.059367,0.059646
JPYNOK,2005-06-23,0.059641,0.06072,0.059615,0.060625
JPYNOK,2005-06-24,0.060631,0.060744,0.060064,0.060252
JPYNOK,2005-06-27,0.060183,0.060204,0.059557,0.059718
JPYNOK,2005-06-28,0.059688,0.06002,0.059502,0.059883
JPYNOK,2005-06-29,0.059877,0.059986,0.059208,0.059333
JPYNOK,2005-06-30,0.059327,0.059486,0.058847,0.059027
JPYNOK,2005-07-01,0.05902,0.059143,0.058617,0.058888
JPYNOK,2005-07-04,0.059078,0.059537,0.059001,0.059362
JPYNOK,2005-07-05,0.059368,0.059565,0.059153,0.059449
JPYNOK,2005-07-06,0.059411,0.059616,0.05914,0.05924
JPYNOK,2005-07-07,0.05922,0.059328,0.058771,0.059016
JPYNOK,2005-07-08,0.05898,0.059075,0.058578,0.058578
JPYNOK,2005-07-11,0.058518,0.058925,0.058464,0.058577
JPYNOK,2005-07-12,0.058572,0.058761,0.058187,0.058277
JPYNOK,2005-07-13,0.058284,0.058482,0.058022,0.058397
JPYNOK,2005-07-14,0.058416,0.058639,0.058316,0.058509
JPYNOK,2005-07-15,0.05853,0.059054,0.058362,0.058796
JPYNOK,2005-07-18,0.05891,0.05963,0.058557,0.059564
JPYNOK,2005-07-19,0.059563,0.059603,0.058933,0.059048
JPYNOK,2005-07-20,0.059082,0.059113,0.058199,0.058324
JPYNOK,2005-07-21,0.058318,0.059593,0.0582,0.059416
JPYNOK,2005-07-22,0.059422,0.059481,0.058799,0.059212
JPYNOK,2005-07-25,0.059276,0.059313,0.058562,0.058825
JPYNOK,2005-07-26,0.058841,0.058856,0.05842,0.058528
JPYNOK,2005-07-27,0.0585,0.058647,0.058345,0.058526
JPYNOK,2005-07-28,0.058518,0.05865,0.058024,0.05823
JPYNOK,2005-07-29,0.058226,0.058245,0.057534,0.057635
JPYNOK,2005-08-01,0.057602,0.057674,0.057246,0.057412
JPYNOK,2005-08-02,0.057426,0.057848,0.057361,0.057793
JPYNOK,2005-08-03,0.057799,0.057868,0.057168,0.05735
JPYNOK,2005-08-04,0.057351,0.057486,0.057011,0.057139
JPYNOK,2005-08-05,0.057144,0.057311,0.056855,0.057157
JPYNOK,2005-08-08,0.057048,0.057423,0.056856,0.057092
JPYNOK,2005-08-09,0.057102,0.057224,0.05689,0.057175
JPYNOK,2005-08-10,0.057157,0.057822,0.057109,0.057699
JPYNOK,2005-08-11,0.057693,0.057848,0.057511,0.05769
JPYNOK,2005-08-12,0.057685,0.058123,0.057579,0.058121
JPYNOK,2005-08-15,0.057986,0.058987,0.057967,0.058825
JPYNOK,2005-08-16,0.058832,0.059185,0.058622,0.058677
JPYNOK,2005-08-17,0.058684,0.058961,0.05854,0.058895
JPYNOK,2005-08-18,0.058897,0.059165,0.05853,0.05906
JPYNOK,2005-08-19,0.059054,0.05958,0.058991,0.059535
JPYNOK,2005-08-22,0.059457,0.059739,0.059321,0.059498
JPYNOK,2005-08-23,0.059458,0.059603,0.059277,0.059345
JPYNOK,2005-08-24,0.059348,0.059426,0.058669,0.058705
JPYNOK,2005-08-25,0.0587,0.058824,0.058486,0.058591
JPYNOK,2005-08-26,0.058585,0.058876,0.058399,0.05867
JPYNOK,2005-08-29,0.05865,0.05872,0.058085,0.058556
JPYNOK,2005-08-30,0.058553,0.058649,0.058104,0.058154
JPYNOK,2005-08-31,0.058164,0.058247,0.057436,0.057626
JPYNOK,2005-09-01,0.057567,0.057732,0.056892,0.057047
JPYNOK,2005-09-02,0.057052,0.057089,0.056465,0.05661
JPYNOK,2005-09-05,0.056639,0.057318,0.056556,0.057062
JPYNOK,2005-09-06,0.057067,0.057432,0.057057,0.057267
JPYNOK,2005-09-07,0.057272,0.057427,0.056735,0.05714
JPYNOK,2005-09-08,0.057116,0.057164,0.05655,0.056914
JPYNOK,2005-09-09,0.056923,0.057257,0.056593,0.057166
JPYNOK,2005-09-12,0.057456,0.05796,0.057314,0.057673
JPYNOK,2005-09-13,0.057716,0.057742,0.057252,0.05757
JPYNOK,2005-09-14,0.057574,0.057777,0.057351,0.0575
JPYNOK,2005-09-15,0.057512,0.057888,0.057392,0.057523
JPYNOK,2005-09-16,0.057529,0.057562,0.057109,0.05718
JPYNOK,2005-09-19,0.057361,0.057738,0.057251,0.057458
JPYNOK,2005-09-20,0.057444,0.057513,0.057244,0.057378
JPYNOK,2005-09-21,0.057363,0.057487,0.057094,0.057158
JPYNOK,2005-09-22,0.057163,0.05753,0.056991,0.057399
JPYNOK,2005-09-23,0.057411,0.05777,0.05732,0.057638
JPYNOK,2005-09-26,0.057642,0.057889,0.057602,0.057715
JPYNOK,2005-09-27,0.057713,0.057787,0.05736,0.057455
JPYNOK,2005-09-28,0.057459,0.05759,0.057377,0.057488
JPYNOK,2005-09-29,0.057472,0.057811,0.057277,0.057667
JPYNOK,2005-09-30,0.057683,0.057953,0.057477,0.057691
JPYNOK,2005-10-03,0.057714,0.058002,0.057584,0.057913
JPYNOK,2005-10-04,0.057911,0.058031,0.057688,0.057981
JPYNOK,2005-10-05,0.057944,0.058123,0.057686,0.057686
JPYNOK,2005-10-06,0.057681,0.057741,0.057163,0.057237
JPYNOK,2005-10-07,0.057248,0.057402,0.057097,0.05728
JPYNOK,2005-10-10,0.057351,0.057425,0.056971,0.057145
JPYNOK,2005-10-11,0.057153,0.057369,0.056911,0.057034
JPYNOK,2005-10-12,0.056966,0.057171,0.056599,0.056784
JPYNOK,2005-10-13,0.056781,0.057135,0.056668,0.056898
JPYNOK,2005-10-14,0.056908,0.056958,0.056464,0.056704
JPYNOK,2005-10-17,0.056689,0.05674,0.056343,0.056472
JPYNOK,2005-10-18,0.056469,0.056628,0.056317,0.05648
JPYNOK,2005-10-19,0.05649,0.056829,0.056246,0.056361
JPYNOK,2005-10-20,0.056339,0.056518,0.056069,0.05614
JPYNOK,2005-10-21,0.056131,0.056427,0.055956,0.056264
JPYNOK,2005-10-24,0.056307,0.056709,0.056278,0.056681
JPYNOK,2005-10-25,0.056658,0.056741,0.05608,0.056107
JPYNOK,2005-10-26,0.056119,0.05625,0.055729,0.055855
JPYNOK,2005-10-27,0.055862,0.05597,0.055607,0.055629
JPYNOK,2005-10-28,0.055649,0.056103,0.055611,0.056039
JPYNOK,2005-10-31,0.055987,0.056118,0.055742,0.055767
JPYNOK,2005-11-01,0.055771,0.055888,0.05545,0.055489
JPYNOK,2005-11-02,0.05548,0.055576,0.055193,0.055239
JPYNOK,2005-11-03,0.055244,0.055753,0.055119,0.055683
JPYNOK,2005-11-04,0.055664,0.055805,0.055348,0.055714
JPYNOK,2005-11-07,0.055762,0.056243,0.055729,0.056068
JPYNOK,2005-11-08,0.056039,0.05655,0.056039,0.056305
JPYNOK,2005-11-09,0.056323,0.056444,0.055878,0.055975
JPYNOK,2005-11-10,0.055983,0.056013,0.055665,0.055912
JPYNOK,2005-11-11,0.05591,0.056165,0.055857,0.055963
JPYNOK,2005-11-14,0.055977,0.056098,0.055753,0.056007
JPYNOK,2005-11-15,0.056021,0.056197,0.055872,0.056065
JPYNOK,2005-11-16,0.05606,0.056214,0.055825,0.056105
JPYNOK,2005-11-17,0.056159,0.056706,0.056068,0.056401
JPYNOK,2005-11-18,0.056402,0.056598,0.056124,0.056229
JPYNOK,2005-11-21,0.056087,0.056635,0.056018,0.0564
JPYNOK,2005-11-22,0.056388,0.056436,0.055972,0.056111
JPYNOK,2005-11-23,0.056106,0.056405,0.055977,0.056133
JPYNOK,2005-11-24,0.056138,0.056346,0.056039,0.056251
JPYNOK,2005-11-25,0.056239,0.056387,0.055926,0.056118
JPYNOK,2005-11-28,0.056117,0.05624,0.055958,0.056042
JPYNOK,2005-11-29,0.056046,0.056571,0.055938,0.056423
JPYNOK,2005-11-30,0.056368,0.056688,0.056161,0.056279
JPYNOK,2005-12-01,0.056285,0.056638,0.056025,0.056076
JPYNOK,2005-12-02,0.056066,0.056266,0.055829,0.056094
JPYNOK,2005-12-05,0.05587,0.055908,0.055137,0.055187
JPYNOK,2005-12-06,0.055162,0.056025,0.055127,0.055979
JPYNOK,2005-12-07,0.055983,0.056217,0.055782,0.055847
JPYNOK,2005-12-08,0.055852,0.056115,0.05563,0.055831
JPYNOK,2005-12-09,0.055778,0.055969,0.055555,0.055657
JPYNOK,2005-12-12,0.055667,0.055729,0.055297,0.055505
JPYNOK,2005-12-13,0.055498,0.05572,0.055361,0.055417
JPYNOK,2005-12-14,0.055421,0.056663,0.055301,0.056414
JPYNOK,2005-12-15,0.056483,0.057293,0.056347,0.057034
JPYNOK,2005-12-16,0.057008,0.05754,0.056722,0.057435
JPYNOK,2005-12-19,0.057401,0.057595,0.056944,0.057409
JPYNOK,2005-12-20,0.057394,0.058127,0.057214,0.057929
JPYNOK,2005-12-21,0.057922,0.058069,0.057762,0.057806
JPYNOK,2005-12-22,0.057822,0.058241,0.057631,0.058079
JPYNOK,2005-12-23,0.058084,0.05845,0.057965,0.058072
JPYNOK,2005-12-27,0.058135,0.058208,0.057581,0.057739
JPYNOK,2005-12-28,0.057766,0.057798,0.057382,0.057702
JPYNOK,2005-12-29,0.057698,0.057738,0.05738,0.057561
JPYNOK,2005-12-30,0.057556,0.057737,0.057132,0.057235
JPYNOK,2006-01-02,0.057312,0.057433,0.057017,0.057244
JPYNOK,2006-01-03,0.057239,0.057415,0.056767,0.057069
JPYNOK,2006-01-04,0.057074,0.057173,0.056247,0.05633
JPYNOK,2006-01-05,0.056335,0.056693,0.056225,0.056459
JPYNOK,2006-01-06,0.056447,0.057097,0.056376,0.056904
JPYNOK,2006-01-09,0.056948,0.057656,0.056907,0.057459
JPYNOK,2006-01-10,0.057453,0.058033,0.057422,0.057944
JPYNOK,2006-01-11,0.057959,0.058232,0.057822,0.057971
JPYNOK,2006-01-12,0.057987,0.058828,0.057908,0.058445
JPYNOK,2006-01-13,0.058426,0.058522,0.057987,0.058098
JPYNOK,2006-01-16,0.058056,0.058161,0.05772,0.057867
JPYNOK,2006-01-17,0.057869,0.058294,0.057771,0.057787
JPYNOK,2006-01-18,0.057909,0.058552,0.057903,0.058369
JPYNOK,2006-01-19,0.058501,0.058606,0.058136,0.058178
JPYNOK,2006-01-20,0.058122,0.058416,0.057682,0.057722
JPYNOK,2006-01-23,0.057463,0.057529,0.057026,0.057096
JPYNOK,2006-01-24,0.0573,0.057389,0.056979,0.057082
JPYNOK,2006-01-25,0.056977,0.057003,0.05649,0.056797
JPYNOK,2006-01-26,0.056906,0.057057,0.056692,0.056808
JPYNOK,2006-01-27,0.056886,0.057046,0.056751,0.056929
JPYNOK,2006-01-30,0.056875,0.057296,0.056727,0.057188
JPYNOK,2006-01-31,0.057253,0.057369,0.056649,0.056683
JPYNOK,2006-02-01,0.0565,0.05682,0.056403,0.056676
JPYNOK,2006-02-02,0.056461,0.056544,0.056033,0.056117
JPYNOK,2006-02-03,0.056108,0.056304,0.056007,0.056245
JPYNOK,2006-02-06,0.056293,0.056619,0.056293,0.056488
JPYNOK,2006-02-07,0.056501,0.057057,0.05648,0.056789
JPYNOK,2006-02-08,0.056921,0.056939,0.056466,0.056617
JPYNOK,2006-02-09,0.05639,0.056595,0.056301,0.056411
JPYNOK,2006-02-10,0.05676,0.057752,0.056734,0.05761
JPYNOK,2006-02-13,0.057672,0.057936,0.057643,0.057843
JPYNOK,2006-02-14,0.058004,0.058426,0.057967,0.058146
JPYNOK,2006-02-15,0.058067,0.05841,0.057898,0.058
JPYNOK,2006-02-16,0.058059,0.058134,0.05758,0.057702
JPYNOK,2006-02-17,0.057452,0.057577,0.056956,0.057189
JPYNOK,2006-02-20,0.057021,0.057163,0.056919,0.056951
JPYNOK,2006-02-21,0.056972,0.057086,0.056755,0.056824
JPYNOK,2006-02-22,0.056921,0.05733,0.056827,0.057137
JPYNOK,2006-02-23,0.057592,0.057702,0.057421,0.05758
JPYNOK,2006-02-24,0.057817,0.058076,0.05776,0.058029
JPYNOK,2006-02-27,0.058373,0.058515,0.058234,0.058295
JPYNOK,2006-02-28,0.058327,0.058419,0.057993,0.058291
JPYNOK,2006-03-01,0.058186,0.058218,0.057701,0.057988
JPYNOK,2006-03-02,0.057831,0.057849,0.057551,0.057592
JPYNOK,2006-03-03,0.05732,0.057422,0.057061,0.057102
JPYNOK,2006-03-06,0.056729,0.056771,0.05634,0.056409
JPYNOK,2006-03-07,0.056572,0.057152,0.056455,0.056991
JPYNOK,2006-03-08,0.057175,0.057194,0.05687,0.057054
JPYNOK,2006-03-09,0.057027,0.057413,0.05688,0.05702
JPYNOK,2006-03-10,0.056933,0.057048,0.056207,0.056258
JPYNOK,2006-03-13,0.056204,0.056288,0.055939,0.056006
JPYNOK,2006-03-14,0.056116,0.056451,0.055959,0.056421
JPYNOK,2006-03-15,0.056431,0.056578,0.056225,0.056336
JPYNOK,2006-03-16,0.056076,0.056343,0.055977,0.056195
JPYNOK,2006-03-17,0.056233,0.056582,0.05621,0.056433
JPYNOK,2006-03-20,0.056233,0.056575,0.056088,0.056201
JPYNOK,2006-03-21,0.05604,0.05628,0.056,0.056014
JPYNOK,2006-03-22,0.056097,0.056385,0.05594,0.056271
JPYNOK,2006-03-23,0.056167,0.056642,0.056167,0.056476
JPYNOK,2006-03-24,0.056451,0.056497,0.056224,0.056367
JPYNOK,2006-03-27,0.056752,0.056844,0.056629,0.056728
JPYNOK,2006-03-28,0.056612,0.056616,0.056001,0.056064
JPYNOK,2006-03-29,0.056136,0.056382,0.056028,0.056298
JPYNOK,2006-03-30,0.056448,0.056472,0.055785,0.055852
JPYNOK,2006-03-31,0.055801,0.056021,0.055554,0.055669
JPYNOK,2006-04-03,0.055552,0.055613,0.055028,0.05508
JPYNOK,2006-04-04,0.055085,0.055204,0.054608,0.054635
JPYNOK,2006-04-05,0.054893,0.05497,0.054541,0.054638
JPYNOK,2006-04-06,0.054566,0.054918,0.054436,0.054845
JPYNOK,2006-04-07,0.054808,0.055114,0.054746,0.054929
JPYNOK,2006-04-10,0.055025,0.05509,0.05464,0.054729
JPYNOK,2006-04-11,0.054677,0.054691,0.054276,0.054555
JPYNOK,2006-04-12,0.054541,0.05482,0.054498,0.054714
JPYNOK,2006-04-13,0.054741,0.054898,0.054654,0.054748
JPYNOK,2006-04-14,0.054689,0.054825,0.054649,0.054759
JPYNOK,2006-04-17,0.054587,0.054632,0.054384,0.054497
JPYNOK,2006-04-18,0.05446,0.05451,0.054245,0.054424
JPYNOK,2006-04-19,0.054581,0.054581,0.053553,0.05373
JPYNOK,2006-04-20,0.053499,0.053989,0.053478,0.053882
JPYNOK,2006-04-21,0.053865,0.054533,0.05371,0.05449
JPYNOK,2006-04-24,0.054757,0.055438,0.054714,0.055385
JPYNOK,2006-04-25,0.055316,0.055421,0.054933,0.054945
JPYNOK,2006-04-26,0.054852,0.054961,0.054436,0.054613
JPYNOK,2006-04-27,0.054669,0.054754,0.054375,0.054405
JPYNOK,2006-04-28,0.054352,0.054392,0.053994,0.054068
JPYNOK,2006-05-01,0.054436,0.05464,0.054262,0.054559
JPYNOK,2006-05-02,0.054329,0.054567,0.05403,0.054341
JPYNOK,2006-05-03,0.054235,0.054398,0.053836,0.05399
JPYNOK,2006-05-04,0.053878,0.054098,0.053721,0.053797
JPYNOK,2006-05-05,0.053705,0.054525,0.05366,0.054398
JPYNOK,2006-05-08,0.054799,0.055093,0.05467,0.054817
JPYNOK,2006-05-09,0.054856,0.055183,0.054787,0.054895
JPYNOK,2006-05-10,0.05495,0.055082,0.054708,0.054954
JPYNOK,2006-05-11,0.054507,0.054998,0.054502,0.05464
JPYNOK,2006-05-12,0.054849,0.055023,0.05439,0.054469
JPYNOK,2006-05-15,0.054692,0.055237,0.054595,0.055237
JPYNOK,2006-05-16,0.05535,0.055654,0.055231,0.055575
JPYNOK,2006-05-17,0.055753,0.055822,0.055219,0.055252
JPYNOK,2006-05-18,0.055333,0.055516,0.054783,0.054783
JPYNOK,2006-05-19,0.054839,0.054984,0.054495,0.054647
JPYNOK,2006-05-22,0.054488,0.054591,0.054216,0.054457
JPYNOK,2006-05-23,0.054614,0.054934,0.054577,0.054732
JPYNOK,2006-05-24,0.054226,0.054565,0.05414,0.054192
JPYNOK,2006-05-25,0.054197,0.054739,0.054197,0.054664
JPYNOK,2006-05-26,0.054539,0.054701,0.054407,0.054557
JPYNOK,2006-05-29,0.054667,0.054698,0.054401,0.054564
JPYNOK,2006-05-30,0.054479,0.05458,0.054132,0.054176
JPYNOK,2006-05-31,0.054268,0.054515,0.053946,0.054004
JPYNOK,2006-06-01,0.054019,0.054209,0.053856,0.053966
JPYNOK,2006-06-02,0.053946,0.054051,0.053718,0.053872
JPYNOK,2006-06-05,0.053762,0.053775,0.053507,0.053572
JPYNOK,2006-06-06,0.053454,0.053705,0.053397,0.053471
JPYNOK,2006-06-07,0.053588,0.053959,0.053568,0.053837
JPYNOK,2006-06-08,0.053725,0.05433,0.053693,0.054251
JPYNOK,2006-06-09,0.054358,0.054368,0.054009,0.054148
JPYNOK,2006-06-12,0.054054,0.054226,0.053896,0.054078
JPYNOK,2006-06-13,0.053947,0.054266,0.053921,0.054074
JPYNOK,2006-06-14,0.054164,0.054326,0.054057,0.054232
JPYNOK,2006-06-15,0.05426,0.054265,0.053906,0.054035
JPYNOK,2006-06-16,0.054101,0.054175,0.053842,0.053941
JPYNOK,2006-06-19,0.053841,0.054263,0.053812,0.054096
JPYNOK,2006-06-20,0.054288,0.054746,0.054288,0.054645
JPYNOK,2006-06-21,0.054563,0.054808,0.054394,0.054789
JPYNOK,2006-06-22,0.054706,0.054807,0.054396,0.05448
JPYNOK,2006-06-23,0.054546,0.054648,0.054223,0.05432
JPYNOK,2006-06-26,0.054414,0.054414,0.054086,0.054148
JPYNOK,2006-06-27,0.054165,0.054309,0.05404,0.054201
JPYNOK,2006-06-28,0.054192,0.054296,0.053934,0.054012
JPYNOK,2006-06-29,0.053996,0.054499,0.053827,0.05441
JPYNOK,2006-06-30,0.054255,0.054548,0.054208,0.054403
JPYNOK,2006-07-03,0.054301,0.054479,0.054198,0.054361
JPYNOK,2006-07-04,0.054376,0.054452,0.054264,0.054301
JPYNOK,2006-07-05,0.054077,0.054266,0.053824,0.053864
JPYNOK,2006-07-06,0.053953,0.054234,0.053788,0.054138
JPYNOK,2006-07-07,0.054151,0.054667,0.053986,0.05448
JPYNOK,2006-07-10,0.054849,0.055064,0.054689,0.054959
JPYNOK,2006-07-11,0.054962,0.055059,0.054679,0.054775
JPYNOK,2006-07-12,0.054652,0.054662,0.054137,0.054244
JPYNOK,2006-07-13,0.05432,0.05432,0.053973,0.054052
JPYNOK,2006-07-14,0.053774,0.053987,0.053727,0.053808
JPYNOK,2006-07-17,0.053711,0.054032,0.053604,0.053973
JPYNOK,2006-07-18,0.05409,0.054221,0.053943,0.054104
JPYNOK,2006-07-19,0.054081,0.054353,0.054023,0.054154
JPYNOK,2006-07-20,0.054242,0.054246,0.053605,0.053706
JPYNOK,2006-07-21,0.053751,0.054014,0.053644,0.053757
JPYNOK,2006-07-24,0.053884,0.054075,0.053844,0.053993
JPYNOK,2006-07-25,0.053843,0.053979,0.053647,0.053922
JPYNOK,2006-07-26,0.053989,0.054104,0.053608,0.053613
JPYNOK,2006-07-27,0.053716,0.053863,0.053535,0.053677
JPYNOK,2006-07-28,0.053899,0.054033,0.053619,0.053904
JPYNOK,2006-07-31,0.054141,0.054141,0.05362,0.053687
JPYNOK,2006-08-01,0.053909,0.053915,0.053508,0.053572
JPYNOK,2006-08-02,0.053648,0.053828,0.053557,0.053753
JPYNOK,2006-08-03,0.053802,0.053859,0.053341,0.053459
JPYNOK,2006-08-04,0.053401,0.053651,0.053323,0.053491
JPYNOK,2006-08-07,0.053436,0.053457,0.053207,0.053395
JPYNOK,2006-08-08,0.053343,0.053752,0.053338,0.053502
JPYNOK,2006-08-09,0.053584,0.053659,0.053411,0.053562
JPYNOK,2006-08-10,0.053563,0.054024,0.05345,0.053937
JPYNOK,2006-08-11,0.053781,0.05395,0.053577,0.053842
JPYNOK,2006-08-14,0.05379,0.054188,0.053775,0.054016
JPYNOK,2006-08-15,0.053949,0.05424,0.053942,0.053993
JPYNOK,2006-08-16,0.054009,0.054264,0.053721,0.054213
JPYNOK,2006-08-17,0.054335,0.054548,0.054167,0.054269
JPYNOK,2006-08-18,0.054318,0.054592,0.054253,0.054331
JPYNOK,2006-08-21,0.054187,0.054194,0.053675,0.053798
JPYNOK,2006-08-22,0.053786,0.053953,0.053719,0.053937
JPYNOK,2006-08-23,0.054012,0.054103,0.053803,0.054073
JPYNOK,2006-08-24,0.054059,0.054498,0.054013,0.054484
JPYNOK,2006-08-25,0.054298,0.054302,0.053675,0.053748
JPYNOK,2006-08-28,0.053594,0.053719,0.053537,0.053669
JPYNOK,2006-08-29,0.053662,0.054103,0.053567,0.053966
JPYNOK,2006-08-30,0.053879,0.053978,0.053634,0.053896
JPYNOK,2006-08-31,0.053772,0.053932,0.053591,0.053838
JPYNOK,2006-09-01,0.053886,0.054137,0.053738,0.054073
JPYNOK,2006-09-04,0.054305,0.054616,0.05424,0.054525
JPYNOK,2006-09-05,0.054741,0.054827,0.054599,0.054735
JPYNOK,2006-09-06,0.0546,0.054828,0.054459,0.054775
JPYNOK,2006-09-07,0.054744,0.055832,0.054608,0.055729
JPYNOK,2006-09-08,0.055843,0.055907,0.055503,0.055702
JPYNOK,2006-09-11,0.055734,0.055856,0.055435,0.055601
JPYNOK,2006-09-12,0.055611,0.055716,0.055332,0.055527
JPYNOK,2006-09-13,0.055547,0.056268,0.055543,0.056114
JPYNOK,2006-09-14,0.056118,0.056179,0.055423,0.055492
JPYNOK,2006-09-15,0.055506,0.055815,0.055354,0.055582
JPYNOK,2006-09-18,0.055396,0.055725,0.055202,0.055517
JPYNOK,2006-09-19,0.055432,0.055635,0.055294,0.055509
JPYNOK,2006-09-20,0.05566,0.055794,0.055491,0.055642
JPYNOK,2006-09-21,0.055666,0.056169,0.055521,0.056065
JPYNOK,2006-09-22,0.056021,0.056331,0.055792,0.056283
JPYNOK,2006-09-25,0.056379,0.056614,0.055913,0.055927
JPYNOK,2006-09-26,0.055929,0.056292,0.055696,0.055817
JPYNOK,2006-09-27,0.055864,0.055954,0.05518,0.055263
JPYNOK,2006-09-28,0.055085,0.05513,0.0548,0.05487
JPYNOK,2006-09-29,0.054827,0.055305,0.054809,0.055246
JPYNOK,2006-10-02,0.055153,0.055825,0.055082,0.055684
JPYNOK,2006-10-03,0.055688,0.056032,0.05551,0.055866
JPYNOK,2006-10-04,0.055809,0.05629,0.055809,0.055956
JPYNOK,2006-10-05,0.056076,0.056352,0.055896,0.056216
JPYNOK,2006-10-06,0.05604,0.056543,0.056026,0.056194
JPYNOK,2006-10-09,0.056093,0.056132,0.055803,0.056018
JPYNOK,2006-10-10,0.056047,0.05607,0.055608,0.055938
JPYNOK,2006-10-11,0.056013,0.056363,0.055988,0.056214
JPYNOK,2006-10-12,0.056267,0.056537,0.056036,0.056324
JPYNOK,2006-10-13,0.056323,0.056554,0.056107,0.056361
JPYNOK,2006-10-16,0.056384,0.056881,0.056267,0.056681
JPYNOK,2006-10-17,0.056696,0.0571,0.056696,0.056805
JPYNOK,2006-10-18,0.057012,0.057012,0.056803,0.056948
JPYNOK,2006-10-19,0.056999,0.057061,0.056553,0.056615
JPYNOK,2006-10-20,0.056518,0.056518,0.056181,0.056356
JPYNOK,2006-10-23,0.056264,0.056371,0.056123,0.056154
JPYNOK,2006-10-24,0.05608,0.056086,0.055809,0.055828
JPYNOK,2006-10-25,0.055855,0.055941,0.055328,0.055387
JPYNOK,2006-10-26,0.055287,0.055349,0.055079,0.055231
JPYNOK,2006-10-27,0.055226,0.055787,0.055121,0.055586
JPYNOK,2006-10-30,0.055686,0.055966,0.055552,0.055929
JPYNOK,2006-10-31,0.055891,0.056031,0.0556,0.055871
JPYNOK,2006-11-01,0.055872,0.055929,0.055215,0.055312
JPYNOK,2006-11-02,0.055235,0.055499,0.055031,0.055158
JPYNOK,2006-11-03,0.055203,0.055203,0.054864,0.054864
JPYNOK,2006-11-06,0.054879,0.054991,0.054794,0.054886
JPYNOK,2006-11-07,0.054881,0.05496,0.05477,0.054908
JPYNOK,2006-11-08,0.054927,0.054927,0.054699,0.054776
JPYNOK,2006-11-09,0.054745,0.054749,0.054346,0.054416
JPYNOK,2006-11-10,0.054443,0.054494,0.054134,0.054182
JPYNOK,2006-11-13,0.054157,0.054357,0.054091,0.054248
JPYNOK,2006-11-14,0.054537,0.054657,0.054176,0.05456
JPYNOK,2006-11-15,0.054407,0.05463,0.054373,0.054422
JPYNOK,2006-11-16,0.05443,0.054607,0.054254,0.054582
JPYNOK,2006-11-17,0.054543,0.054865,0.054417,0.054718
JPYNOK,2006-11-20,0.054667,0.054773,0.054395,0.054742
JPYNOK,2006-11-21,0.054666,0.054741,0.05449,0.054511
JPYNOK,2006-11-22,0.054618,0.054793,0.054534,0.054645
JPYNOK,2006-11-23,0.054718,0.05493,0.0546,0.054868
JPYNOK,2006-11-24,0.054745,0.054898,0.054266,0.054441
JPYNOK,2006-11-27,0.054312,0.054399,0.05415,0.054235
JPYNOK,2006-11-28,0.05425,0.054395,0.054067,0.054112
JPYNOK,2006-11-29,0.05421,0.0543,0.053636,0.053684
JPYNOK,2006-11-30,0.053604,0.053629,0.053145,0.053201
JPYNOK,2006-12-01,0.053142,0.053427,0.052953,0.052974
JPYNOK,2006-12-04,0.052919,0.053248,0.052904,0.053189
JPYNOK,2006-12-05,0.053233,0.053548,0.053029,0.053115
JPYNOK,2006-12-06,0.05325,0.053318,0.052914,0.053006
JPYNOK,2006-12-07,0.05308,0.053103,0.0528,0.052875
JPYNOK,2006-12-08,0.052852,0.053028,0.052735,0.052986
JPYNOK,2006-12-11,0.052886,0.052924,0.052465,0.052497
JPYNOK,2006-12-12,0.052528,0.052658,0.05237,0.052436
JPYNOK,2006-12-13,0.052346,0.05269,0.052228,0.0525
JPYNOK,2006-12-14,0.052551,0.052754,0.052321,0.052642
JPYNOK,2006-12-15,0.052609,0.052991,0.052467,0.05278
JPYNOK,2006-12-18,0.052813,0.052863,0.052626,0.052771
JPYNOK,2006-12-19,0.052825,0.052845,0.052312,0.052333
JPYNOK,2006-12-20,0.05222,0.052386,0.052152,0.052242
JPYNOK,2006-12-21,0.05226,0.052447,0.052028,0.052313
JPYNOK,2006-12-22,0.052229,0.052614,0.052105,0.052482
JPYNOK,2006-12-27,0.052456,0.052997,0.05241,0.052916
JPYNOK,2006-12-28,0.052822,0.05285,0.052565,0.05281
JPYNOK,2006-12-29,0.052716,0.052836,0.052233,0.052366
JPYNOK,2007-01-02,0.052218,0.052253,0.0519,0.052085
JPYNOK,2007-01-03,0.052071,0.052529,0.051948,0.052521
JPYNOK,2007-01-04,0.052503,0.053228,0.052447,0.053168
JPYNOK,2007-01-05,0.053539,0.053754,0.053347,0.053582
JPYNOK,2007-01-08,0.05374,0.053765,0.05342,0.053435
JPYNOK,2007-01-09,0.053318,0.053377,0.053014,0.053246
JPYNOK,2007-01-10,0.053305,0.053962,0.053212,0.053893
JPYNOK,2007-01-11,0.053768,0.053918,0.0533,0.053836
JPYNOK,2007-01-12,0.053758,0.053781,0.053501,0.0536
JPYNOK,2007-01-15,0.053644,0.053648,0.05326,0.053389
JPYNOK,2007-01-16,0.053469,0.053495,0.053151,0.053451
JPYNOK,2007-01-17,0.053253,0.053661,0.053196,0.053353
JPYNOK,2007-01-18,0.05313,0.0534,0.052854,0.053299
JPYNOK,2007-01-19,0.053287,0.053324,0.053034,0.053177
JPYNOK,2007-01-22,0.053095,0.053215,0.052899,0.053121
JPYNOK,2007-01-23,0.053156,0.053156,0.052497,0.052517
JPYNOK,2007-01-24,0.05282,0.053102,0.052194,0.052468
JPYNOK,2007-01-25,0.052529,0.052614,0.052101,0.052316
JPYNOK,2007-01-26,0.052197,0.052348,0.052065,0.052132
JPYNOK,2007-01-29,0.051938,0.051995,0.051641,0.051744
JPYNOK,2007-01-30,0.051767,0.051818,0.051569,0.05167
JPYNOK,2007-01-31,0.051778,0.051972,0.0515,0.0517
JPYNOK,2007-02-01,0.051758,0.051898,0.051636,0.051706
JPYNOK,2007-02-02,0.051677,0.051827,0.051493,0.051729
JPYNOK,2007-02-05,0.051836,0.052246,0.051832,0.052158
JPYNOK,2007-02-06,0.052185,0.052301,0.051889,0.051987
JPYNOK,2007-02-07,0.051849,0.051857,0.051495,0.051694
JPYNOK,2007-02-08,0.051442,0.051554,0.05127,0.051337
JPYNOK,2007-02-09,0.051192,0.051572,0.051103,0.051379
JPYNOK,2007-02-12,0.05126,0.051386,0.051161,0.051227
JPYNOK,2007-02-13,0.051454,0.051454,0.051118,0.051281
JPYNOK,2007-02-14,0.051148,0.051153,0.050927,0.050984
JPYNOK,2007-02-15,0.051321,0.051723,0.051015,0.051355
JPYNOK,2007-02-16,0.051302,0.051516,0.051164,0.05127
JPYNOK,2007-02-19,0.051263,0.051329,0.05106,0.051135
JPYNOK,2007-02-20,0.050955,0.051131,0.050811,0.051086
JPYNOK,2007-02-21,0.05093,0.050934,0.050624,0.05075
JPYNOK,2007-02-22,0.0507,0.050904,0.050522,0.050538
JPYNOK,2007-02-23,0.050571,0.050697,0.050497,0.0506
JPYNOK,2007-02-26,0.050641,0.050833,0.050581,0.050624
JPYNOK,2007-02-27,0.050814,0.052001,0.05081,0.051872
JPYNOK,2007-02-28,0.051922,0.052085,0.051685,0.051784
JPYNOK,2007-03-01,0.051851,0.05246,0.051682,0.052285
JPYNOK,2007-03-02,0.05229,0.052871,0.052224,0.052761
JPYNOK,2007-03-05,0.053609,0.054232,0.0536,0.053989
JPYNOK,2007-03-06,0.05365,0.053677,0.053246,0.053288
JPYNOK,2007-03-07,0.053437,0.053437,0.053092,0.053291
JPYNOK,2007-03-08,0.052954,0.053093,0.052713,0.052914
JPYNOK,2007-03-09,0.052793,0.052817,0.052119,0.05216
JPYNOK,2007-03-12,0.052062,0.052647,0.052003,0.052087
JPYNOK,2007-03-13,0.052283,0.052918,0.052267,0.052883
JPYNOK,2007-03-14,0.053081,0.053116,0.052316,0.052369
JPYNOK,2007-03-15,0.052248,0.052399,0.052032,0.052199
JPYNOK,2007-03-16,0.052276,0.052458,0.052195,0.0524
JPYNOK,2007-03-19,0.052168,0.052328,0.052047,0.052137
JPYNOK,2007-03-20,0.052076,0.052566,0.051937,0.052426
JPYNOK,2007-03-21,0.052349,0.052438,0.051905,0.051992
JPYNOK,2007-03-22,0.052089,0.052109,0.051536,0.051592
JPYNOK,2007-03-23,0.051583,0.051946,0.051567,0.051809
JPYNOK,2007-03-26,0.051822,0.051839,0.051534,0.051546
JPYNOK,2007-03-27,0.05155,0.051779,0.051428,0.051704
JPYNOK,2007-03-28,0.051937,0.05218,0.051803,0.052113
JPYNOK,2007-03-29,0.051962,0.051962,0.051534,0.051581
JPYNOK,2007-03-30,0.051717,0.051792,0.051497,0.051564
JPYNOK,2007-04-02,0.051655,0.051965,0.051655,0.051772
JPYNOK,2007-04-03,0.051624,0.051707,0.051407,0.051477
JPYNOK,2007-04-04,0.051541,0.051612,0.051371,0.051514
JPYNOK,2007-04-05,0.051525,0.051563,0.051069,0.051157
JPYNOK,2007-04-10,0.051007,0.051116,0.050534,0.05059
JPYNOK,2007-04-11,0.050528,0.050663,0.050424,0.050519
JPYNOK,2007-04-12,0.050336,0.050529,0.050261,0.050327
JPYNOK,2007-04-13,0.050478,0.050718,0.050138,0.050264
JPYNOK,2007-04-16,0.050025,0.050049,0.049672,0.04983
JPYNOK,2007-04-17,0.049963,0.050162,0.049805,0.050149
JPYNOK,2007-04-18,0.050186,0.050577,0.050025,0.050219
JPYNOK,2007-04-19,0.050547,0.050779,0.050283,0.050363
JPYNOK,2007-04-20,0.050104,0.050281,0.050005,0.050166
JPYNOK,2007-04-23,0.050332,0.050495,0.050246,0.050328
JPYNOK,2007-04-24,0.050417,0.05048,0.050104,0.050116
JPYNOK,2007-04-25,0.050188,0.050556,0.05001,0.050234
JPYNOK,2007-04-26,0.050255,0.05027,0.049896,0.049979
JPYNOK,2007-04-27,0.049993,0.050116,0.049758,0.049802
JPYNOK,2007-04-30,0.049959,0.05004,0.049693,0.04981
JPYNOK,2007-05-02,0.049863,0.049941,0.049629,0.049764
JPYNOK,2007-05-03,0.049642,0.049795,0.049625,0.049758
JPYNOK,2007-05-04,0.04979,0.049879,0.049612,0.049715
JPYNOK,2007-05-07,0.049693,0.049811,0.049683,0.049781
JPYNOK,2007-05-08,0.049756,0.050251,0.049725,0.050067
JPYNOK,2007-05-09,0.050115,0.05024,0.050036,0.050092
JPYNOK,2007-05-10,0.050093,0.050591,0.049829,0.050557
JPYNOK,2007-05-11,0.050556,0.050729,0.050215,0.050232
JPYNOK,2007-05-14,0.050171,0.050349,0.050098,0.050228
JPYNOK,2007-05-15,0.05023,0.050386,0.049924,0.050009
JPYNOK,2007-05-16,0.049909,0.05017,0.049792,0.050123
JPYNOK,2007-05-17,0.050071,0.050071,0.049848,0.049907
JPYNOK,2007-05-18,0.049917,0.050253,0.049817,0.049903
JPYNOK,2007-05-21,0.049816,0.050027,0.049783,0.049895
JPYNOK,2007-05-22,0.04989,0.04994,0.049685,0.049718
JPYNOK,2007-05-23,0.049674,0.049758,0.049446,0.049528
JPYNOK,2007-05-24,0.049535,0.049792,0.049535,0.049747
JPYNOK,2007-05-25,0.049693,0.04978,0.049403,0.049467
JPYNOK,2007-05-29,0.049576,0.049653,0.049263,0.049564
JPYNOK,2007-05-30,0.049607,0.049991,0.049576,0.04988
JPYNOK,2007-05-31,0.049905,0.049905,0.049503,0.049542
JPYNOK,2007-06-01,0.049455,0.049587,0.049299,0.049349
JPYNOK,2007-06-04,0.049356,0.049442,0.049097,0.049109
JPYNOK,2007-06-05,0.04907,0.049305,0.049029,0.049202
JPYNOK,2007-06-06,0.049246,0.049516,0.049083,0.049455
JPYNOK,2007-06-07,0.049293,0.049647,0.049218,0.049612
JPYNOK,2007-06-08,0.049539,0.049992,0.049521,0.049818
JPYNOK,2007-06-11,0.049887,0.050074,0.049759,0.049821
JPYNOK,2007-06-12,0.04985,0.050105,0.049804,0.050071
JPYNOK,2007-06-13,0.049899,0.050012,0.049565,0.049569
JPYNOK,2007-06-14,0.049546,0.049608,0.049449,0.04953
JPYNOK,2007-06-15,0.049481,0.049481,0.048815,0.048864
JPYNOK,2007-06-18,0.048813,0.048848,0.04866,0.04867
JPYNOK,2007-06-19,0.048612,0.048887,0.048605,0.048788
JPYNOK,2007-06-20,0.048804,0.048867,0.04838,0.048464
JPYNOK,2007-06-21,0.048444,0.048592,0.048205,0.048259
JPYNOK,2007-06-22,0.048162,0.048173,0.047776,0.047864
JPYNOK,2007-06-25,0.047814,0.048225,0.047814,0.048073
JPYNOK,2007-06-26,0.048157,0.04849,0.048135,0.048322
JPYNOK,2007-06-27,0.048551,0.048896,0.048241,0.048249
JPYNOK,2007-06-28,0.047917,0.048073,0.047876,0.047945
JPYNOK,2007-06-29,0.047891,0.047953,0.047715,0.047894
JPYNOK,2007-07-02,0.047912,0.047977,0.047477,0.047525
JPYNOK,2007-07-03,0.047424,0.047713,0.047371,0.047625
JPYNOK,2007-07-04,0.047617,0.04762,0.047456,0.047511
JPYNOK,2007-07-05,0.047488,0.047511,0.047286,0.047369
JPYNOK,2007-07-06,0.047258,0.047324,0.047047,0.04708
JPYNOK,2007-07-09,0.046979,0.0472,0.046885,0.047147
JPYNOK,2007-07-10,0.047141,0.047626,0.047107,0.04758
JPYNOK,2007-07-11,0.047822,0.047838,0.047151,0.047199
JPYNOK,2007-07-12,0.047205,0.047318,0.046797,0.046844
JPYNOK,2007-07-13,0.046833,0.04707,0.046816,0.047048
JPYNOK,2007-07-16,0.04707,0.047136,0.046866,0.046994
JPYNOK,2007-07-17,0.046945,0.046974,0.046725,0.046828
JPYNOK,2007-07-18,0.047048,0.047148,0.046902,0.046954
JPYNOK,2007-07-19,0.046923,0.046987,0.046787,0.046943
JPYNOK,2007-07-20,0.046915,0.04735,0.046779,0.047255
JPYNOK,2007-07-23,0.047243,0.047376,0.047116,0.047266
JPYNOK,2007-07-24,0.047511,0.047878,0.047278,0.047864
JPYNOK,2007-07-25,0.04782,0.048334,0.047798,0.048116
JPYNOK,2007-07-26,0.048151,0.049231,0.047947,0.049155
JPYNOK,2007-07-27,0.049288,0.049683,0.04909,0.049571
JPYNOK,2007-07-30,0.049649,0.049652,0.049009,0.049066
JPYNOK,2007-07-31,0.049165,0.0492,0.048592,0.049166
JPYNOK,2007-08-01,0.049846,0.049921,0.04906,0.049061
JPYNOK,2007-08-02,0.049111,0.049159,0.048543,0.048632
JPYNOK,2007-08-03,0.048689,0.048918,0.048492,0.048912
JPYNOK,2007-08-06,0.049111,0.04918,0.048495,0.048521
JPYNOK,2007-08-07,0.048607,0.049194,0.048526,0.048879
JPYNOK,2007-08-08,0.048802,0.048924,0.04804,0.048078
JPYNOK,2007-08-09,0.048066,0.049219,0.048062,0.049125
JPYNOK,2007-08-10,0.049235,0.049944,0.049053,0.049125
JPYNOK,2007-08-13,0.049233,0.049733,0.049122,0.049611
JPYNOK,2007-08-14,0.049729,0.050094,0.049463,0.050093
JPYNOK,2007-08-15,0.050812,0.051001,0.05013,0.050616
JPYNOK,2007-08-16,0.051178,0.053538,0.051007,0.052365
JPYNOK,2007-08-17,0.053219,0.054001,0.051388,0.051983
JPYNOK,2007-08-20,0.051563,0.051935,0.05116,0.051498
JPYNOK,2007-08-21,0.051503,0.052178,0.051503,0.052058
JPYNOK,2007-08-22,0.052072,0.052072,0.051191,0.051245
JPYNOK,2007-08-23,0.050837,0.050932,0.050106,0.050497
JPYNOK,2007-08-24,0.050525,0.050797,0.049953,0.04998
JPYNOK,2007-08-27,0.050034,0.050292,0.049944,0.050232
JPYNOK,2007-08-28,0.050611,0.051115,0.050216,0.051087
JPYNOK,2007-08-29,0.051272,0.051352,0.050138,0.050151
JPYNOK,2007-08-30,0.050518,0.050822,0.050121,0.050305
JPYNOK,2007-08-31,0.050035,0.050478,0.049816,0.050329
JPYNOK,2007-09-03,0.05019,0.050416,0.050054,0.050354
JPYNOK,2007-09-04,0.050387,0.050649,0.049772,0.049898
JPYNOK,2007-09-05,0.050091,0.050483,0.050091,0.050151
JPYNOK,2007-09-06,0.050094,0.050291,0.049895,0.049984
JPYNOK,2007-09-07,0.050113,0.050816,0.050076,0.050667
JPYNOK,2007-09-10,0.050759,0.050845,0.050029,0.050099
JPYNOK,2007-09-11,0.050037,0.050272,0.049688,0.04971
JPYNOK,2007-09-12,0.049702,0.049737,0.049152,0.049195
JPYNOK,2007-09-13,0.049161,0.049249,0.048776,0.048958
JPYNOK,2007-09-14,0.049051,0.049252,0.048785,0.048835
JPYNOK,2007-09-17,0.048853,0.049161,0.048712,0.048787
JPYNOK,2007-09-18,0.048947,0.049101,0.047894,0.047962
JPYNOK,2007-09-19,0.048083,0.048213,0.047931,0.048036
JPYNOK,2007-09-20,0.048122,0.048444,0.047841,0.048267
JPYNOK,2007-09-21,0.048115,0.048128,0.047776,0.047901
JPYNOK,2007-09-24,0.047869,0.048158,0.04784,0.048116
JPYNOK,2007-09-25,0.048175,0.048462,0.047991,0.048013
JPYNOK,2007-09-26,0.048,0.048108,0.047567,0.047631
JPYNOK,2007-09-27,0.047628,0.047628,0.047112,0.047149
JPYNOK,2007-09-28,0.047384,0.047384,0.046904,0.046904
JPYNOK,2007-10-01,0.046836,0.046971,0.046259,0.046418
JPYNOK,2007-10-02,0.046571,0.047106,0.046559,0.046879
JPYNOK,2007-10-03,0.046877,0.046881,0.046445,0.046727
JPYNOK,2007-10-04,0.046799,0.046901,0.046529,0.046636
JPYNOK,2007-10-05,0.046628,0.046736,0.046231,0.046248
JPYNOK,2007-10-08,0.04618,0.046658,0.04608,0.046547
JPYNOK,2007-10-09,0.046675,0.046983,0.046391,0.0464
JPYNOK,2007-10-10,0.046359,0.046527,0.046221,0.046374
JPYNOK,2007-10-11,0.046343,0.046343,0.045551,0.04605
JPYNOK,2007-10-12,0.046061,0.046209,0.045754,0.046016
JPYNOK,2007-10-15,0.04601,0.046119,0.045651,0.045995
JPYNOK,2007-10-16,0.04596,0.046491,0.04584,0.046381
JPYNOK,2007-10-17,0.046534,0.046571,0.045998,0.046284
JPYNOK,2007-10-18,0.046136,0.046522,0.046042,0.046391
JPYNOK,2007-10-19,0.046652,0.046817,0.046374,0.046781
JPYNOK,2007-10-22,0.046924,0.048159,0.046876,0.047751
JPYNOK,2007-10-23,0.047369,0.04749,0.04689,0.046958
JPYNOK,2007-10-24,0.047208,0.048019,0.047208,0.047594
JPYNOK,2007-10-25,0.047661,0.047759,0.047137,0.047349
JPYNOK,2007-10-26,0.047081,0.047081,0.046802,0.047026
JPYNOK,2007-10-29,0.046772,0.046901,0.046487,0.046586
JPYNOK,2007-10-30,0.046857,0.046923,0.046493,0.046635
JPYNOK,2007-10-31,0.046641,0.046896,0.046375,0.046517
JPYNOK,2007-11-01,0.046491,0.047457,0.046402,0.047364
JPYNOK,2007-11-02,0.047194,0.047319,0.046846,0.046924
JPYNOK,2007-11-05,0.046982,0.047373,0.046884,0.047029
JPYNOK,2007-11-06,0.046769,0.046847,0.046516,0.046649
JPYNOK,2007-11-07,0.04652,0.047036,0.046449,0.046969
JPYNOK,2007-11-08,0.047069,0.047159,0.046563,0.046778
JPYNOK,2007-11-09,0.046856,0.048062,0.046646,0.047944
JPYNOK,2007-11-12,0.048434,0.04971,0.048144,0.049602
JPYNOK,2007-11-13,0.049004,0.049404,0.048904,0.048969
JPYNOK,2007-11-14,0.048439,0.04866,0.048051,0.04856
JPYNOK,2007-11-15,0.048664,0.049765,0.048402,0.049749
JPYNOK,2007-11-16,0.04988,0.050133,0.049188,0.049344
JPYNOK,2007-11-19,0.049527,0.050221,0.049439,0.050134
JPYNOK,2007-11-20,0.049929,0.049929,0.04887,0.049027
JPYNOK,2007-11-21,0.049445,0.050247,0.049267,0.049849
JPYNOK,2007-11-22,0.049705,0.049917,0.049623,0.049701
JPYNOK,2007-11-23,0.050075,0.050424,0.049766,0.049856
JPYNOK,2007-11-26,0.049819,0.050451,0.049546,0.050411
JPYNOK,2007-11-27,0.050014,0.050564,0.049969,0.050173
JPYNOK,2007-11-28,0.05034,0.050619,0.04939,0.049461
JPYNOK,2007-11-29,0.049443,0.050222,0.04943,0.050193
JPYNOK,2007-11-30,0.049805,0.050068,0.049479,0.049896
JPYNOK,2007-12-03,0.049935,0.050237,0.049788,0.050028
JPYNOK,2007-12-04,0.050132,0.050478,0.049823,0.049919
JPYNOK,2007-12-05,0.049578,0.049852,0.04942,0.049674
JPYNOK,2007-12-06,0.049721,0.04989,0.049102,0.049207
JPYNOK,2007-12-07,0.049187,0.049374,0.048878,0.048983
JPYNOK,2007-12-10,0.049021,0.049048,0.048524,0.048697
JPYNOK,2007-12-11,0.048616,0.049401,0.048459,0.049401
JPYNOK,2007-12-12,0.049042,0.049047,0.04807,0.048187
JPYNOK,2007-12-13,0.048408,0.04867,0.048117,0.048368
JPYNOK,2007-12-14,0.048325,0.048908,0.048234,0.048785
JPYNOK,2007-12-17,0.04898,0.049262,0.048778,0.049199
JPYNOK,2007-12-18,0.049119,0.049387,0.048972,0.049099
JPYNOK,2007-12-19,0.049145,0.04959,0.049054,0.04912
JPYNOK,2007-12-20,0.049181,0.049698,0.04918,0.049567
JPYNOK,2007-12-21,0.049333,0.049355,0.048879,0.048894
JPYNOK,2007-12-24,0.048914,0.048914,0.048497,0.048627
JPYNOK,2007-12-27,0.048421,0.048548,0.047818,0.048054
JPYNOK,2007-12-28,0.048311,0.048311,0.047799,0.048104
JPYNOK,2007-12-31,0.048246,0.048766,0.048203,0.048719
JPYNOK,2008-01-02,0.048534,0.049403,0.048403,0.049264
JPYNOK,2008-01-03,0.049238,0.049698,0.048719,0.048939
JPYNOK,2008-01-04,0.048975,0.049291,0.04883,0.049234
JPYNOK,2008-01-07,0.049022,0.049422,0.048842,0.049199
JPYNOK,2008-01-08,0.049031,0.049253,0.048847,0.049233
JPYNOK,2008-01-09,0.048958,0.049318,0.048845,0.049029
JPYNOK,2008-01-10,0.049089,0.049098,0.048169,0.04824
JPYNOK,2008-01-11,0.048538,0.048673,0.048342,0.048581
JPYNOK,2008-01-14,0.048545,0.048967,0.048545,0.048707
JPYNOK,2008-01-15,0.048909,0.049764,0.0488,0.049764
JPYNOK,2008-01-16,0.050135,0.050893,0.05001,0.050372
JPYNOK,2008-01-17,0.050472,0.051185,0.050247,0.051109
JPYNOK,2008-01-18,0.050946,0.051366,0.050605,0.051337
JPYNOK,2008-01-21,0.051439,0.052721,0.051425,0.052559
JPYNOK,2008-01-22,0.0526,0.053127,0.051308,0.051571
JPYNOK,2008-01-23,0.05164,0.053033,0.051515,0.05163
JPYNOK,2008-01-24,0.051776,0.051975,0.050739,0.050761
JPYNOK,2008-01-25,0.050467,0.05146,0.050176,0.051454
JPYNOK,2008-01-28,0.05177,0.051843,0.051039,0.05108
JPYNOK,2008-01-29,0.051137,0.051335,0.050664,0.050706
JPYNOK,2008-01-30,0.050919,0.05105,0.050298,0.050772
JPYNOK,2008-01-31,0.050709,0.051602,0.05069,0.050864
JPYNOK,2008-02-01,0.050837,0.051129,0.050499,0.051023
JPYNOK,2008-02-04,0.050692,0.050827,0.050535,0.050626
JPYNOK,2008-02-05,0.050523,0.051533,0.050513,0.05149
JPYNOK,2008-02-06,0.051708,0.052037,0.051489,0.051829
JPYNOK,2008-02-07,0.051799,0.052387,0.051465,0.051692
JPYNOK,2008-02-08,0.051656,0.051782,0.051348,0.051514
JPYNOK,2008-02-11,0.051294,0.052107,0.051272,0.051575
JPYNOK,2008-02-12,0.05142,0.051712,0.050861,0.051066
JPYNOK,2008-02-13,0.051168,0.051365,0.050457,0.050489
JPYNOK,2008-02-14,0.050475,0.050475,0.049949,0.050051
JPYNOK,2008-02-15,0.050075,0.0503,0.049859,0.049945
JPYNOK,2008-02-18,0.049922,0.050033,0.049736,0.049775
JPYNOK,2008-02-19,0.049777,0.049895,0.049419,0.049497
JPYNOK,2008-02-20,0.049653,0.049988,0.049389,0.049398
JPYNOK,2008-02-21,0.049439,0.049633,0.049267,0.049553
JPYNOK,2008-02-22,0.049493,0.049849,0.049422,0.049512
JPYNOK,2008-02-25,0.04946,0.049522,0.04913,0.049193
JPYNOK,2008-02-26,0.049224,0.049352,0.048937,0.048937
JPYNOK,2008-02-27,0.048861,0.049167,0.048721,0.048898
JPYNOK,2008-02-28,0.048947,0.04922,0.048859,0.049033
JPYNOK,2008-02-29,0.049291,0.050234,0.049277,0.050168
JPYNOK,2008-03-03,0.050722,0.050871,0.049955,0.050044
JPYNOK,2008-03-04,0.049956,0.050424,0.049828,0.049878
JPYNOK,2008-03-05,0.049793,0.050005,0.049298,0.049383
JPYNOK,2008-03-06,0.049312,0.04998,0.049302,0.049922
JPYNOK,2008-03-07,0.049949,0.0506,0.049812,0.050249
JPYNOK,2008-03-10,0.050661,0.050671,0.050134,0.050542
JPYNOK,2008-03-11,0.050342,0.050424,0.049621,0.049706
JPYNOK,2008-03-12,0.049929,0.050042,0.049524,0.05
JPYNOK,2008-03-13,0.050658,0.050974,0.050388,0.050575
JPYNOK,2008-03-14,0.05066,0.051698,0.050655,0.051399
JPYNOK,2008-03-17,0.0525,0.053092,0.052329,0.052592
JPYNOK,2008-03-18,0.052632,0.052638,0.051603,0.051633
JPYNOK,2008-03-19,0.05175,0.052361,0.051341,0.052345
JPYNOK,2008-03-20,0.0522,0.05356,0.052074,0.052913
JPYNOK,2008-03-25,0.051957,0.05205,0.051577,0.051715
JPYNOK,2008-03-26,0.05163,0.051757,0.050896,0.051079
JPYNOK,2008-03-27,0.051206,0.051285,0.050756,0.051019
JPYNOK,2008-03-28,0.050952,0.051486,0.050686,0.051462
JPYNOK,2008-03-31,0.051157,0.051401,0.050847,0.051055
JPYNOK,2008-04-01,0.051298,0.051535,0.050837,0.050897
JPYNOK,2008-04-02,0.050779,0.050957,0.050011,0.050069
JPYNOK,2008-04-03,0.049886,0.050291,0.049665,0.050009
JPYNOK,2008-04-04,0.049896,0.050026,0.049554,0.049901
JPYNOK,2008-04-07,0.04962,0.049673,0.049216,0.049443
JPYNOK,2008-04-08,0.049478,0.049707,0.049215,0.049369
JPYNOK,2008-04-09,0.049451,0.049532,0.049105,0.049298
JPYNOK,2008-04-10,0.049735,0.049936,0.049471,0.049488
JPYNOK,2008-04-11,0.049384,0.049932,0.049135,0.049792
JPYNOK,2008-04-14,0.050135,0.050168,0.049532,0.049581
JPYNOK,2008-04-15,0.049511,0.049566,0.049276,0.049328
JPYNOK,2008-04-16,0.049297,0.049297,0.048646,0.048679
JPYNOK,2008-04-17,0.048535,0.048839,0.048381,0.048532
JPYNOK,2008-04-18,0.048681,0.048772,0.048308,0.048515
JPYNOK,2008-04-21,0.048459,0.048523,0.048175,0.048411
JPYNOK,2008-04-22,0.048619,0.048645,0.048016,0.048137
JPYNOK,2008-04-23,0.04812,0.048519,0.04794,0.048274
JPYNOK,2008-04-24,0.048216,0.048917,0.048211,0.048818
JPYNOK,2008-04-25,0.048793,0.049296,0.048752,0.049106
JPYNOK,2008-04-28,0.048794,0.048967,0.048634,0.048928
JPYNOK,2008-04-29,0.048856,0.04967,0.048846,0.049472
JPYNOK,2008-04-30,0.049582,0.049582,0.048773,0.048914
JPYNOK,2008-05-02,0.049184,0.049234,0.048601,0.048634
JPYNOK,2008-05-05,0.048718,0.048748,0.04825,0.048401
JPYNOK,2008-05-06,0.048361,0.048618,0.048223,0.048402
JPYNOK,2008-05-07,0.048423,0.048837,0.048187,0.048756
JPYNOK,2008-05-08,0.049195,0.049519,0.049092,0.049268
JPYNOK,2008-05-09,0.049317,0.049491,0.049206,0.049357
JPYNOK,2008-05-13,0.048714,0.049013,0.04825,0.048346
JPYNOK,2008-05-14,0.048315,0.048411,0.048103,0.048336
JPYNOK,2008-05-15,0.048316,0.048756,0.048235,0.048638
JPYNOK,2008-05-16,0.048654,0.048779,0.048186,0.048254
JPYNOK,2008-05-19,0.048252,0.048315,0.047978,0.048249
JPYNOK,2008-05-20,0.048278,0.048324,0.047937,0.048214
JPYNOK,2008-05-21,0.048396,0.048518,0.048109,0.048281
JPYNOK,2008-05-22,0.048222,0.048394,0.04797,0.048109
JPYNOK,2008-05-23,0.048183,0.048603,0.048041,0.048378
JPYNOK,2008-05-26,0.048398,0.048529,0.04835,0.04848
JPYNOK,2008-05-27,0.048438,0.048438,0.047949,0.048102
JPYNOK,2008-05-28,0.04824,0.048266,0.047831,0.048092
JPYNOK,2008-05-29,0.048011,0.048236,0.047947,0.048181
JPYNOK,2008-05-30,0.048192,0.048623,0.048192,0.04839
JPYNOK,2008-06-02,0.048443,0.049144,0.048374,0.048987
JPYNOK,2008-06-03,0.049129,0.049269,0.048779,0.049039
JPYNOK,2008-06-04,0.048986,0.049324,0.048978,0.049121
JPYNOK,2008-06-05,0.048914,0.048965,0.048127,0.048127
JPYNOK,2008-06-06,0.047959,0.048031,0.047732,0.047848
JPYNOK,2008-06-09,0.047715,0.047866,0.047484,0.047827
JPYNOK,2008-06-10,0.047728,0.048245,0.047615,0.048193
JPYNOK,2008-06-11,0.048015,0.048319,0.047845,0.048137
JPYNOK,2008-06-12,0.048364,0.04844,0.048147,0.04815
JPYNOK,2008-06-13,0.048125,0.048627,0.048104,0.048417
JPYNOK,2008-06-16,0.048254,0.048371,0.047767,0.047921
JPYNOK,2008-06-17,0.047878,0.048104,0.047775,0.047994
JPYNOK,2008-06-18,0.048097,0.048116,0.047844,0.047927
JPYNOK,2008-06-19,0.04791,0.048181,0.047888,0.048046
JPYNOK,2008-06-20,0.04797,0.048073,0.047815,0.048001
JPYNOK,2008-06-23,0.047953,0.048086,0.047729,0.047741
JPYNOK,2008-06-24,0.047607,0.047632,0.04728,0.047464
JPYNOK,2008-06-25,0.047427,0.047475,0.046996,0.04701
JPYNOK,2008-06-26,0.046915,0.047392,0.046877,0.047254
JPYNOK,2008-06-27,0.047282,0.047828,0.047246,0.047689
JPYNOK,2008-06-30,0.047767,0.04817,0.047767,0.04796
JPYNOK,2008-07-01,0.048056,0.048192,0.04778,0.047795
JPYNOK,2008-07-02,0.047868,0.048024,0.04766,0.047778
JPYNOK,2008-07-03,0.047715,0.047927,0.047505,0.047688
JPYNOK,2008-07-04,0.047626,0.047742,0.047541,0.047555
JPYNOK,2008-07-07,0.047477,0.047559,0.047223,0.047423
JPYNOK,2008-07-08,0.047569,0.047951,0.047536,0.047801
JPYNOK,2008-07-09,0.047704,0.047895,0.047613,0.047861
JPYNOK,2008-07-10,0.04789,0.047984,0.04766,0.047693
JPYNOK,2008-07-11,0.047609,0.047954,0.047509,0.047574
JPYNOK,2008-07-14,0.047565,0.047736,0.047519,0.047695
JPYNOK,2008-07-15,0.0477,0.048316,0.047691,0.048259
JPYNOK,2008-07-16,0.048446,0.048799,0.048391,0.048557
JPYNOK,2008-07-17,0.04841,0.0486,0.04759,0.047652
JPYNOK,2008-07-18,0.047868,0.047983,0.047497,0.047516
JPYNOK,2008-07-21,0.047592,0.047695,0.047357,0.047469
JPYNOK,2008-07-22,0.047461,0.047698,0.047422,0.04763
JPYNOK,2008-07-23,0.047529,0.04789,0.047387,0.047781
JPYNOK,2008-07-24,0.047807,0.048283,0.047705,0.048242
JPYNOK,2008-07-25,0.048452,0.048452,0.047642,0.047736
JPYNOK,2008-07-28,0.047714,0.047852,0.047587,0.047754
JPYNOK,2008-07-29,0.047734,0.047995,0.047593,0.047917
JPYNOK,2008-07-30,0.047968,0.047996,0.047582,0.047678
JPYNOK,2008-07-31,0.047738,0.047738,0.047387,0.047471
JPYNOK,2008-08-01,0.047802,0.047941,0.047695,0.047765
JPYNOK,2008-08-04,0.047634,0.047738,0.047303,0.047325
JPYNOK,2008-08-05,0.047593,0.048142,0.047568,0.048008
JPYNOK,2008-08-06,0.047957,0.047962,0.047416,0.047437
JPYNOK,2008-08-07,0.047514,0.047691,0.047127,0.047681
JPYNOK,2008-08-08,0.047583,0.048613,0.047578,0.048547
JPYNOK,2008-08-11,0.048606,0.048913,0.04839,0.048782
JPYNOK,2008-08-12,0.049086,0.049154,0.04868,0.049087
JPYNOK,2008-08-13,0.049376,0.049704,0.04903,0.049104
JPYNOK,2008-08-14,0.049113,0.049313,0.048884,0.049253
JPYNOK,2008-08-15,0.048982,0.049252,0.048856,0.049123
JPYNOK,2008-08-18,0.049275,0.049275,0.048944,0.049215
JPYNOK,2008-08-19,0.049166,0.049452,0.048907,0.049102
JPYNOK,2008-08-20,0.049004,0.049309,0.04884,0.049127
JPYNOK,2008-08-21,0.049485,0.049588,0.049,0.049049
JPYNOK,2008-08-22,0.048915,0.04906,0.048646,0.048796
JPYNOK,2008-08-25,0.04877,0.049168,0.04877,0.049107
JPYNOK,2008-08-26,0.048933,0.049486,0.048933,0.049363
JPYNOK,2008-08-27,0.04961,0.049619,0.048937,0.048985
JPYNOK,2008-08-28,0.049222,0.049292,0.048977,0.049133
JPYNOK,2008-08-29,0.049198,0.049948,0.049171,0.049801
JPYNOK,2008-09-01,0.050026,0.050555,0.049976,0.050361
JPYNOK,2008-09-02,0.050634,0.050982,0.050407,0.050682
JPYNOK,2008-09-03,0.050795,0.051261,0.050657,0.051066
JPYNOK,2008-09-04,0.051188,0.052104,0.050839,0.051977
JPYNOK,2008-09-05,0.052425,0.053181,0.052221,0.052394
JPYNOK,2008-09-08,0.05102,0.052846,0.05101,0.052378
JPYNOK,2008-09-09,0.052913,0.053261,0.052212,0.053221
JPYNOK,2008-09-10,0.053263,0.053612,0.052797,0.053399
JPYNOK,2008-09-11,0.053543,0.054989,0.053528,0.054318
JPYNOK,2008-09-12,0.054203,0.054203,0.05291,0.052949
JPYNOK,2008-09-15,0.053578,0.055109,0.053552,0.054749
JPYNOK,2008-09-16,0.055367,0.056342,0.055314,0.055342
JPYNOK,2008-09-17,0.054772,0.056837,0.054635,0.055558
JPYNOK,2008-09-18,0.055627,0.055971,0.05472,0.054888
JPYNOK,2008-09-19,0.054504,0.05453,0.052943,0.052967
JPYNOK,2008-09-22,0.053233,0.053357,0.051977,0.052376
JPYNOK,2008-09-23,0.052299,0.053226,0.052257,0.053027
JPYNOK,2008-09-24,0.052697,0.05321,0.052546,0.053166
JPYNOK,2008-09-25,0.053,0.053323,0.052754,0.053032
JPYNOK,2008-09-26,0.053523,0.053955,0.053154,0.053314
JPYNOK,2008-09-29,0.053224,0.055575,0.053224,0.055571
JPYNOK,2008-09-30,0.055532,0.05601,0.054823,0.055236
JPYNOK,2008-10-01,0.055393,0.056091,0.054937,0.055643
JPYNOK,2008-10-02,0.055902,0.057168,0.055902,0.057098
JPYNOK,2008-10-03,0.056547,0.05754,0.056434,0.057097
JPYNOK,2008-10-06,0.05929,0.06245,0.059239,0.061452
JPYNOK,2008-10-07,0.060651,0.061278,0.059344,0.060852
JPYNOK,2008-10-08,0.062177,0.063152,0.06033,0.061279
JPYNOK,2008-10-09,0.061127,0.062073,0.05985,0.061809
JPYNOK,2008-10-10,0.062323,0.064134,0.061843,0.062916
JPYNOK,2008-10-13,0.061932,0.062217,0.06101,0.061219
JPYNOK,2008-10-14,0.060057,0.061631,0.059547,0.061317
JPYNOK,2008-10-15,0.061939,0.063832,0.061772,0.063832
JPYNOK,2008-10-16,0.065751,0.066385,0.06423,0.064356
JPYNOK,2008-10-17,0.064033,0.066267,0.063875,0.064767
JPYNOK,2008-10-20,0.06396,0.065533,0.063207,0.064885
JPYNOK,2008-10-21,0.065004,0.068971,0.064842,0.068895
JPYNOK,2008-10-22,0.070227,0.074553,0.069855,0.074363
JPYNOK,2008-10-23,0.073889,0.074154,0.070977,0.071058
JPYNOK,2008-10-24,0.072347,0.077876,0.072001,0.074303
JPYNOK,2008-10-27,0.075738,0.07753,0.073415,0.075272
JPYNOK,2008-10-28,0.071903,0.073324,0.068825,0.06892
JPYNOK,2008-10-29,0.070276,0.070276,0.067389,0.06802
JPYNOK,2008-10-30,0.066465,0.068798,0.065762,0.067131
JPYNOK,2008-10-31,0.069308,0.07007,0.067671,0.068191
JPYNOK,2008-11-03,0.06642,0.068228,0.066116,0.06793
JPYNOK,2008-11-04,0.068339,0.068502,0.065568,0.066297
JPYNOK,2008-11-05,0.066935,0.068536,0.066886,0.068443
JPYNOK,2008-11-06,0.070051,0.070813,0.068526,0.070565
JPYNOK,2008-11-07,0.070845,0.070845,0.069139,0.06993
JPYNOK,2008-11-10,0.068903,0.070019,0.067695,0.069748
JPYNOK,2008-11-11,0.069731,0.071983,0.069456,0.071502
JPYNOK,2008-11-12,0.07112,0.075054,0.070443,0.075024
JPYNOK,2008-11-13,0.074408,0.075279,0.069959,0.069976
JPYNOK,2008-11-14,0.070995,0.072037,0.069942,0.071018
JPYNOK,2008-11-17,0.071975,0.072672,0.071003,0.072645
JPYNOK,2008-11-18,0.072841,0.073675,0.071858,0.073037
JPYNOK,2008-11-19,0.073088,0.073618,0.071015,0.073585
JPYNOK,2008-11-20,0.074292,0.075622,0.073721,0.075498
JPYNOK,2008-11-21,0.075266,0.07677,0.073859,0.074925
JPYNOK,2008-11-24,0.074108,0.075571,0.071592,0.071626
JPYNOK,2008-11-25,0.072317,0.073803,0.07162,0.072282
JPYNOK,2008-11-26,0.073263,0.074336,0.07274,0.072921
JPYNOK,2008-11-27,0.073138,0.073426,0.072563,0.072794
JPYNOK,2008-11-28,0.072558,0.073742,0.072074,0.073522
JPYNOK,2008-12-01,0.07313,0.076499,0.07304,0.076388
JPYNOK,2008-12-02,0.076231,0.076692,0.074846,0.075507
JPYNOK,2008-12-03,0.075954,0.076914,0.075564,0.076051
JPYNOK,2008-12-04,0.077056,0.077872,0.076101,0.077326
JPYNOK,2008-12-05,0.077277,0.079427,0.077277,0.077657
JPYNOK,2008-12-08,0.077829,0.078006,0.076025,0.076147
JPYNOK,2008-12-09,0.076519,0.077205,0.076093,0.076785
JPYNOK,2008-12-10,0.076058,0.076577,0.075197,0.076021
JPYNOK,2008-12-11,0.075381,0.076409,0.074428,0.074884
JPYNOK,2008-12-12,0.077119,0.077489,0.075578,0.076151
JPYNOK,2008-12-15,0.075273,0.076738,0.075125,0.075774
JPYNOK,2008-12-16,0.076306,0.077904,0.076005,0.076312
JPYNOK,2008-12-17,0.076507,0.077339,0.074662,0.075229
JPYNOK,2008-12-18,0.074874,0.076843,0.074624,0.076549
JPYNOK,2008-12-19,0.077212,0.079513,0.076626,0.079173
JPYNOK,2008-12-22,0.077665,0.07894,0.077436,0.078715
JPYNOK,2008-12-23,0.078124,0.078802,0.077325,0.078497
JPYNOK,2008-12-29,0.077074,0.078962,0.076697,0.078762
JPYNOK,2008-12-30,0.078425,0.078585,0.076914,0.077673
JPYNOK,2009-01-02,0.076992,0.076996,0.074835,0.074896
JPYNOK,2009-01-05,0.074856,0.075039,0.073803,0.074536
JPYNOK,2009-01-06,0.07478,0.075113,0.073854,0.074067
JPYNOK,2009-01-07,0.074239,0.074906,0.073821,0.074624
JPYNOK,2009-01-08,0.07549,0.07711,0.075256,0.07682
JPYNOK,2009-01-09,0.076621,0.077904,0.075571,0.077683
JPYNOK,2009-01-12,0.078066,0.079014,0.077879,0.078546
JPYNOK,2009-01-13,0.079037,0.080353,0.078883,0.080176
JPYNOK,2009-01-14,0.07884,0.081462,0.078234,0.080639
JPYNOK,2009-01-15,0.080705,0.08208,0.079124,0.079357
JPYNOK,2009-01-16,0.077817,0.078218,0.076175,0.076461
JPYNOK,2009-01-19,0.075759,0.077257,0.075259,0.076932
JPYNOK,2009-01-20,0.077936,0.07964,0.077677,0.079549
JPYNOK,2009-01-21,0.079593,0.080246,0.076881,0.07716
JPYNOK,2009-01-22,0.077288,0.079397,0.076793,0.078141
JPYNOK,2009-01-23,0.07874,0.080376,0.077349,0.077837
JPYNOK,2009-01-26,0.078121,0.078578,0.07501,0.075558
JPYNOK,2009-01-27,0.074945,0.076875,0.073993,0.075914
JPYNOK,2009-01-28,0.075209,0.075557,0.073936,0.074497
JPYNOK,2009-01-29,0.075415,0.076596,0.074371,0.076284
JPYNOK,2009-01-30,0.076949,0.07751,0.076531,0.077064
JPYNOK,2009-02-02,0.0776,0.079094,0.077327,0.07854
JPYNOK,2009-02-03,0.078516,0.078865,0.077146,0.077372
JPYNOK,2009-02-04,0.076955,0.078519,0.076294,0.0772
JPYNOK,2009-02-05,0.077031,0.077151,0.073879,0.074952
JPYNOK,2009-02-06,0.075345,0.075533,0.072794,0.073466
JPYNOK,2009-02-09,0.074278,0.074525,0.072127,0.072826
JPYNOK,2009-02-10,0.073708,0.075348,0.072486,0.074962
JPYNOK,2009-02-11,0.074827,0.07527,0.074051,0.075038
JPYNOK,2009-02-12,0.075161,0.076681,0.075003,0.075521
JPYNOK,2009-02-13,0.074618,0.074883,0.073432,0.073683
JPYNOK,2009-02-16,0.07517,0.075334,0.074744,0.075262
JPYNOK,2009-02-17,0.07565,0.076488,0.075415,0.075823
JPYNOK,2009-02-18,0.07587,0.076211,0.07466,0.074905
JPYNOK,2009-02-19,0.074942,0.075114,0.072178,0.073011
JPYNOK,2009-02-20,0.073486,0.074143,0.072381,0.072916
JPYNOK,2009-02-23,0.072387,0.072534,0.071425,0.072256
JPYNOK,2009-02-24,0.072061,0.072154,0.070078,0.070286
JPYNOK,2009-02-25,0.070773,0.071287,0.069928,0.070403
JPYNOK,2009-02-26,0.070302,0.070812,0.069843,0.070639
JPYNOK,2009-02-27,0.070778,0.072866,0.070764,0.071963
JPYNOK,2009-03-02,0.072711,0.074128,0.072673,0.073872
JPYNOK,2009-03-03,0.073006,0.074078,0.072341,0.073072
JPYNOK,2009-03-04,0.073368,0.073389,0.070735,0.070937
JPYNOK,2009-03-05,0.071068,0.072779,0.070605,0.072545
JPYNOK,2009-03-06,0.072499,0.073087,0.071396,0.071885
JPYNOK,2009-03-09,0.071628,0.072459,0.071086,0.072277
JPYNOK,2009-03-10,0.071696,0.071958,0.070601,0.071056
JPYNOK,2009-03-11,0.071027,0.071272,0.070195,0.070918
JPYNOK,2009-03-12,0.071929,0.073018,0.070132,0.070193
JPYNOK,2009-03-13,0.07,0.070079,0.068822,0.069658
JPYNOK,2009-03-16,0.069317,0.069765,0.067992,0.069728
JPYNOK,2009-03-17,0.069152,0.06923,0.068271,0.068289
JPYNOK,2009-03-18,0.068269,0.069024,0.067796,0.06794
JPYNOK,2009-03-19,0.068317,0.06845,0.066567,0.067011
JPYNOK,2009-03-20,0.066867,0.067021,0.066294,0.066382
JPYNOK,2009-03-23,0.065224,0.065833,0.064499,0.064697
JPYNOK,2009-03-24,0.063911,0.065635,0.06371,0.065046
JPYNOK,2009-03-25,0.0655,0.067283,0.065077,0.066879
JPYNOK,2009-03-26,0.066508,0.066562,0.06539,0.065904
JPYNOK,2009-03-27,0.066057,0.068006,0.065974,0.067695
JPYNOK,2009-03-30,0.068779,0.070737,0.068719,0.070033
JPYNOK,2009-03-31,0.069326,0.069329,0.067586,0.067876
JPYNOK,2009-04-01,0.06848,0.068679,0.067654,0.068076
JPYNOK,2009-04-02,0.06738,0.067396,0.065531,0.065846
JPYNOK,2009-04-03,0.066024,0.066405,0.065001,0.065151
JPYNOK,2009-04-06,0.064242,0.06567,0.063671,0.064968
JPYNOK,2009-04-07,0.065566,0.066753,0.0654,0.066605
JPYNOK,2009-04-08,0.067559,0.067954,0.066587,0.066996
JPYNOK,2009-04-09,0.066596,0.066596,0.065723,0.066227
JPYNOK,2009-04-14,0.066026,0.067091,0.065919,0.066908
JPYNOK,2009-04-15,0.067529,0.068123,0.067072,0.067506
JPYNOK,2009-04-16,0.067711,0.068327,0.067077,0.067189
JPYNOK,2009-04-17,0.067387,0.067985,0.067186,0.067585
JPYNOK,2009-04-20,0.067981,0.069959,0.06794,0.0698
JPYNOK,2009-04-21,0.069411,0.069715,0.068589,0.068655
JPYNOK,2009-04-22,0.068663,0.06944,0.068097,0.068528
JPYNOK,2009-04-23,0.068528,0.068974,0.067336,0.067441
JPYNOK,2009-04-24,0.067446,0.068491,0.067196,0.067609
JPYNOK,2009-04-27,0.067742,0.070081,0.067742,0.069662
JPYNOK,2009-04-28,0.069658,0.070991,0.068994,0.069254
JPYNOK,2009-04-29,0.069247,0.069266,0.067103,0.067457
JPYNOK,2009-04-30,0.067443,0.067793,0.066167,0.066522
JPYNOK,2009-05-04,0.06585,0.06621,0.065232,0.065363
JPYNOK,2009-05-05,0.065368,0.06653,0.065358,0.066253
JPYNOK,2009-05-06,0.066254,0.06724,0.065626,0.066298
JPYNOK,2009-05-07,0.066225,0.066333,0.064836,0.065464
JPYNOK,2009-05-08,0.064977,0.065149,0.064314,0.06443
JPYNOK,2009-05-11,0.064394,0.066226,0.064255,0.066162
JPYNOK,2009-05-12,0.06609,0.067563,0.065457,0.066922
JPYNOK,2009-05-13,0.066407,0.06857,0.066407,0.06855
JPYNOK,2009-05-14,0.068452,0.068836,0.06737,0.067492
JPYNOK,2009-05-15,0.067394,0.068933,0.067394,0.068706
JPYNOK,2009-05-18,0.069037,0.069302,0.066949,0.066981
JPYNOK,2009-05-19,0.06691,0.067337,0.066196,0.066849
JPYNOK,2009-05-20,0.067431,0.067714,0.066783,0.067674
JPYNOK,2009-05-22,0.067427,0.068058,0.066634,0.066804
JPYNOK,2009-05-25,0.066423,0.066977,0.066308,0.066707
JPYNOK,2009-05-26,0.066808,0.06839,0.066808,0.06727
JPYNOK,2009-05-27,0.067075,0.067576,0.06673,0.067374
JPYNOK,2009-05-28,0.066913,0.067491,0.066164,0.066442
JPYNOK,2009-05-29,0.06628,0.06646,0.065546,0.06613
JPYNOK,2009-06-02,0.064325,0.064916,0.064116,0.064596
JPYNOK,2009-06-03,0.064444,0.066429,0.063864,0.066103
JPYNOK,2009-06-04,0.065965,0.065967,0.064882,0.064956
JPYNOK,2009-06-05,0.065237,0.065813,0.064291,0.06493
JPYNOK,2009-06-08,0.0652,0.066135,0.065167,0.065337
JPYNOK,2009-06-09,0.065726,0.066012,0.064843,0.065046
JPYNOK,2009-06-10,0.064497,0.065245,0.063876,0.06489
JPYNOK,2009-06-11,0.064591,0.065183,0.064451,0.064674
JPYNOK,2009-06-12,0.064341,0.064998,0.064011,0.064418
JPYNOK,2009-06-15,0.06498,0.066279,0.064944,0.066053
JPYNOK,2009-06-16,0.067228,0.067273,0.065754,0.066601
JPYNOK,2009-06-17,0.066215,0.067292,0.065859,0.066658
JPYNOK,2009-06-18,0.066459,0.066824,0.065902,0.066277
JPYNOK,2009-06-19,0.066115,0.0666,0.065799,0.066528
JPYNOK,2009-06-22,0.066739,0.068397,0.0667,0.068257
JPYNOK,2009-06-23,0.069279,0.069453,0.06762,0.067972
JPYNOK,2009-06-24,0.067696,0.067899,0.066953,0.067713
JPYNOK,2009-06-25,0.067307,0.068052,0.066842,0.067619
JPYNOK,2009-06-26,0.067267,0.067963,0.067013,0.06773
JPYNOK,2009-06-29,0.067682,0.068248,0.066595,0.066731
JPYNOK,2009-06-30,0.066763,0.067432,0.066492,0.066767
JPYNOK,2009-07-01,0.066458,0.066507,0.065443,0.065556
JPYNOK,2009-07-02,0.065745,0.067007,0.065518,0.066769
JPYNOK,2009-07-03,0.066676,0.067187,0.066458,0.066839
JPYNOK,2009-07-06,0.067277,0.068751,0.067224,0.067905
JPYNOK,2009-07-07,0.067816,0.068986,0.067554,0.068979
JPYNOK,2009-07-08,0.069258,0.071648,0.069051,0.070846
JPYNOK,2009-07-09,0.070118,0.070495,0.069494,0.069646
JPYNOK,2009-07-10,0.070082,0.071221,0.070033,0.070621
JPYNOK,2009-07-13,0.070944,0.071358,0.069613,0.069642
JPYNOK,2009-07-14,0.069374,0.07003,0.069092,0.069372
JPYNOK,2009-07-15,0.06883,0.068859,0.067475,0.067692
JPYNOK,2009-07-16,0.06816,0.06851,0.067514,0.067883
JPYNOK,2009-07-17,0.06808,0.068366,0.0675,0.067763
JPYNOK,2009-07-20,0.06719,0.067206,0.066705,0.066979
JPYNOK,2009-07-21,0.067084,0.067548,0.06641,0.067199
JPYNOK,2009-07-22,0.067236,0.067722,0.066934,0.067377
JPYNOK,2009-07-23,0.066515,0.066589,0.065563,0.065971
JPYNOK,2009-07-24,0.066172,0.066284,0.065523,0.06579
JPYNOK,2009-07-27,0.065609,0.065611,0.064699,0.064991
JPYNOK,2009-07-28,0.064579,0.06614,0.064358,0.065421
JPYNOK,2009-07-29,0.065761,0.066309,0.065425,0.065932
JPYNOK,2009-07-30,0.065512,0.065781,0.064918,0.065217
JPYNOK,2009-07-31,0.064935,0.065274,0.06432,0.064794
JPYNOK,2009-08-03,0.064669,0.064699,0.063028,0.063152
JPYNOK,2009-08-04,0.063351,0.064032,0.063156,0.063464
JPYNOK,2009-08-05,0.063843,0.063855,0.062984,0.063274
JPYNOK,2009-08-06,0.06318,0.063742,0.062773,0.063619
JPYNOK,2009-08-07,0.063539,0.063988,0.062525,0.062797
JPYNOK,2009-08-10,0.062721,0.064185,0.062606,0.063994
JPYNOK,2009-08-11,0.064134,0.065423,0.0637,0.064981
JPYNOK,2009-08-12,0.065411,0.065752,0.063118,0.063385
JPYNOK,2009-08-13,0.063008,0.063787,0.06238,0.06346
JPYNOK,2009-08-14,0.063379,0.064326,0.063197,0.064206
JPYNOK,2009-08-17,0.064858,0.065814,0.064704,0.065327
JPYNOK,2009-08-18,0.064693,0.065154,0.064204,0.064534
JPYNOK,2009-08-19,0.065031,0.065597,0.064359,0.06443
JPYNOK,2009-08-20,0.064006,0.064425,0.063825,0.063856
JPYNOK,2009-08-21,0.064495,0.06462,0.063109,0.063533
JPYNOK,2009-08-24,0.063136,0.06374,0.062959,0.063588
JPYNOK,2009-08-25,0.064046,0.06441,0.063161,0.064206
JPYNOK,2009-08-26,0.063964,0.064696,0.063603,0.064382
JPYNOK,2009-08-27,0.064661,0.065209,0.064357,0.064454
JPYNOK,2009-08-28,0.064067,0.064526,0.063816,0.06442
JPYNOK,2009-08-31,0.065029,0.065298,0.064497,0.064635
JPYNOK,2009-09-01,0.064263,0.065733,0.063907,0.065598
JPYNOK,2009-09-02,0.065446,0.066343,0.065168,0.066021
JPYNOK,2009-09-03,0.065715,0.065881,0.065012,0.065271
JPYNOK,2009-09-04,0.06513,0.065421,0.064551,0.064566
JPYNOK,2009-09-07,0.06442,0.064447,0.064124,0.064343
JPYNOK,2009-09-08,0.064333,0.06456,0.064051,0.064127
JPYNOK,2009-09-09,0.064105,0.064376,0.063868,0.064073
JPYNOK,2009-09-10,0.063759,0.065019,0.063754,0.064767
JPYNOK,2009-09-11,0.0648,0.065609,0.0648,0.065484
JPYNOK,2009-09-14,0.065972,0.066131,0.064888,0.064955
JPYNOK,2009-09-15,0.064745,0.064996,0.064492,0.064522
JPYNOK,2009-09-16,0.064462,0.064992,0.064126,0.064313
JPYNOK,2009-09-17,0.063918,0.064432,0.063849,0.064118
JPYNOK,2009-09-18,0.064268,0.06477,0.064107,0.064128
JPYNOK,2009-09-21,0.064086,0.064358,0.063836,0.064139
JPYNOK,2009-09-22,0.064084,0.064213,0.063748,0.063945
JPYNOK,2009-09-23,0.064217,0.064259,0.063207,0.063507
JPYNOK,2009-09-24,0.063854,0.063959,0.063381,0.063883
JPYNOK,2009-09-25,0.064038,0.064865,0.063952,0.064656
JPYNOK,2009-09-28,0.065592,0.065607,0.064828,0.065128
JPYNOK,2009-09-29,0.064715,0.065182,0.064612,0.064853
JPYNOK,2009-09-30,0.064998,0.065036,0.064255,0.064329
JPYNOK,2009-10-01,0.06441,0.064989,0.064072,0.0649
JPYNOK,2009-10-02,0.065008,0.065581,0.064546,0.064609
JPYNOK,2009-10-05,0.064123,0.064471,0.063925,0.064004
JPYNOK,2009-10-06,0.064,0.064227,0.063761,0.064044
JPYNOK,2009-10-07,0.064145,0.064506,0.063824,0.064295
JPYNOK,2009-10-08,0.063935,0.064235,0.063678,0.063736
JPYNOK,2009-10-09,0.063527,0.063617,0.06283,0.06288
JPYNOK,2009-10-12,0.062575,0.062864,0.062419,0.062741
JPYNOK,2009-10-13,0.062575,0.062857,0.062416,0.062624
JPYNOK,2009-10-14,0.062744,0.062776,0.061781,0.062009
JPYNOK,2009-10-15,0.06172,0.062205,0.061283,0.061345
JPYNOK,2009-10-16,0.061211,0.06214,0.061163,0.061821
JPYNOK,2009-10-19,0.061989,0.062062,0.061204,0.061368
JPYNOK,2009-10-20,0.061455,0.061843,0.06128,0.061667
JPYNOK,2009-10-21,0.061672,0.061859,0.060681,0.0612
JPYNOK,2009-10-22,0.060786,0.061312,0.060481,0.060567
JPYNOK,2009-10-23,0.060265,0.0605,0.060152,0.060405
JPYNOK,2009-10-26,0.060261,0.061177,0.060106,0.060949
JPYNOK,2009-10-27,0.060903,0.061801,0.060868,0.061526
JPYNOK,2009-10-28,0.061707,0.063325,0.0617,0.063297
JPYNOK,2009-10-29,0.063467,0.06351,0.061486,0.061777
JPYNOK,2009-10-30,0.061996,0.063698,0.061818,0.063525
JPYNOK,2009-11-02,0.063285,0.064003,0.062749,0.063741
JPYNOK,2009-11-03,0.063745,0.06493,0.063744,0.063868
JPYNOK,2009-11-04,0.063826,0.063826,0.062103,0.062654
JPYNOK,2009-11-05,0.06319,0.063444,0.062485,0.062501
JPYNOK,2009-11-06,0.062689,0.063593,0.062326,0.063277
JPYNOK,2009-11-09,0.062593,0.062594,0.061909,0.062064
JPYNOK,2009-11-10,0.06204,0.062557,0.061838,0.062193
JPYNOK,2009-11-11,0.062243,0.062446,0.061781,0.06228
JPYNOK,2009-11-12,0.062095,0.062719,0.062037,0.06271
JPYNOK,2009-11-13,0.062452,0.06307,0.062276,0.062457
JPYNOK,2009-11-16,0.062256,0.062481,0.06204,0.062357
JPYNOK,2009-11-17,0.062441,0.063039,0.062428,0.062799
JPYNOK,2009-11-18,0.062789,0.062869,0.06237,0.062485
JPYNOK,2009-11-19,0.063079,0.063745,0.063075,0.063305
JPYNOK,2009-11-20,0.063539,0.064032,0.063365,0.063489
JPYNOK,2009-11-23,0.063259,0.063277,0.062546,0.06272
JPYNOK,2009-11-24,0.063269,0.063751,0.06312,0.063491
JPYNOK,2009-11-25,0.06332,0.064175,0.06324,0.063601
JPYNOK,2009-11-26,0.064374,0.06551,0.064265,0.065231
JPYNOK,2009-11-27,0.066322,0.067033,0.065177,0.065535
JPYNOK,2009-11-30,0.065398,0.066147,0.065069,0.065625
JPYNOK,2009-12-01,0.065378,0.065378,0.064659,0.06481
JPYNOK,2009-12-02,0.064224,0.064464,0.063758,0.064186
JPYNOK,2009-12-03,0.063521,0.063916,0.063142,0.063562
JPYNOK,2009-12-04,0.063683,0.063947,0.062823,0.062934
JPYNOK,2009-12-07,0.063205,0.064004,0.063178,0.063828
JPYNOK,2009-12-08,0.064291,0.065691,0.064106,0.065581
JPYNOK,2009-12-09,0.06572,0.066069,0.065136,0.065378
JPYNOK,2009-12-10,0.06558,0.065642,0.064796,0.064931
JPYNOK,2009-12-11,0.064581,0.064886,0.064143,0.064796
JPYNOK,2009-12-14,0.065114,0.065477,0.064895,0.065129
JPYNOK,2009-12-15,0.065275,0.065585,0.064622,0.064869
JPYNOK,2009-12-16,0.064901,0.064938,0.063899,0.06411
JPYNOK,2009-12-17,0.064489,0.065333,0.064489,0.065235
JPYNOK,2009-12-18,0.065104,0.06521,0.06442,0.064658
JPYNOK,2009-12-21,0.064452,0.064909,0.064034,0.06442
JPYNOK,2009-12-22,0.064118,0.064245,0.063865,0.063949
JPYNOK,2009-12-23,0.064045,0.06415,0.063433,0.063506
JPYNOK,2009-12-24,0.063661,0.063749,0.063223,0.063445
JPYNOK,2009-12-28,0.063287,0.063426,0.063067,0.063233
JPYNOK,2009-12-29,0.063137,0.063196,0.062812,0.063063
JPYNOK,2009-12-30,0.063039,0.063097,0.06256,0.062697
JPYNOK,2009-12-31,0.062428,0.062648,0.062022,0.062205
JPYNOK,2010-01-04,0.062211,0.062294,0.061294,0.06166
JPYNOK,2010-01-05,0.061927,0.062457,0.06182,0.062297
JPYNOK,2010-01-06,0.062279,0.062357,0.061236,0.061298
JPYNOK,2010-01-07,0.061404,0.061543,0.061161,0.061216
JPYNOK,2010-01-08,0.061127,0.061681,0.061057,0.061146
JPYNOK,2010-01-11,0.060956,0.061248,0.060563,0.060874
JPYNOK,2010-01-12,0.060955,0.062288,0.060946,0.062126
JPYNOK,2010-01-13,0.061953,0.062267,0.061385,0.061608
JPYNOK,2010-01-14,0.061397,0.061959,0.061096,0.061802
JPYNOK,2010-01-15,0.062051,0.062634,0.062044,0.062519
JPYNOK,2010-01-18,0.062243,0.06253,0.062183,0.062281
JPYNOK,2010-01-19,0.0624,0.062909,0.062283,0.062361
JPYNOK,2010-01-20,0.062823,0.063391,0.062823,0.063337
JPYNOK,2010-01-21,0.063087,0.064413,0.062827,0.064259
JPYNOK,2010-01-22,0.064252,0.064701,0.063769,0.064535
JPYNOK,2010-01-25,0.064184,0.064637,0.063986,0.064357
JPYNOK,2010-01-26,0.064892,0.065608,0.064673,0.065098
JPYNOK,2010-01-27,0.065473,0.065773,0.064961,0.065009
JPYNOK,2010-01-28,0.064781,0.065713,0.064395,0.065515
JPYNOK,2010-01-29,0.065504,0.065644,0.064733,0.065591
JPYNOK,2010-02-01,0.065475,0.065498,0.064531,0.064695
JPYNOK,2010-02-02,0.064523,0.064808,0.064338,0.064578
JPYNOK,2010-02-03,0.064417,0.064656,0.06419,0.06451
JPYNOK,2010-02-04,0.064597,0.067449,0.064462,0.066998
JPYNOK,2010-02-05,0.06651,0.067935,0.066442,0.067031
JPYNOK,2010-02-08,0.067214,0.067214,0.06643,0.06681
JPYNOK,2010-02-09,0.066226,0.066583,0.065536,0.065856
JPYNOK,2010-02-10,0.065783,0.066247,0.065353,0.065765
JPYNOK,2010-02-11,0.065321,0.06624,0.065205,0.065648
JPYNOK,2010-02-12,0.065706,0.066523,0.065415,0.065727
JPYNOK,2010-02-15,0.065758,0.06593,0.065616,0.065754
JPYNOK,2010-02-16,0.065631,0.06568,0.064617,0.064871
JPYNOK,2010-02-17,0.064811,0.065005,0.064128,0.064441
JPYNOK,2010-02-18,0.064734,0.065786,0.064704,0.064807
JPYNOK,2010-02-19,0.065237,0.065522,0.06476,0.064927
JPYNOK,2010-02-22,0.064627,0.064971,0.064451,0.064785
JPYNOK,2010-02-23,0.064775,0.066107,0.06434,0.06604
JPYNOK,2010-02-24,0.065802,0.066115,0.065481,0.065902
JPYNOK,2010-02-25,0.066896,0.067402,0.0665,0.066601
JPYNOK,2010-02-26,0.066372,0.066884,0.066195,0.066491
JPYNOK,2010-03-01,0.06643,0.066977,0.066018,0.066627
JPYNOK,2010-03-02,0.066808,0.067405,0.066361,0.066764
JPYNOK,2010-03-03,0.066597,0.067046,0.066198,0.066463
JPYNOK,2010-03-04,0.066974,0.067075,0.066048,0.066504
JPYNOK,2010-03-05,0.066326,0.06639,0.065041,0.065261
JPYNOK,2010-03-08,0.064886,0.065433,0.064794,0.065246
JPYNOK,2010-03-09,0.065712,0.066241,0.065502,0.065571
JPYNOK,2010-03-10,0.065568,0.065968,0.06458,0.064804
JPYNOK,2010-03-11,0.065055,0.065172,0.064609,0.064732
JPYNOK,2010-03-12,0.064554,0.064639,0.064039,0.064434
JPYNOK,2010-03-15,0.064177,0.065021,0.064155,0.064833
JPYNOK,2010-03-16,0.065032,0.065131,0.064299,0.064478
JPYNOK,2010-03-17,0.064207,0.064486,0.064093,0.064436
JPYNOK,2010-03-18,0.064772,0.065114,0.064605,0.064895
JPYNOK,2010-03-19,0.064876,0.065306,0.064604,0.065298
JPYNOK,2010-03-22,0.065407,0.066441,0.06531,0.065791
JPYNOK,2010-03-23,0.065898,0.066108,0.065445,0.06571
JPYNOK,2010-03-24,0.065932,0.066007,0.065211,0.065436
JPYNOK,2010-03-25,0.065618,0.065927,0.065237,0.06577
JPYNOK,2010-03-26,0.065557,0.065575,0.065056,0.065309
JPYNOK,2010-03-29,0.065033,0.065118,0.064391,0.064398
JPYNOK,2010-03-30,0.06439,0.06467,0.064058,0.064504
JPYNOK,2010-03-31,0.064196,0.064305,0.063408,0.063527
JPYNOK,2010-04-01,0.06348,0.063637,0.062887,0.063014
JPYNOK,2010-04-02,0.063085,0.063264,0.062688,0.062828
JPYNOK,2010-04-05,0.062808,0.063147,0.06268,0.063053
JPYNOK,2010-04-06,0.063421,0.063894,0.063345,0.063602
JPYNOK,2010-04-07,0.063542,0.064098,0.063277,0.063996
JPYNOK,2010-04-08,0.06409,0.064525,0.06366,0.063761
JPYNOK,2010-04-09,0.063632,0.063632,0.063159,0.06332
JPYNOK,2010-04-12,0.062797,0.063218,0.062752,0.063207
JPYNOK,2010-04-13,0.06346,0.06349,0.062994,0.063272
JPYNOK,2010-04-14,0.062715,0.062959,0.062573,0.062735
JPYNOK,2010-04-15,0.062667,0.063401,0.062579,0.062859
JPYNOK,2010-04-16,0.06328,0.064244,0.062949,0.063915
JPYNOK,2010-04-19,0.06429,0.064881,0.064017,0.064068
JPYNOK,2010-04-20,0.063954,0.064011,0.063158,0.063412
JPYNOK,2010-04-21,0.063277,0.063541,0.063028,0.063373
JPYNOK,2010-04-22,0.063572,0.064072,0.06314,0.063204
JPYNOK,2010-04-23,0.063641,0.063781,0.062486,0.06262
JPYNOK,2010-04-26,0.06254,0.062773,0.062324,0.062352
JPYNOK,2010-04-27,0.062438,0.063996,0.062412,0.063846
JPYNOK,2010-04-28,0.063865,0.064006,0.062999,0.063328
JPYNOK,2010-04-29,0.06341,0.06349,0.062742,0.062848
JPYNOK,2010-04-30,0.062843,0.062947,0.062305,0.062772
JPYNOK,2010-05-03,0.06297,0.063351,0.062541,0.062711
JPYNOK,2010-05-04,0.062587,0.063921,0.062519,0.063719
JPYNOK,2010-05-05,0.063621,0.065065,0.063484,0.064916
JPYNOK,2010-05-06,0.064821,0.071209,0.0646,0.069146
JPYNOK,2010-05-07,0.067508,0.069539,0.06669,0.06814
JPYNOK,2010-05-10,0.06578,0.06613,0.064378,0.065923
JPYNOK,2010-05-11,0.066558,0.067146,0.066003,0.066674
JPYNOK,2010-05-12,0.066863,0.06706,0.065724,0.066056
JPYNOK,2010-05-13,0.065699,0.066711,0.065279,0.066626
JPYNOK,2010-05-14,0.066709,0.068028,0.066191,0.067558
JPYNOK,2010-05-17,0.06833,0.06847,0.067096,0.067354
JPYNOK,2010-05-18,0.067367,0.069054,0.066804,0.068569
JPYNOK,2010-05-19,0.069196,0.070858,0.068833,0.070005
JPYNOK,2010-05-20,0.070511,0.073918,0.070039,0.072528
JPYNOK,2010-05-21,0.071766,0.073145,0.071379,0.071805
JPYNOK,2010-05-24,0.0721,0.072693,0.071329,0.071936
JPYNOK,2010-05-25,0.073167,0.074657,0.072888,0.072911
JPYNOK,2010-05-26,0.073112,0.073189,0.071494,0.072924
JPYNOK,2010-05-27,0.072104,0.072421,0.070668,0.070813
JPYNOK,2010-05-28,0.07071,0.071685,0.069992,0.071336
JPYNOK,2010-05-31,0.070693,0.071231,0.070368,0.070956
JPYNOK,2010-06-01,0.070987,0.072418,0.070343,0.071204
JPYNOK,2010-06-02,0.070803,0.070978,0.070169,0.070241
JPYNOK,2010-06-03,0.069487,0.07034,0.06894,0.069811
JPYNOK,2010-06-04,0.069678,0.072243,0.069252,0.072009
JPYNOK,2010-06-07,0.072838,0.073189,0.071928,0.073182
JPYNOK,2010-06-08,0.072248,0.073956,0.072169,0.073061
JPYNOK,2010-06-09,0.073032,0.073222,0.071469,0.072619
JPYNOK,2010-06-10,0.071986,0.072492,0.070892,0.07093
JPYNOK,2010-06-11,0.070878,0.071221,0.070279,0.070595
JPYNOK,2010-06-14,0.069862,0.070334,0.069365,0.070285
JPYNOK,2010-06-15,0.070251,0.071093,0.069506,0.069594
JPYNOK,2010-06-16,0.069609,0.070578,0.069241,0.069988
JPYNOK,2010-06-17,0.070313,0.070668,0.069537,0.069853
JPYNOK,2010-06-18,0.069859,0.070374,0.069732,0.070225
JPYNOK,2010-06-21,0.06936,0.070707,0.06921,0.070628
JPYNOK,2010-06-22,0.070817,0.071572,0.07059,0.071518
JPYNOK,2010-06-23,0.07163,0.072477,0.071197,0.072283
JPYNOK,2010-06-24,0.071805,0.072929,0.071625,0.072532
JPYNOK,2010-06-25,0.072697,0.073029,0.071866,0.072209
JPYNOK,2010-06-28,0.072027,0.072348,0.071709,0.072
JPYNOK,2010-06-29,0.072494,0.073676,0.072494,0.07345
JPYNOK,2010-06-30,0.073458,0.073617,0.072711,0.073604
JPYNOK,2010-07-01,0.073912,0.074654,0.073305,0.073393
JPYNOK,2010-07-02,0.073233,0.073676,0.072753,0.073234
JPYNOK,2010-07-05,0.073318,0.073595,0.072976,0.073349
JPYNOK,2010-07-06,0.073466,0.073496,0.072495,0.072982
JPYNOK,2010-07-07,0.073299,0.074082,0.072736,0.072755
JPYNOK,2010-07-08,0.072129,0.072523,0.071622,0.072012
JPYNOK,2010-07-09,0.07179,0.072229,0.071624,0.071774
JPYNOK,2010-07-12,0.071674,0.072282,0.071597,0.071712
JPYNOK,2010-07-13,0.071672,0.072182,0.070702,0.070809
JPYNOK,2010-07-14,0.070219,0.07085,0.069958,0.070561
JPYNOK,2010-07-15,0.070615,0.071221,0.069974,0.070532
JPYNOK,2010-07-16,0.071125,0.072746,0.070808,0.072146
JPYNOK,2010-07-19,0.072621,0.072939,0.071932,0.072444
JPYNOK,2010-07-20,0.072077,0.072958,0.071762,0.071777
JPYNOK,2010-07-21,0.07163,0.072356,0.071492,0.072077
JPYNOK,2010-07-22,0.072434,0.072702,0.070787,0.07107
JPYNOK,2010-07-23,0.071055,0.071312,0.070494,0.070674
JPYNOK,2010-07-26,0.070517,0.071389,0.070335,0.070854
JPYNOK,2010-07-27,0.070685,0.07084,0.069958,0.070126
JPYNOK,2010-07-28,0.070159,0.07062,0.06979,0.070396
JPYNOK,2010-07-29,0.070419,0.070611,0.069647,0.07013
JPYNOK,2010-07-30,0.070545,0.071169,0.069906,0.070251
JPYNOK,2010-08-02,0.069891,0.069891,0.068855,0.069034
JPYNOK,2010-08-03,0.06925,0.069816,0.069083,0.069449
JPYNOK,2010-08-04,0.069939,0.070083,0.069347,0.069434
JPYNOK,2010-08-05,0.069491,0.070035,0.069083,0.069654
JPYNOK,2010-08-06,0.069373,0.070238,0.069246,0.069584
JPYNOK,2010-08-09,0.069516,0.06977,0.069297,0.069639
JPYNOK,2010-08-10,0.070034,0.070759,0.06969,0.070523
JPYNOK,2010-08-11,0.071268,0.072722,0.071253,0.072321
JPYNOK,2010-08-12,0.072203,0.07289,0.071631,0.071973
JPYNOK,2010-08-13,0.071451,0.072361,0.071105,0.07206
JPYNOK,2010-08-16,0.072205,0.072762,0.071796,0.072188
JPYNOK,2010-08-17,0.071986,0.072261,0.071519,0.071696
JPYNOK,2010-08-18,0.072088,0.072412,0.071902,0.072035
JPYNOK,2010-08-19,0.07201,0.072626,0.07175,0.072475
JPYNOK,2010-08-20,0.072617,0.073687,0.072347,0.072768
JPYNOK,2010-08-23,0.072989,0.07345,0.072785,0.073158
JPYNOK,2010-08-24,0.073653,0.075447,0.073642,0.074696
JPYNOK,2010-08-25,0.07494,0.075428,0.074009,0.074504
JPYNOK,2010-08-26,0.073935,0.074775,0.073841,0.074505
JPYNOK,2010-08-27,0.074436,0.074633,0.073065,0.073191
JPYNOK,2010-08-30,0.073207,0.074686,0.073207,0.074655
JPYNOK,2010-08-31,0.075039,0.075435,0.074322,0.075045
JPYNOK,2010-09-01,0.074247,0.074995,0.072833,0.073285
JPYNOK,2010-09-02,0.073554,0.073688,0.072818,0.072891
JPYNOK,2010-09-03,0.072882,0.072967,0.071799,0.072303
JPYNOK,2010-09-06,0.072208,0.072733,0.072161,0.072575
JPYNOK,2010-09-07,0.073037,0.074284,0.073037,0.074119
JPYNOK,2010-09-08,0.074276,0.074674,0.073406,0.073868
JPYNOK,2010-09-09,0.0741,0.07428,0.073464,0.073694
JPYNOK,2010-09-10,0.073708,0.073853,0.073231,0.073524
JPYNOK,2010-09-13,0.072972,0.073153,0.072741,0.072907
JPYNOK,2010-09-14,0.072971,0.073725,0.072485,0.072644
JPYNOK,2010-09-15,0.071325,0.071533,0.070825,0.071135
JPYNOK,2010-09-16,0.071648,0.07168,0.070663,0.070946
JPYNOK,2010-09-17,0.070741,0.071529,0.070451,0.071231
JPYNOK,2010-09-20,0.070868,0.071115,0.070451,0.070538
JPYNOK,2010-09-21,0.070636,0.071159,0.069984,0.0702
JPYNOK,2010-09-22,0.069965,0.070334,0.069506,0.069642
JPYNOK,2010-09-23,0.06959,0.070617,0.069521,0.070554
JPYNOK,2010-09-24,0.07001,0.070391,0.06967,0.069741
JPYNOK,2010-09-27,0.069811,0.070138,0.069583,0.069938
JPYNOK,2010-09-28,0.070059,0.070803,0.069713,0.069746
JPYNOK,2010-09-29,0.069935,0.070319,0.069637,0.069941
JPYNOK,2010-09-30,0.070502,0.070796,0.069876,0.070415
JPYNOK,2010-10-01,0.070244,0.070396,0.069837,0.06992
JPYNOK,2010-10-04,0.069984,0.07062,0.069894,0.070298
JPYNOK,2010-10-05,0.069966,0.070304,0.069797,0.069901
JPYNOK,2010-10-06,0.069863,0.070047,0.069499,0.069531
JPYNOK,2010-10-07,0.069612,0.070824,0.069432,0.070711
JPYNOK,2010-10-08,0.070725,0.071364,0.070419,0.070893
JPYNOK,2010-10-11,0.070928,0.071421,0.070572,0.071191
JPYNOK,2010-10-12,0.071736,0.072159,0.071424,0.071521
JPYNOK,2010-10-13,0.071165,0.071338,0.070675,0.070781
JPYNOK,2010-10-14,0.070639,0.070861,0.070281,0.070375
JPYNOK,2010-10-15,0.070693,0.071417,0.070488,0.071203
JPYNOK,2010-10-18,0.071839,0.07234,0.071556,0.07177
JPYNOK,2010-10-19,0.071952,0.073037,0.07176,0.072911
JPYNOK,2010-10-20,0.072797,0.073002,0.071714,0.071835
JPYNOK,2010-10-21,0.072075,0.072128,0.071438,0.071865
JPYNOK,2010-10-22,0.071903,0.072468,0.071204,0.071387
JPYNOK,2010-10-25,0.071291,0.072007,0.071131,0.071689
JPYNOK,2010-10-26,0.071561,0.072279,0.071386,0.072067
JPYNOK,2010-10-27,0.07203,0.072576,0.071805,0.072268
JPYNOK,2010-10-28,0.072081,0.072892,0.071932,0.072758
JPYNOK,2010-10-29,0.073305,0.073794,0.07274,0.072792
JPYNOK,2010-11-01,0.072419,0.073021,0.072208,0.073012
JPYNOK,2010-11-02,0.072539,0.072623,0.071867,0.072384
JPYNOK,2010-11-03,0.072713,0.072727,0.071203,0.07135
JPYNOK,2010-11-04,0.071651,0.071689,0.070701,0.071014
JPYNOK,2010-11-05,0.071149,0.071526,0.070556,0.070837
JPYNOK,2010-11-08,0.071461,0.071832,0.071285,0.0716
JPYNOK,2010-11-09,0.071957,0.072386,0.071213,0.071357
JPYNOK,2010-11-10,0.07143,0.071816,0.070899,0.071235
JPYNOK,2010-11-11,0.071084,0.072123,0.071001,0.072014
JPYNOK,2010-11-12,0.072376,0.073219,0.071587,0.072273
JPYNOK,2010-11-15,0.071951,0.072404,0.071664,0.072002
JPYNOK,2010-11-16,0.07213,0.072918,0.071813,0.072848
JPYNOK,2010-11-17,0.072729,0.073077,0.072304,0.072425
JPYNOK,2010-11-18,0.07209,0.07219,0.071532,0.071718
JPYNOK,2010-11-19,0.071651,0.071988,0.071485,0.071665
JPYNOK,2010-11-22,0.071241,0.072302,0.071142,0.072087
JPYNOK,2010-11-23,0.072153,0.073826,0.071922,0.073385
JPYNOK,2010-11-24,0.073318,0.073939,0.072714,0.072901
JPYNOK,2010-11-25,0.073046,0.07319,0.072581,0.072849
JPYNOK,2010-11-26,0.073037,0.073831,0.072877,0.073204
JPYNOK,2010-11-29,0.073122,0.073673,0.072879,0.073268
JPYNOK,2010-11-30,0.073281,0.074664,0.073204,0.074206
JPYNOK,2010-12-01,0.074152,0.07418,0.072842,0.072953
JPYNOK,2010-12-02,0.072986,0.073212,0.072351,0.072431
JPYNOK,2010-12-03,0.072667,0.072937,0.07194,0.071942
JPYNOK,2010-12-06,0.072098,0.072906,0.071808,0.072496
JPYNOK,2010-12-07,0.072479,0.072544,0.071618,0.071826
JPYNOK,2010-12-08,0.071819,0.072039,0.071446,0.071491
JPYNOK,2010-12-09,0.071384,0.072191,0.071286,0.072092
JPYNOK,2010-12-10,0.071957,0.071971,0.071416,0.071504
JPYNOK,2010-12-13,0.071466,0.071483,0.070802,0.070972
JPYNOK,2010-12-14,0.070751,0.070917,0.070382,0.070404
JPYNOK,2010-12-15,0.070676,0.070878,0.070195,0.07082
JPYNOK,2010-12-16,0.070823,0.071068,0.070663,0.07081
JPYNOK,2010-12-17,0.070517,0.071439,0.070364,0.071255
JPYNOK,2010-12-20,0.071323,0.071755,0.07122,0.071397
JPYNOK,2010-12-21,0.071222,0.071578,0.071099,0.071468
JPYNOK,2010-12-22,0.071212,0.072019,0.071152,0.071678
JPYNOK,2010-12-23,0.07189,0.072321,0.071761,0.071981
JPYNOK,2010-12-24,0.071886,0.072104,0.071735,0.071908
JPYNOK,2010-12-27,0.071949,0.072187,0.071743,0.071757
JPYNOK,2010-12-28,0.071771,0.07257,0.071605,0.072244
JPYNOK,2010-12-29,0.072303,0.072688,0.072243,0.072454
JPYNOK,2010-12-30,0.072399,0.072503,0.071715,0.072172
JPYNOK,2010-12-31,0.071834,0.072017,0.071524,0.071603
JPYNOK,2011-01-03,0.071785,0.072186,0.071247,0.071339
JPYNOK,2011-01-04,0.071008,0.071895,0.070638,0.071471
JPYNOK,2011-01-05,0.07148,0.07192,0.070771,0.070854
JPYNOK,2011-01-06,0.070897,0.071791,0.070895,0.07145
JPYNOK,2011-01-07,0.071279,0.07223,0.071205,0.072064
JPYNOK,2011-01-10,0.072158,0.072321,0.071609,0.072183
JPYNOK,2011-01-11,0.071862,0.07193,0.071324,0.07145
JPYNOK,2011-01-12,0.071596,0.071618,0.070889,0.071174
JPYNOK,2011-01-13,0.071063,0.071363,0.070554,0.070902
JPYNOK,2011-01-14,0.071082,0.071215,0.070349,0.070395
JPYNOK,2011-01-17,0.070368,0.071113,0.070351,0.070822
JPYNOK,2011-01-18,0.070804,0.071004,0.070453,0.070583
JPYNOK,2011-01-19,0.07047,0.071038,0.07047,0.070898
JPYNOK,2011-01-20,0.070924,0.071306,0.070504,0.070722
JPYNOK,2011-01-21,0.070945,0.071021,0.070166,0.070417
JPYNOK,2011-01-24,0.070339,0.070437,0.069887,0.070075
JPYNOK,2011-01-25,0.070089,0.070474,0.069705,0.070088
JPYNOK,2011-01-26,0.070093,0.070323,0.06969,0.070014
JPYNOK,2011-01-27,0.07003,0.07015,0.06941,0.069871
JPYNOK,2011-01-28,0.070182,0.071134,0.069873,0.070811
JPYNOK,2011-01-31,0.071062,0.071115,0.070239,0.07037
JPYNOK,2011-02-01,0.070267,0.070497,0.069918,0.07
JPYNOK,2011-02-02,0.069913,0.070439,0.069811,0.07009
JPYNOK,2011-02-03,0.070015,0.070472,0.069801,0.070378
JPYNOK,2011-02-04,0.070306,0.070545,0.06983,0.07013
JPYNOK,2011-02-07,0.069837,0.070381,0.069761,0.070196
JPYNOK,2011-02-08,0.069984,0.070381,0.069931,0.07008
JPYNOK,2011-02-09,0.069902,0.070141,0.069757,0.069857
JPYNOK,2011-02-10,0.069882,0.070564,0.069845,0.070074
JPYNOK,2011-02-11,0.070246,0.070479,0.070003,0.070128
JPYNOK,2011-02-14,0.070328,0.07066,0.070001,0.070032
JPYNOK,2011-02-15,0.069877,0.069998,0.069121,0.069522
JPYNOK,2011-02-16,0.069146,0.069395,0.068578,0.06859
JPYNOK,2011-02-17,0.068684,0.068989,0.068341,0.068385
JPYNOK,2011-02-18,0.068503,0.06865,0.068127,0.06824
JPYNOK,2011-02-21,0.068296,0.068524,0.0682,0.068383
JPYNOK,2011-02-22,0.068736,0.069197,0.068009,0.068633
JPYNOK,2011-02-23,0.06824,0.068407,0.068031,0.068334
JPYNOK,2011-02-24,0.068609,0.069084,0.068299,0.068647
JPYNOK,2011-02-25,0.068477,0.069337,0.068371,0.069066
JPYNOK,2011-02-28,0.068945,0.069065,0.067956,0.06846
JPYNOK,2011-03-01,0.068144,0.068474,0.067792,0.068429
JPYNOK,2011-03-02,0.068411,0.068484,0.06774,0.067767
JPYNOK,2011-03-03,0.067809,0.068151,0.067493,0.067521
JPYNOK,2011-03-04,0.067615,0.067837,0.067107,0.067732
JPYNOK,2011-03-07,0.067619,0.067767,0.067366,0.067515
JPYNOK,2011-03-08,0.067634,0.067735,0.067398,0.067591
JPYNOK,2011-03-09,0.067352,0.06757,0.067241,0.067392
JPYNOK,2011-03-10,0.067401,0.068336,0.067401,0.068265
JPYNOK,2011-03-11,0.067969,0.069257,0.067969,0.068411
JPYNOK,2011-03-14,0.068138,0.068777,0.0681,0.068616
JPYNOK,2011-03-15,0.069191,0.070878,0.069174,0.070138
JPYNOK,2011-03-16,0.07004,0.071511,0.069706,0.071434
JPYNOK,2011-03-17,0.072036,0.072049,0.071135,0.071703
JPYNOK,2011-03-18,0.06867,0.069509,0.06831,0.069056
JPYNOK,2011-03-21,0.068707,0.068828,0.068305,0.068365
JPYNOK,2011-03-22,0.068728,0.069031,0.068352,0.068788
JPYNOK,2011-03-23,0.069113,0.06937,0.068557,0.069341
JPYNOK,2011-03-24,0.069197,0.069373,0.068406,0.068641
JPYNOK,2011-03-25,0.068564,0.068982,0.068376,0.068851
JPYNOK,2011-03-28,0.068546,0.06902,0.068294,0.068436
JPYNOK,2011-03-29,0.068394,0.068599,0.067868,0.067886
JPYNOK,2011-03-30,0.067546,0.067724,0.067178,0.067324
JPYNOK,2011-03-31,0.067226,0.067351,0.06642,0.066518
JPYNOK,2011-04-01,0.066117,0.066292,0.065075,0.065277
JPYNOK,2011-04-04,0.065129,0.065692,0.0651,0.06533
JPYNOK,2011-04-05,0.065154,0.065293,0.064446,0.064463
JPYNOK,2011-04-06,0.06399,0.064241,0.063657,0.06388
JPYNOK,2011-04-07,0.064191,0.064817,0.064029,0.064351
JPYNOK,2011-04-08,0.063849,0.063905,0.063369,0.063612
JPYNOK,2011-04-11,0.063587,0.064377,0.063544,0.064377
JPYNOK,2011-04-12,0.065242,0.065492,0.064466,0.065327
JPYNOK,2011-04-13,0.064943,0.065227,0.064422,0.065061
JPYNOK,2011-04-14,0.064901,0.065951,0.064718,0.06472
JPYNOK,2011-04-15,0.064927,0.065179,0.064553,0.06471
JPYNOK,2011-04-18,0.06509,0.067069,0.064999,0.066321
JPYNOK,2011-04-19,0.066496,0.066594,0.065601,0.065729
JPYNOK,2011-04-20,0.065199,0.065275,0.06461,0.065021
JPYNOK,2011-04-21,0.064886,0.065699,0.064618,0.06559
JPYNOK,2011-04-22,0.065272,0.065698,0.065133,0.065563
JPYNOK,2011-04-25,0.06518,0.065602,0.065126,0.065577
JPYNOK,2011-04-26,0.065773,0.065868,0.064894,0.065242
JPYNOK,2011-04-27,0.064764,0.06499,0.064318,0.064351
JPYNOK,2011-04-28,0.064443,0.064826,0.064278,0.064356
JPYNOK,2011-04-29,0.064234,0.064703,0.064234,0.064683
JPYNOK,2011-05-02,0.064457,0.064596,0.064291,0.064579
JPYNOK,2011-05-03,0.064773,0.06545,0.064691,0.065154
JPYNOK,2011-05-04,0.065465,0.066208,0.064897,0.066087
JPYNOK,2011-05-05,0.066003,0.068416,0.065901,0.068349
JPYNOK,2011-05-06,0.067735,0.068817,0.067359,0.068507
JPYNOK,2011-05-09,0.068241,0.068446,0.067607,0.068324
JPYNOK,2011-05-10,0.068436,0.068489,0.067074,0.067154
JPYNOK,2011-05-11,0.067008,0.068427,0.066778,0.06807
JPYNOK,2011-05-12,0.067894,0.068587,0.067563,0.06815
JPYNOK,2011-05-13,0.068406,0.069287,0.067767,0.068949
JPYNOK,2011-05-16,0.068759,0.069147,0.068272,0.068884
JPYNOK,2011-05-17,0.068281,0.06919,0.068122,0.068512
JPYNOK,2011-05-18,0.068484,0.068915,0.067851,0.067905
JPYNOK,2011-05-19,0.067796,0.067936,0.067111,0.067484
JPYNOK,2011-05-20,0.067096,0.068041,0.067014,0.067834
JPYNOK,2011-05-23,0.068168,0.068979,0.068168,0.068207
JPYNOK,2011-05-24,0.068196,0.068446,0.067557,0.067857
JPYNOK,2011-05-25,0.068438,0.068508,0.067626,0.067737
JPYNOK,2011-05-26,0.067354,0.068048,0.067022,0.067589
JPYNOK,2011-05-27,0.067284,0.067745,0.066926,0.067226
JPYNOK,2011-05-30,0.067349,0.06741,0.067097,0.067131
JPYNOK,2011-05-31,0.066275,0.066452,0.065719,0.066072
JPYNOK,2011-06-01,0.065977,0.067268,0.065692,0.067232
JPYNOK,2011-06-02,0.067161,0.067169,0.066234,0.066311
JPYNOK,2011-06-03,0.066658,0.067655,0.066309,0.066538
JPYNOK,2011-06-06,0.066464,0.067262,0.066393,0.067196
JPYNOK,2011-06-07,0.066808,0.066838,0.066507,0.06683
JPYNOK,2011-06-08,0.066771,0.067728,0.066746,0.067639
JPYNOK,2011-06-09,0.067296,0.067942,0.066947,0.067561
JPYNOK,2011-06-10,0.067811,0.06859,0.067583,0.068417
JPYNOK,2011-06-13,0.068285,0.068507,0.067553,0.06773
JPYNOK,2011-06-14,0.067496,0.067612,0.066843,0.067121
JPYNOK,2011-06-15,0.067177,0.068635,0.067173,0.068585
JPYNOK,2011-06-16,0.069128,0.069378,0.068412,0.068627
JPYNOK,2011-06-17,0.068878,0.069328,0.068538,0.069004
JPYNOK,2011-06-20,0.069244,0.069704,0.068914,0.069049
JPYNOK,2011-06-21,0.068946,0.069057,0.068508,0.068557
JPYNOK,2011-06-22,0.068399,0.068675,0.067574,0.067804
JPYNOK,2011-06-23,0.068023,0.068889,0.067747,0.067753
JPYNOK,2011-06-24,0.06787,0.068504,0.067778,0.068248
JPYNOK,2011-06-27,0.06837,0.068537,0.067453,0.067576
JPYNOK,2011-06-28,0.067811,0.067912,0.066795,0.066872
JPYNOK,2011-06-29,0.067031,0.067254,0.066386,0.066558
JPYNOK,2011-06-30,0.066795,0.067032,0.066388,0.066979
JPYNOK,2011-07-01,0.066586,0.066798,0.066248,0.06636
JPYNOK,2011-07-04,0.066377,0.066582,0.066076,0.066182
JPYNOK,2011-07-05,0.066107,0.066471,0.065885,0.066354
JPYNOK,2011-07-06,0.066473,0.067129,0.066283,0.066977
JPYNOK,2011-07-07,0.066961,0.067097,0.066168,0.066229
JPYNOK,2011-07-08,0.066288,0.067502,0.066091,0.067164
JPYNOK,2011-07-11,0.067324,0.06899,0.067286,0.06876
JPYNOK,2011-07-12,0.068922,0.071065,0.068922,0.070489
JPYNOK,2011-07-13,0.070356,0.070484,0.069543,0.070123
JPYNOK,2011-07-14,0.069851,0.070309,0.069612,0.070134
JPYNOK,2011-07-15,0.069988,0.070651,0.069988,0.070278
JPYNOK,2011-07-18,0.070728,0.071169,0.070441,0.070481
JPYNOK,2011-07-19,0.070801,0.07084,0.069741,0.06976
JPYNOK,2011-07-20,0.069836,0.070008,0.069504,0.069745
JPYNOK,2011-07-21,0.069336,0.069951,0.068786,0.069033
JPYNOK,2011-07-22,0.068647,0.069559,0.068422,0.069051
JPYNOK,2011-07-25,0.069011,0.069418,0.068921,0.069186
JPYNOK,2011-07-26,0.06872,0.068818,0.068527,0.068631
JPYNOK,2011-07-27,0.068667,0.069415,0.06862,0.069284
JPYNOK,2011-07-28,0.069449,0.069721,0.069176,0.069655
JPYNOK,2011-07-29,0.06987,0.070344,0.069601,0.069963
JPYNOK,2011-08-01,0.069256,0.070855,0.068934,0.069699
JPYNOK,2011-08-02,0.069556,0.07055,0.069456,0.070306
JPYNOK,2011-08-03,0.070134,0.070691,0.069342,0.069788
JPYNOK,2011-08-04,0.067851,0.069993,0.067381,0.06978
JPYNOK,2011-08-05,0.070339,0.070546,0.069177,0.069906
JPYNOK,2011-08-08,0.070541,0.071053,0.070064,0.070293
JPYNOK,2011-08-09,0.070735,0.072154,0.070344,0.071018
JPYNOK,2011-08-10,0.071022,0.07256,0.070699,0.072199
JPYNOK,2011-08-11,0.071923,0.07253,0.071444,0.072025
JPYNOK,2011-08-12,0.072237,0.072763,0.071476,0.071955
JPYNOK,2011-08-15,0.071294,0.071891,0.070733,0.070839
JPYNOK,2011-08-16,0.070846,0.071439,0.070497,0.070904
JPYNOK,2011-08-17,0.070905,0.071271,0.070031,0.070459
JPYNOK,2011-08-18,0.070381,0.071771,0.070301,0.071479
JPYNOK,2011-08-19,0.071806,0.072053,0.071238,0.071479
JPYNOK,2011-08-22,0.071277,0.071614,0.070643,0.071013
JPYNOK,2011-08-23,0.070967,0.071332,0.070276,0.070764
JPYNOK,2011-08-24,0.070972,0.071178,0.070474,0.070573
JPYNOK,2011-08-25,0.070595,0.070605,0.069846,0.07007
JPYNOK,2011-08-26,0.069978,0.070746,0.06987,0.070021
JPYNOK,2011-08-29,0.0698,0.070041,0.069341,0.069617
JPYNOK,2011-08-30,0.069529,0.070373,0.069518,0.069901
JPYNOK,2011-08-31,0.070037,0.070129,0.069754,0.070051
JPYNOK,2011-09-01,0.069837,0.070336,0.069631,0.07029
JPYNOK,2011-09-02,0.070308,0.070816,0.070002,0.070292
JPYNOK,2011-09-05,0.070697,0.071134,0.070269,0.070805
JPYNOK,2011-09-06,0.071158,0.071167,0.068867,0.069692
JPYNOK,2011-09-07,0.06957,0.06984,0.068867,0.069702
JPYNOK,2011-09-08,0.069753,0.070061,0.069355,0.069944
JPYNOK,2011-09-09,0.069851,0.071676,0.069708,0.071474
JPYNOK,2011-09-12,0.072264,0.073835,0.072033,0.072911
JPYNOK,2011-09-13,0.073322,0.074362,0.072756,0.072924
JPYNOK,2011-09-14,0.07364,0.074332,0.073415,0.073791
JPYNOK,2011-09-15,0.07407,0.074199,0.07222,0.072648
JPYNOK,2011-09-16,0.072519,0.073277,0.072466,0.072536
JPYNOK,2011-09-19,0.073373,0.074901,0.073236,0.074215
JPYNOK,2011-09-20,0.074665,0.074859,0.07366,0.073954
JPYNOK,2011-09-21,0.073825,0.074782,0.07378,0.074766
JPYNOK,2011-09-22,0.074965,0.076917,0.074917,0.076647
JPYNOK,2011-09-23,0.076519,0.077193,0.075782,0.07627
JPYNOK,2011-09-26,0.07718,0.077538,0.075276,0.075289
JPYNOK,2011-09-27,0.075352,0.075812,0.074427,0.07509
JPYNOK,2011-09-28,0.075368,0.07592,0.074561,0.07573
JPYNOK,2011-09-29,0.075236,0.075913,0.074797,0.075481
JPYNOK,2011-09-30,0.075944,0.076675,0.07561,0.076119
JPYNOK,2011-10-03,0.076639,0.077253,0.075911,0.077102
JPYNOK,2011-10-04,0.076917,0.077807,0.076595,0.076595
JPYNOK,2011-10-05,0.076775,0.076992,0.076126,0.076338
JPYNOK,2011-10-06,0.076407,0.077226,0.076028,0.076056
JPYNOK,2011-10-07,0.076124,0.076174,0.07506,0.075817
JPYNOK,2011-10-10,0.075506,0.075736,0.074003,0.074442
JPYNOK,2011-10-11,0.074378,0.074915,0.073953,0.074054
JPYNOK,2011-10-12,0.074293,0.074364,0.072533,0.072815
JPYNOK,2011-10-13,0.073011,0.073785,0.072798,0.073119
JPYNOK,2011-10-14,0.073093,0.073343,0.071971,0.072082
JPYNOK,2011-10-17,0.07227,0.073557,0.071717,0.073341
JPYNOK,2011-10-18,0.073331,0.074023,0.072605,0.073028
JPYNOK,2011-10-19,0.072941,0.073379,0.072483,0.073157
JPYNOK,2011-10-20,0.073533,0.073706,0.072552,0.07295
JPYNOK,2011-10-21,0.072901,0.073398,0.072706,0.072968
JPYNOK,2011-10-24,0.072578,0.073248,0.072417,0.072649
JPYNOK,2011-10-25,0.072687,0.073176,0.072243,0.072901
JPYNOK,2011-10-26,0.072719,0.073188,0.072201,0.072319
JPYNOK,2011-10-27,0.072077,0.072262,0.070877,0.071256
JPYNOK,2011-10-28,0.071242,0.071753,0.071194,0.071706
JPYNOK,2011-10-31,0.069394,0.071277,0.069216,0.071063
JPYNOK,2011-11-01,0.071597,0.072857,0.071561,0.072259
JPYNOK,2011-11-02,0.072311,0.072784,0.071862,0.072464
JPYNOK,2011-11-03,0.072878,0.07308,0.071462,0.071581
JPYNOK,2011-11-04,0.071631,0.072323,0.071523,0.071692
JPYNOK,2011-11-07,0.072061,0.072517,0.071615,0.071753
JPYNOK,2011-11-08,0.072005,0.072291,0.071739,0.071998
JPYNOK,2011-11-09,0.072206,0.073867,0.072158,0.07364
JPYNOK,2011-11-10,0.07399,0.074236,0.07304,0.073372
JPYNOK,2011-11-11,0.073365,0.073579,0.072816,0.073068
JPYNOK,2011-11-14,0.073076,0.07433,0.07294,0.074222
JPYNOK,2011-11-15,0.074434,0.075051,0.07421,0.074613
JPYNOK,2011-11-16,0.075228,0.075326,0.074572,0.075211
JPYNOK,2011-11-17,0.074966,0.075633,0.074936,0.075621
JPYNOK,2011-11-18,0.075531,0.075647,0.07495,0.075317
JPYNOK,2011-11-21,0.075359,0.075877,0.075133,0.075195
JPYNOK,2011-11-22,0.075209,0.075297,0.074797,0.075077
JPYNOK,2011-11-23,0.07538,0.075916,0.075241,0.075859
JPYNOK,2011-11-24,0.075902,0.076404,0.075478,0.076239
JPYNOK,2011-11-25,0.076154,0.076518,0.075865,0.076317
JPYNOK,2011-11-28,0.075975,0.07604,0.075029,0.075708
JPYNOK,2011-11-29,0.075327,0.075899,0.074944,0.07506
JPYNOK,2011-11-30,0.075235,0.075484,0.073895,0.074475
JPYNOK,2011-12-01,0.074311,0.074849,0.074005,0.07475
JPYNOK,2011-12-02,0.07457,0.074597,0.073573,0.074193
JPYNOK,2011-12-05,0.074128,0.074346,0.073612,0.074284
JPYNOK,2011-12-06,0.074337,0.074622,0.073994,0.074091
JPYNOK,2011-12-07,0.073695,0.074308,0.073625,0.074021
JPYNOK,2011-12-08,0.073993,0.074843,0.073826,0.07453
JPYNOK,2011-12-09,0.074821,0.074956,0.073746,0.074232
JPYNOK,2011-12-12,0.074205,0.075039,0.074198,0.074911
JPYNOK,2011-12-13,0.074947,0.076279,0.074835,0.07618
JPYNOK,2011-12-14,0.076172,0.076851,0.075943,0.076688
JPYNOK,2011-12-15,0.076721,0.077085,0.076532,0.076955
JPYNOK,2011-12-16,0.076856,0.07693,0.076443,0.076604
JPYNOK,2011-12-19,0.0766,0.076757,0.076057,0.076214
JPYNOK,2011-12-20,0.076146,0.076229,0.075417,0.075811
JPYNOK,2011-12-21,0.075642,0.076392,0.075231,0.075929
JPYNOK,2011-12-22,0.075776,0.076461,0.075546,0.07605
JPYNOK,2011-12-23,0.076025,0.07664,0.075886,0.076577
JPYNOK,2011-12-27,0.076338,0.07676,0.07631,0.076664
JPYNOK,2011-12-28,0.076617,0.077371,0.076564,0.077274
JPYNOK,2011-12-29,0.077496,0.077662,0.077195,0.077216
JPYNOK,2011-12-30,0.077435,0.07787,0.07735,0.077693
JPYNOK,2012-01-02,0.077675,0.077981,0.077594,0.077863
JPYNOK,2012-01-03,0.077633,0.077642,0.076882,0.077083
JPYNOK,2012-01-04,0.077108,0.077645,0.07696,0.077408
JPYNOK,2012-01-05,0.077505,0.078098,0.077306,0.07792
JPYNOK,2012-01-06,0.077992,0.07832,0.077713,0.078218
JPYNOK,2012-01-09,0.078272,0.078394,0.078048,0.078148
JPYNOK,2012-01-10,0.078024,0.078245,0.077757,0.077988
JPYNOK,2012-01-11,0.078064,0.078834,0.077759,0.078693
JPYNOK,2012-01-12,0.078521,0.078561,0.078034,0.078263
JPYNOK,2012-01-13,0.078161,0.079168,0.078048,0.0787
JPYNOK,2012-01-16,0.078955,0.079093,0.078775,0.078907
JPYNOK,2012-01-17,0.078618,0.078746,0.077919,0.078616
JPYNOK,2012-01-18,0.078535,0.078657,0.07773,0.077744
JPYNOK,2012-01-19,0.077866,0.077931,0.07645,0.076512
JPYNOK,2012-01-20,0.076512,0.077142,0.0764,0.077043
JPYNOK,2012-01-23,0.077221,0.077315,0.075983,0.076074
JPYNOK,2012-01-24,0.076127,0.076256,0.075645,0.075818
JPYNOK,2012-01-25,0.075606,0.076147,0.075216,0.075222
JPYNOK,2012-01-26,0.07525,0.075467,0.074919,0.075358
JPYNOK,2012-01-27,0.075704,0.076103,0.075452,0.075659
JPYNOK,2012-01-30,0.076027,0.076783,0.075921,0.076256
JPYNOK,2012-01-31,0.076168,0.077036,0.075917,0.07697
JPYNOK,2012-02-01,0.077152,0.077288,0.075961,0.076251
JPYNOK,2012-02-02,0.076179,0.076801,0.076107,0.076452
JPYNOK,2012-02-03,0.076428,0.076586,0.075681,0.075789
JPYNOK,2012-02-06,0.076028,0.076246,0.075723,0.075954
JPYNOK,2012-02-07,0.075937,0.075945,0.074981,0.07515
JPYNOK,2012-02-08,0.074901,0.075061,0.074609,0.074689
JPYNOK,2012-02-09,0.074295,0.074772,0.07391,0.074008
JPYNOK,2012-02-10,0.074258,0.074512,0.073935,0.074132
JPYNOK,2012-02-13,0.073804,0.073926,0.073483,0.073657
JPYNOK,2012-02-14,0.073512,0.073606,0.072968,0.073156
JPYNOK,2012-02-15,0.072882,0.073993,0.072737,0.073774
JPYNOK,2012-02-16,0.074081,0.074146,0.07247,0.07257
JPYNOK,2012-02-17,0.072433,0.072507,0.071633,0.071779
JPYNOK,2012-02-20,0.07133,0.071675,0.070988,0.071248
JPYNOK,2012-02-21,0.070826,0.071627,0.07081,0.071378
JPYNOK,2012-02-22,0.070874,0.070988,0.070292,0.070406
JPYNOK,2012-02-23,0.07043,0.070511,0.069683,0.070316
JPYNOK,2012-02-24,0.069778,0.069835,0.068741,0.06875
JPYNOK,2012-02-27,0.068823,0.07009,0.068722,0.069596
JPYNOK,2012-02-28,0.069305,0.069462,0.068853,0.069025
JPYNOK,2012-02-29,0.069016,0.069125,0.068554,0.068765
JPYNOK,2012-03-01,0.06879,0.069018,0.068573,0.068764
JPYNOK,2012-03-02,0.068455,0.068987,0.068447,0.068519
JPYNOK,2012-03-05,0.069009,0.069411,0.068725,0.068941
JPYNOK,2012-03-06,0.069067,0.070815,0.069066,0.070597
JPYNOK,2012-03-07,0.070433,0.070685,0.06958,0.069643
JPYNOK,2012-03-08,0.069392,0.069408,0.068305,0.068499
JPYNOK,2012-03-09,0.068752,0.069316,0.068573,0.069241
JPYNOK,2012-03-12,0.069444,0.069608,0.068988,0.069034
JPYNOK,2012-03-13,0.068825,0.069032,0.068595,0.068707
JPYNOK,2012-03-14,0.068822,0.069696,0.068374,0.069554
JPYNOK,2012-03-15,0.069323,0.069682,0.069177,0.069194
JPYNOK,2012-03-16,0.069174,0.069217,0.068611,0.068676
JPYNOK,2012-03-19,0.068725,0.069279,0.068407,0.068629
JPYNOK,2012-03-20,0.068536,0.06903,0.068434,0.068875
JPYNOK,2012-03-21,0.06875,0.069099,0.068318,0.06902
JPYNOK,2012-03-22,0.068965,0.070406,0.068899,0.070138
JPYNOK,2012-03-23,0.069945,0.070272,0.069507,0.069906
JPYNOK,2012-03-26,0.069738,0.069791,0.068496,0.068534
JPYNOK,2012-03-27,0.068548,0.068786,0.068139,0.068579
JPYNOK,2012-03-28,0.068637,0.069612,0.068459,0.069258
JPYNOK,2012-03-29,0.069418,0.070231,0.069344,0.069748
JPYNOK,2012-03-30,0.069798,0.069859,0.06867,0.068782
JPYNOK,2012-04-02,0.068489,0.069399,0.068196,0.069231
JPYNOK,2012-04-03,0.06912,0.069263,0.068861,0.06911
JPYNOK,2012-04-04,0.069456,0.070276,0.069261,0.069814
JPYNOK,2012-04-05,0.069957,0.070783,0.069799,0.070226
JPYNOK,2012-04-10,0.070978,0.072085,0.07095,0.072059
JPYNOK,2012-04-11,0.071926,0.072,0.07128,0.071767
JPYNOK,2012-04-12,0.071623,0.071737,0.071143,0.07129
JPYNOK,2012-04-13,0.071297,0.07167,0.071201,0.071433
JPYNOK,2012-04-16,0.0721,0.072472,0.071372,0.071413
JPYNOK,2012-04-17,0.071736,0.071805,0.070953,0.071029
JPYNOK,2012-04-18,0.070631,0.071109,0.070469,0.070856
JPYNOK,2012-04-19,0.070644,0.070852,0.070229,0.070462
JPYNOK,2012-04-20,0.0704,0.070457,0.069854,0.070188
JPYNOK,2012-04-23,0.070457,0.071094,0.070443,0.070744
JPYNOK,2012-04-24,0.07092,0.070969,0.070452,0.070579
JPYNOK,2012-04-25,0.070426,0.070624,0.07018,0.070326
JPYNOK,2012-04-26,0.070458,0.071116,0.070248,0.070808
JPYNOK,2012-04-27,0.071078,0.071394,0.070749,0.071349
JPYNOK,2012-04-30,0.071444,0.071847,0.071265,0.071672
JPYNOK,2012-05-01,0.07173,0.071839,0.071222,0.071272
JPYNOK,2012-05-02,0.071098,0.07186,0.071016,0.071695
JPYNOK,2012-05-03,0.071632,0.071668,0.071048,0.071668
JPYNOK,2012-05-04,0.071655,0.072637,0.071556,0.072585
JPYNOK,2012-05-07,0.073126,0.073139,0.072368,0.072521
JPYNOK,2012-05-08,0.072387,0.073287,0.07233,0.072945
JPYNOK,2012-05-09,0.073255,0.073591,0.072906,0.073127
JPYNOK,2012-05-10,0.073171,0.073523,0.072812,0.073233
JPYNOK,2012-05-11,0.073479,0.073829,0.073122,0.073287
JPYNOK,2012-05-14,0.073436,0.074361,0.073365,0.074163
JPYNOK,2012-05-15,0.074133,0.074909,0.073979,0.074804
JPYNOK,2012-05-16,0.074739,0.075112,0.073977,0.074436
JPYNOK,2012-05-17,0.073919,0.075608,0.073905,0.075572
JPYNOK,2012-05-18,0.075769,0.076027,0.07514,0.075473
JPYNOK,2012-05-21,0.075134,0.075528,0.074715,0.074804
JPYNOK,2012-05-22,0.074725,0.075057,0.073978,0.074821
JPYNOK,2012-05-23,0.075221,0.075862,0.075048,0.075213
JPYNOK,2012-05-24,0.075293,0.075964,0.075208,0.075832
JPYNOK,2012-05-25,0.075711,0.075846,0.075376,0.075551
JPYNOK,2012-05-28,0.075242,0.075672,0.075119,0.075541
JPYNOK,2012-05-29,0.075477,0.076109,0.075322,0.075637
JPYNOK,2012-05-30,0.07593,0.077035,0.07583,0.07701
JPYNOK,2012-05-31,0.07706,0.078191,0.076625,0.078036
JPYNOK,2012-06-01,0.077964,0.079246,0.077615,0.078354
JPYNOK,2012-06-04,0.078277,0.078524,0.0774,0.077447
JPYNOK,2012-06-05,0.077266,0.078228,0.077245,0.077517
JPYNOK,2012-06-06,0.07731,0.077374,0.076494,0.07653
JPYNOK,2012-06-07,0.076499,0.076652,0.075321,0.075871
JPYNOK,2012-06-08,0.076561,0.077056,0.076102,0.076242
JPYNOK,2012-06-11,0.075225,0.076046,0.075144,0.076035
JPYNOK,2012-06-12,0.075784,0.076201,0.075554,0.075572
JPYNOK,2012-06-13,0.075462,0.075761,0.075102,0.075262
JPYNOK,2012-06-14,0.075183,0.075542,0.074799,0.074873
JPYNOK,2012-06-15,0.075325,0.075996,0.075125,0.075527
JPYNOK,2012-06-18,0.07487,0.076001,0.074768,0.075616
JPYNOK,2012-06-19,0.075584,0.075814,0.074831,0.075163
JPYNOK,2012-06-20,0.0753,0.075362,0.073946,0.074351
JPYNOK,2012-06-21,0.074078,0.074469,0.073716,0.074314
JPYNOK,2012-06-22,0.07397,0.07437,0.073873,0.074093
JPYNOK,2012-06-25,0.074523,0.07578,0.074523,0.075368
JPYNOK,2012-06-26,0.075365,0.075997,0.075197,0.075685
JPYNOK,2012-06-27,0.075632,0.075927,0.075429,0.075696
JPYNOK,2012-06-28,0.075754,0.076751,0.075705,0.07622
JPYNOK,2012-06-29,0.075545,0.075583,0.074365,0.0744
JPYNOK,2012-07-02,0.075025,0.0754,0.074681,0.075088
JPYNOK,2012-07-03,0.074651,0.075036,0.074529,0.074666
JPYNOK,2012-07-04,0.07482,0.07528,0.074692,0.074922
JPYNOK,2012-07-05,0.075072,0.075756,0.075058,0.075726
JPYNOK,2012-07-06,0.07582,0.077064,0.075618,0.076857
JPYNOK,2012-07-09,0.076769,0.076839,0.076285,0.076358
JPYNOK,2012-07-10,0.076453,0.076988,0.076444,0.076826
JPYNOK,2012-07-11,0.076769,0.077059,0.076436,0.076608
JPYNOK,2012-07-12,0.076893,0.077476,0.076828,0.07689
JPYNOK,2012-07-13,0.076905,0.077268,0.076776,0.077035
JPYNOK,2012-07-16,0.077077,0.077541,0.077068,0.077134
JPYNOK,2012-07-17,0.077036,0.077465,0.07674,0.076805
JPYNOK,2012-07-18,0.077015,0.077525,0.076785,0.077287
JPYNOK,2012-07-19,0.07754,0.077637,0.076949,0.077031
JPYNOK,2012-07-20,0.077083,0.077642,0.076969,0.07737
JPYNOK,2012-07-23,0.078054,0.078219,0.077343,0.077391
JPYNOK,2012-07-24,0.077587,0.078344,0.077579,0.078093
JPYNOK,2012-07-25,0.078225,0.07823,0.077478,0.077668
JPYNOK,2012-07-26,0.077703,0.077847,0.076497,0.076909
JPYNOK,2012-07-27,0.076844,0.077773,0.07652,0.077065
JPYNOK,2012-07-30,0.077253,0.077895,0.077216,0.077274
JPYNOK,2012-07-31,0.0771,0.077368,0.076966,0.077116
JPYNOK,2012-08-01,0.077008,0.077176,0.076717,0.077054
JPYNOK,2012-08-02,0.076694,0.077611,0.076401,0.077259
JPYNOK,2012-08-03,0.077274,0.077342,0.075942,0.076107
JPYNOK,2012-08-06,0.076165,0.076563,0.075958,0.076199
JPYNOK,2012-08-07,0.076034,0.076192,0.075,0.075342
JPYNOK,2012-08-08,0.075595,0.075864,0.074739,0.074927
JPYNOK,2012-08-09,0.074789,0.075666,0.0747,0.075291
JPYNOK,2012-08-10,0.075504,0.075979,0.075213,0.075513
JPYNOK,2012-08-13,0.075582,0.075954,0.075429,0.075763
JPYNOK,2012-08-14,0.075449,0.075521,0.074895,0.075326
JPYNOK,2012-08-15,0.075429,0.075742,0.075054,0.075368
JPYNOK,2012-08-16,0.075152,0.075439,0.074779,0.074937
JPYNOK,2012-08-17,0.074988,0.075092,0.074315,0.07439
JPYNOK,2012-08-20,0.074334,0.074848,0.074295,0.074553
JPYNOK,2012-08-21,0.074518,0.074645,0.073857,0.074189
JPYNOK,2012-08-22,0.074308,0.074837,0.074114,0.07459
JPYNOK,2012-08-23,0.074483,0.07461,0.07416,0.074302
JPYNOK,2012-08-24,0.074219,0.074484,0.073886,0.074073
JPYNOK,2012-08-27,0.074071,0.074199,0.073779,0.074117
JPYNOK,2012-08-28,0.073997,0.074223,0.073724,0.074183
JPYNOK,2012-08-29,0.074276,0.074527,0.073808,0.073999
JPYNOK,2012-08-30,0.073911,0.074253,0.073738,0.073934
JPYNOK,2012-08-31,0.074106,0.074177,0.073549,0.073983
JPYNOK,2012-09-03,0.074021,0.074288,0.073923,0.074198
JPYNOK,2012-09-04,0.073919,0.074024,0.073701,0.073967
JPYNOK,2012-09-05,0.074177,0.074527,0.073933,0.074384
JPYNOK,2012-09-06,0.074303,0.074617,0.073911,0.07405
JPYNOK,2012-09-07,0.074076,0.074107,0.07324,0.073247
JPYNOK,2012-09-10,0.073192,0.073974,0.073148,0.073969
JPYNOK,2012-09-11,0.074093,0.074352,0.073813,0.074081
JPYNOK,2012-09-12,0.073936,0.074189,0.073585,0.073759
JPYNOK,2012-09-13,0.073759,0.074822,0.073667,0.073714
JPYNOK,2012-09-14,0.073348,0.073466,0.072119,0.072488
JPYNOK,2012-09-17,0.072541,0.072858,0.071914,0.072408
JPYNOK,2012-09-18,0.072672,0.072806,0.072462,0.072508
JPYNOK,2012-09-19,0.072,0.072891,0.071984,0.072697
JPYNOK,2012-09-20,0.073381,0.07364,0.073061,0.073178
JPYNOK,2012-09-21,0.073221,0.073502,0.072767,0.073384
JPYNOK,2012-09-24,0.073691,0.074045,0.073555,0.073817
JPYNOK,2012-09-25,0.073974,0.074065,0.073169,0.073567
JPYNOK,2012-09-26,0.073807,0.074247,0.073753,0.073965
JPYNOK,2012-09-27,0.073846,0.074138,0.073428,0.073556
JPYNOK,2012-09-28,0.073551,0.073715,0.073145,0.07339
JPYNOK,2012-10-01,0.073618,0.073709,0.073044,0.073417
JPYNOK,2012-10-02,0.073242,0.073408,0.07267,0.072998
JPYNOK,2012-10-03,0.073104,0.073417,0.073009,0.073368
JPYNOK,2012-10-04,0.07317,0.073186,0.07248,0.072567
JPYNOK,2012-10-05,0.072784,0.072821,0.071852,0.072268
JPYNOK,2012-10-08,0.072471,0.073107,0.072434,0.072906
JPYNOK,2012-10-09,0.072763,0.073439,0.07272,0.073298
JPYNOK,2012-10-10,0.073298,0.073473,0.073036,0.073215
JPYNOK,2012-10-11,0.073443,0.073555,0.072542,0.072822
JPYNOK,2012-10-12,0.072742,0.072978,0.072455,0.072776
JPYNOK,2012-10-15,0.07277,0.072892,0.072358,0.072473
JPYNOK,2012-10-16,0.072156,0.072273,0.071694,0.071707
JPYNOK,2012-10-17,0.071838,0.071852,0.071201,0.071287
JPYNOK,2012-10-18,0.071133,0.071221,0.070742,0.071066
JPYNOK,2012-10-19,0.070965,0.071462,0.070916,0.071364
JPYNOK,2012-10-22,0.071019,0.071174,0.070697,0.070967
JPYNOK,2012-10-23,0.07105,0.071955,0.070973,0.071752
JPYNOK,2012-10-24,0.07163,0.072209,0.071577,0.072053
JPYNOK,2012-10-25,0.07151,0.072102,0.071365,0.071757
JPYNOK,2012-10-26,0.071989,0.072659,0.071986,0.072445
JPYNOK,2012-10-29,0.07234,0.072822,0.072102,0.072273
JPYNOK,2012-10-30,0.072506,0.072639,0.071893,0.071951
JPYNOK,2012-10-31,0.071999,0.07202,0.071093,0.071428
JPYNOK,2012-11-01,0.071214,0.071487,0.070734,0.070832
JPYNOK,2012-11-02,0.070916,0.071404,0.070715,0.071252
JPYNOK,2012-11-05,0.071286,0.071709,0.071278,0.071411
JPYNOK,2012-11-06,0.07153,0.071658,0.07096,0.071084
JPYNOK,2012-11-07,0.071044,0.07199,0.070802,0.071729
JPYNOK,2012-11-08,0.071799,0.072241,0.071673,0.072125
JPYNOK,2012-11-09,0.071781,0.072718,0.071781,0.072258
JPYNOK,2012-11-12,0.072142,0.072398,0.072142,0.072239
JPYNOK,2012-11-13,0.072549,0.072862,0.07234,0.072629
JPYNOK,2012-11-14,0.072205,0.072232,0.071515,0.071713
JPYNOK,2012-11-15,0.071327,0.071417,0.070723,0.070952
JPYNOK,2012-11-16,0.071191,0.071452,0.070969,0.071201
JPYNOK,2012-11-19,0.071084,0.07119,0.070456,0.070457
JPYNOK,2012-11-20,0.07065,0.070861,0.070049,0.070096
JPYNOK,2012-11-21,0.070231,0.070309,0.069225,0.069229
JPYNOK,2012-11-22,0.069184,0.069213,0.068744,0.068926
JPYNOK,2012-11-23,0.069039,0.069326,0.068601,0.068632
JPYNOK,2012-11-26,0.068993,0.069219,0.068712,0.068819
JPYNOK,2012-11-27,0.068618,0.069349,0.068503,0.069327
JPYNOK,2012-11-28,0.069626,0.069724,0.069129,0.069147
JPYNOK,2012-11-29,0.068961,0.069421,0.06872,0.069247
JPYNOK,2012-11-30,0.068848,0.068863,0.068411,0.068697
JPYNOK,2012-12-03,0.068784,0.06887,0.068374,0.068512
JPYNOK,2012-12-04,0.068558,0.068776,0.068394,0.068631
JPYNOK,2012-12-05,0.06817,0.068625,0.068091,0.06822
JPYNOK,2012-12-06,0.068208,0.068695,0.068049,0.068523
JPYNOK,2012-12-07,0.068591,0.069154,0.068547,0.068809
JPYNOK,2012-12-10,0.068956,0.069195,0.068775,0.068838
JPYNOK,2012-12-11,0.068741,0.068866,0.068349,0.068403
JPYNOK,2012-12-12,0.068232,0.068268,0.067343,0.067595
JPYNOK,2012-12-13,0.067162,0.067566,0.067078,0.067207
JPYNOK,2012-12-14,0.066987,0.067574,0.066934,0.06729
JPYNOK,2012-12-17,0.067023,0.067058,0.066664,0.066918
JPYNOK,2012-12-18,0.066763,0.066867,0.066362,0.066458
JPYNOK,2012-12-19,0.066253,0.066412,0.065353,0.065898
JPYNOK,2012-12-20,0.066373,0.066463,0.065677,0.065813
JPYNOK,2012-12-21,0.066273,0.066441,0.065737,0.066204
JPYNOK,2012-12-24,0.066063,0.066145,0.065739,0.066013
JPYNOK,2012-12-26,0.065473,0.065473,0.065185,0.065273
JPYNOK,2012-12-27,0.065002,0.06513,0.064544,0.064715
JPYNOK,2012-12-28,0.064393,0.065159,0.064357,0.064895
JPYNOK,2012-12-31,0.064915,0.065015,0.064059,0.064164
JPYNOK,2013-01-02,0.063355,0.063777,0.063187,0.063494
JPYNOK,2013-01-03,0.063742,0.064196,0.063657,0.063933
JPYNOK,2013-01-04,0.063625,0.063906,0.063332,0.063562
JPYNOK,2013-01-07,0.06393,0.064094,0.063548,0.063628
JPYNOK,2013-01-08,0.063809,0.06441,0.063731,0.064265
JPYNOK,2013-01-09,0.063946,0.064227,0.063505,0.063719
JPYNOK,2013-01-10,0.063455,0.063512,0.062523,0.062572
JPYNOK,2013-01-11,0.062124,0.062468,0.061759,0.061972
JPYNOK,2013-01-14,0.061569,0.061864,0.06145,0.061481
JPYNOK,2013-01-15,0.062145,0.063037,0.06191,0.062629
JPYNOK,2013-01-16,0.063098,0.06368,0.062747,0.063055
JPYNOK,2013-01-17,0.062767,0.062901,0.061608,0.061825
JPYNOK,2013-01-18,0.061775,0.062541,0.061734,0.062171
JPYNOK,2013-01-21,0.062528,0.062734,0.062309,0.062491
JPYNOK,2013-01-22,0.062499,0.063367,0.062439,0.062819
JPYNOK,2013-01-23,0.063321,0.063422,0.062551,0.062624
JPYNOK,2013-01-24,0.062161,0.062397,0.06113,0.061147
JPYNOK,2013-01-25,0.061052,0.061084,0.060448,0.06074
JPYNOK,2013-01-28,0.0609,0.061174,0.060605,0.060914
JPYNOK,2013-01-29,0.061007,0.06128,0.060441,0.06052
JPYNOK,2013-01-30,0.060433,0.060451,0.059959,0.060078
JPYNOK,2013-01-31,0.06027,0.06038,0.059624,0.059706
JPYNOK,2013-02-01,0.059216,0.059448,0.058574,0.058692
JPYNOK,2013-02-04,0.059016,0.059404,0.058652,0.059328
JPYNOK,2013-02-05,0.059498,0.059626,0.058437,0.058529
JPYNOK,2013-02-06,0.058376,0.058943,0.058329,0.058803
JPYNOK,2013-02-07,0.058714,0.059379,0.058334,0.058946
JPYNOK,2013-02-08,0.059098,0.059894,0.059098,0.059687
JPYNOK,2013-02-11,0.059558,0.059746,0.058543,0.058585
JPYNOK,2013-02-12,0.058522,0.059098,0.058176,0.058633
JPYNOK,2013-02-13,0.058994,0.059055,0.058251,0.058587
JPYNOK,2013-02-14,0.058635,0.059715,0.058577,0.059667
JPYNOK,2013-02-15,0.059641,0.060114,0.059117,0.059202
JPYNOK,2013-02-18,0.059015,0.059266,0.058904,0.059097
JPYNOK,2013-02-19,0.059285,0.059527,0.059094,0.059136
JPYNOK,2013-02-20,0.05924,0.05982,0.058945,0.059793
JPYNOK,2013-02-21,0.059927,0.061198,0.059831,0.060933
JPYNOK,2013-02-22,0.060675,0.060914,0.060427,0.060671
JPYNOK,2013-02-25,0.059947,0.062739,0.05962,0.062561
JPYNOK,2013-02-26,0.06206,0.062691,0.06162,0.061977
JPYNOK,2013-02-27,0.062153,0.062535,0.061568,0.061707
JPYNOK,2013-02-28,0.061556,0.062079,0.061481,0.06194
JPYNOK,2013-03-01,0.061876,0.062196,0.0613,0.061475
JPYNOK,2013-03-04,0.061604,0.061651,0.061056,0.061124
JPYNOK,2013-03-05,0.061373,0.061401,0.060982,0.061073
JPYNOK,2013-03-06,0.061069,0.061069,0.060636,0.060701
JPYNOK,2013-03-07,0.060792,0.060905,0.059617,0.059716
JPYNOK,2013-03-08,0.059523,0.060027,0.059092,0.059554
JPYNOK,2013-03-11,0.059556,0.059663,0.059353,0.059392
JPYNOK,2013-03-12,0.059433,0.05988,0.059113,0.059408
JPYNOK,2013-03-13,0.059453,0.059989,0.059428,0.059703
JPYNOK,2013-03-14,0.05984,0.060538,0.059527,0.060247
JPYNOK,2013-03-15,0.060118,0.060729,0.059878,0.060359
JPYNOK,2013-03-18,0.061448,0.061525,0.060468,0.060738
JPYNOK,2013-03-19,0.060609,0.061643,0.06054,0.061305
JPYNOK,2013-03-20,0.061229,0.061289,0.060761,0.060862
JPYNOK,2013-03-21,0.061062,0.061745,0.060846,0.061497
JPYNOK,2013-03-22,0.06161,0.062081,0.061055,0.061393
JPYNOK,2013-03-25,0.060986,0.062508,0.060967,0.062029
JPYNOK,2013-03-26,0.061855,0.062118,0.061599,0.061662
JPYNOK,2013-03-27,0.061523,0.062184,0.06145,0.061894
JPYNOK,2013-03-28,0.06204,0.062578,0.061954,0.062025
JPYNOK,2013-03-29,0.061979,0.062122,0.061937,0.062062
JPYNOK,2013-04-01,0.062346,0.062517,0.062066,0.062329
JPYNOK,2013-04-02,0.062654,0.06272,0.062069,0.06226
JPYNOK,2013-04-03,0.062226,0.062643,0.061958,0.062451
JPYNOK,2013-04-04,0.061496,0.061498,0.059979,0.060036
JPYNOK,2013-04-05,0.060014,0.06026,0.058468,0.058603
JPYNOK,2013-04-08,0.058132,0.05824,0.057742,0.057795
JPYNOK,2013-04-09,0.05784,0.05813,0.057443,0.057667
JPYNOK,2013-04-10,0.05766,0.05792,0.05731,0.057527
JPYNOK,2013-04-11,0.057577,0.057707,0.057002,0.057144
JPYNOK,2013-04-12,0.057295,0.058002,0.057287,0.057865
JPYNOK,2013-04-15,0.058427,0.05946,0.058259,0.059397
JPYNOK,2013-04-16,0.059007,0.059182,0.058329,0.058601
JPYNOK,2013-04-17,0.05825,0.059778,0.058129,0.059086
JPYNOK,2013-04-18,0.059113,0.059528,0.058662,0.059245
JPYNOK,2013-04-19,0.058959,0.058961,0.058255,0.058485
JPYNOK,2013-04-22,0.058181,0.059137,0.058181,0.058865
JPYNOK,2013-04-23,0.059284,0.060005,0.059126,0.059467
JPYNOK,2013-04-24,0.059471,0.059728,0.059151,0.059231
JPYNOK,2013-04-25,0.05926,0.059407,0.058895,0.059119
JPYNOK,2013-04-26,0.059561,0.059923,0.059254,0.059598
JPYNOK,2013-04-29,0.059883,0.059891,0.059237,0.059406
JPYNOK,2013-04-30,0.059401,0.059851,0.059038,0.059109
JPYNOK,2013-05-01,0.059227,0.05937,0.05883,0.059188
JPYNOK,2013-05-02,0.059327,0.059493,0.058368,0.059176
JPYNOK,2013-05-03,0.059187,0.05928,0.058275,0.058582
JPYNOK,2013-05-06,0.058502,0.058776,0.05838,0.058709
JPYNOK,2013-05-07,0.058868,0.059114,0.058597,0.059023
JPYNOK,2013-05-08,0.058975,0.059239,0.057999,0.058087
JPYNOK,2013-05-09,0.0582,0.058227,0.057181,0.057462
JPYNOK,2013-05-10,0.057307,0.057475,0.056932,0.057045
JPYNOK,2013-05-13,0.057076,0.057267,0.056855,0.056952
JPYNOK,2013-05-14,0.057122,0.057375,0.056765,0.057001
JPYNOK,2013-05-15,0.057087,0.057366,0.056948,0.057159
JPYNOK,2013-05-16,0.057152,0.057379,0.05685,0.057015
JPYNOK,2013-05-17,0.05712,0.057324,0.056735,0.056756
JPYNOK,2013-05-20,0.057021,0.057127,0.056839,0.057006
JPYNOK,2013-05-21,0.056865,0.056936,0.056372,0.056478
JPYNOK,2013-05-22,0.056475,0.056703,0.055874,0.056562
JPYNOK,2013-05-23,0.057205,0.057863,0.057075,0.057231
JPYNOK,2013-05-24,0.057265,0.057969,0.056878,0.05768
JPYNOK,2013-05-27,0.057683,0.057862,0.057597,0.057833
JPYNOK,2013-05-28,0.057321,0.057776,0.057105,0.057615
JPYNOK,2013-05-29,0.057632,0.058482,0.057602,0.058282
JPYNOK,2013-05-30,0.05832,0.058534,0.057623,0.057871
JPYNOK,2013-05-31,0.057872,0.058547,0.057762,0.058422
JPYNOK,2013-06-03,0.05841,0.058789,0.057897,0.058343
JPYNOK,2013-06-04,0.058104,0.058167,0.057753,0.058043
JPYNOK,2013-06-05,0.058292,0.058704,0.058125,0.058631
JPYNOK,2013-06-06,0.0586,0.059773,0.058156,0.05919
JPYNOK,2013-06-07,0.059363,0.060444,0.059058,0.059291
JPYNOK,2013-06-10,0.058674,0.05887,0.058141,0.058364
JPYNOK,2013-06-11,0.05862,0.060536,0.058435,0.060206
JPYNOK,2013-06-12,0.059732,0.060311,0.059387,0.059943
JPYNOK,2013-06-13,0.061029,0.061575,0.060344,0.060389
JPYNOK,2013-06-14,0.060542,0.060895,0.060085,0.060583
JPYNOK,2013-06-17,0.060309,0.060642,0.060091,0.060561
JPYNOK,2013-06-18,0.060509,0.060611,0.060015,0.060154
JPYNOK,2013-06-19,0.060282,0.060484,0.059483,0.059808
JPYNOK,2013-06-20,0.059729,0.061768,0.059086,0.061544
JPYNOK,2013-06-21,0.0612,0.06262,0.060843,0.061975
JPYNOK,2013-06-24,0.061617,0.063232,0.061609,0.062833
JPYNOK,2013-06-25,0.062729,0.062825,0.062229,0.062253
JPYNOK,2013-06-26,0.062486,0.062707,0.062091,0.062415
JPYNOK,2013-06-27,0.062247,0.062274,0.061279,0.061527
JPYNOK,2013-06-28,0.06101,0.06148,0.060838,0.061233
JPYNOK,2013-07-01,0.060924,0.061244,0.0607,0.061215
JPYNOK,2013-07-02,0.061204,0.061214,0.060503,0.060785
JPYNOK,2013-07-03,0.060764,0.061719,0.060573,0.061224
JPYNOK,2013-07-04,0.061201,0.061527,0.060901,0.061037
JPYNOK,2013-07-05,0.060904,0.062084,0.060809,0.061744
JPYNOK,2013-07-08,0.061841,0.061925,0.060751,0.060809
JPYNOK,2013-07-09,0.060637,0.061407,0.060494,0.061163
JPYNOK,2013-07-10,0.061404,0.061654,0.060885,0.061138
JPYNOK,2013-07-11,0.060883,0.061812,0.060863,0.061255
JPYNOK,2013-07-12,0.061175,0.061412,0.060638,0.061011
JPYNOK,2013-07-15,0.061001,0.06113,0.060604,0.060764
JPYNOK,2013-07-16,0.060703,0.060906,0.060235,0.060478
JPYNOK,2013-07-17,0.060413,0.060533,0.06001,0.060105
JPYNOK,2013-07-18,0.059928,0.059938,0.059442,0.05948
JPYNOK,2013-07-19,0.059653,0.059805,0.059428,0.05945
JPYNOK,2013-07-22,0.059713,0.059749,0.059342,0.059647
JPYNOK,2013-07-23,0.059674,0.059703,0.058905,0.05904
JPYNOK,2013-07-24,0.05895,0.059229,0.058639,0.059145
JPYNOK,2013-07-25,0.059249,0.059674,0.059099,0.059542
JPYNOK,2013-07-26,0.05976,0.060332,0.059607,0.060143
JPYNOK,2013-07-29,0.060366,0.060744,0.060192,0.060668
JPYNOK,2013-07-30,0.060422,0.060649,0.060356,0.060562
JPYNOK,2013-07-31,0.060588,0.060883,0.059974,0.060151
JPYNOK,2013-08-01,0.060025,0.060232,0.059725,0.059792
JPYNOK,2013-08-02,0.05973,0.060155,0.059596,0.060065
JPYNOK,2013-08-05,0.060191,0.06037,0.059936,0.060244
JPYNOK,2013-08-06,0.06019,0.060647,0.060107,0.060547
JPYNOK,2013-08-07,0.060981,0.061462,0.06084,0.061205
JPYNOK,2013-08-08,0.061344,0.061635,0.06107,0.0611
JPYNOK,2013-08-09,0.061095,0.061303,0.060464,0.060832
JPYNOK,2013-08-12,0.060787,0.060859,0.060566,0.060617
JPYNOK,2013-08-13,0.060206,0.060277,0.05974,0.059972
JPYNOK,2013-08-14,0.059846,0.060138,0.059813,0.060015
JPYNOK,2013-08-15,0.060133,0.060943,0.059932,0.060755
JPYNOK,2013-08-16,0.060622,0.06077,0.060501,0.060565
JPYNOK,2013-08-19,0.060572,0.060735,0.060209,0.060641
JPYNOK,2013-08-20,0.060867,0.061719,0.060753,0.061177
JPYNOK,2013-08-21,0.061045,0.062152,0.06099,0.062084
JPYNOK,2013-08-22,0.06177,0.06207,0.061628,0.061807
JPYNOK,2013-08-23,0.061676,0.061736,0.060925,0.060965
JPYNOK,2013-08-26,0.061052,0.061419,0.061012,0.061352
JPYNOK,2013-08-27,0.061544,0.062012,0.061511,0.061929
JPYNOK,2013-08-28,0.06193,0.062141,0.061599,0.06188
JPYNOK,2013-08-29,0.061881,0.062156,0.061636,0.061978
JPYNOK,2013-08-30,0.062071,0.062508,0.06201,0.062323
JPYNOK,2013-09-02,0.061938,0.061999,0.061008,0.061175
JPYNOK,2013-09-03,0.061084,0.061312,0.060802,0.060976
JPYNOK,2013-09-04,0.060911,0.061242,0.060729,0.060827
JPYNOK,2013-09-05,0.06091,0.061375,0.060799,0.061122
JPYNOK,2013-09-06,0.06131,0.061815,0.061049,0.061343
JPYNOK,2013-09-09,0.060992,0.061239,0.060331,0.060397
JPYNOK,2013-09-10,0.060262,0.060367,0.058908,0.059021
JPYNOK,2013-09-11,0.059,0.059237,0.058968,0.059158
JPYNOK,2013-09-12,0.059512,0.059642,0.059156,0.059161
JPYNOK,2013-09-13,0.059082,0.059844,0.059037,0.059705
JPYNOK,2013-09-16,0.059636,0.059824,0.059529,0.059564
JPYNOK,2013-09-17,0.059567,0.059605,0.059321,0.05955
JPYNOK,2013-09-18,0.059515,0.059917,0.059306,0.059378
JPYNOK,2013-09-19,0.059181,0.059193,0.05816,0.058672
JPYNOK,2013-09-20,0.058704,0.059759,0.058556,0.059712
JPYNOK,2013-09-23,0.059656,0.060003,0.05954,0.059979
JPYNOK,2013-09-24,0.059957,0.060788,0.059565,0.060487
JPYNOK,2013-09-25,0.060483,0.061401,0.060409,0.060992
JPYNOK,2013-09-26,0.060998,0.061058,0.060306,0.060386
JPYNOK,2013-09-27,0.060395,0.061114,0.060327,0.06097
JPYNOK,2013-09-30,0.06144,0.061711,0.061052,0.06116
JPYNOK,2013-10-01,0.061159,0.06157,0.060718,0.061168
JPYNOK,2013-10-02,0.061167,0.061952,0.061118,0.061721
JPYNOK,2013-10-03,0.061707,0.061759,0.060999,0.061203
JPYNOK,2013-10-04,0.061214,0.061558,0.061067,0.061187
JPYNOK,2013-10-07,0.061281,0.061861,0.061266,0.061725
JPYNOK,2013-10-08,0.061725,0.061789,0.061197,0.06168
JPYNOK,2013-10-09,0.06168,0.061847,0.061299,0.061592
JPYNOK,2013-10-10,0.061594,0.062154,0.061393,0.061429
JPYNOK,2013-10-11,0.061423,0.061637,0.060869,0.060869
JPYNOK,2013-10-14,0.061061,0.061153,0.060507,0.060567
JPYNOK,2013-10-15,0.060568,0.061407,0.060542,0.061304
JPYNOK,2013-10-16,0.061304,0.061325,0.060635,0.060666
JPYNOK,2013-10-17,0.060665,0.060892,0.060434,0.060559
JPYNOK,2013-10-18,0.060563,0.060594,0.060286,0.060309
JPYNOK,2013-10-21,0.060256,0.060429,0.060144,0.060235
JPYNOK,2013-10-22,0.060235,0.060527,0.059931,0.060047
JPYNOK,2013-10-23,0.060031,0.060877,0.059992,0.060803
JPYNOK,2013-10-24,0.060807,0.060915,0.060379,0.060567
JPYNOK,2013-10-25,0.060565,0.060806,0.060402,0.060453
JPYNOK,2013-10-28,0.060375,0.06044,0.060085,0.060332
JPYNOK,2013-10-29,0.060354,0.060633,0.059959,0.060048
JPYNOK,2013-10-30,0.060048,0.06021,0.059684,0.05991
JPYNOK,2013-10-31,0.05991,0.060632,0.059841,0.060407
JPYNOK,2013-11-01,0.060407,0.060898,0.060306,0.060488
JPYNOK,2013-11-04,0.06045,0.060534,0.060148,0.060238
JPYNOK,2013-11-05,0.06025,0.060904,0.060233,0.060734
JPYNOK,2013-11-06,0.060733,0.060833,0.060241,0.060352
JPYNOK,2013-11-07,0.060354,0.061956,0.060299,0.061579
JPYNOK,2013-11-08,0.06158,0.062445,0.061537,0.061884
JPYNOK,2013-11-11,0.062217,0.062249,0.061653,0.061955
JPYNOK,2013-11-12,0.061966,0.062388,0.061761,0.062146
JPYNOK,2013-11-13,0.062134,0.062616,0.062066,0.062094
JPYNOK,2013-11-14,0.062093,0.06217,0.061451,0.06147
JPYNOK,2013-11-15,0.061471,0.06156,0.060898,0.060944
JPYNOK,2013-11-18,0.060904,0.061363,0.060863,0.061325
JPYNOK,2013-11-19,0.061318,0.061487,0.060669,0.060804
JPYNOK,2013-11-20,0.060798,0.061361,0.060664,0.061168
JPYNOK,2013-11-21,0.061165,0.061188,0.060136,0.06022
JPYNOK,2013-11-22,0.060228,0.06043,0.059792,0.059816
JPYNOK,2013-11-25,0.059888,0.060373,0.059591,0.060118
JPYNOK,2013-11-26,0.060118,0.060449,0.059932,0.06019
JPYNOK,2013-11-27,0.060176,0.060199,0.059493,0.05973
JPYNOK,2013-11-28,0.059723,0.05993,0.059454,0.059491
JPYNOK,2013-11-29,0.059491,0.060021,0.059295,0.059854
JPYNOK,2013-12-02,0.0598,0.059904,0.059324,0.059462
JPYNOK,2013-12-03,0.059466,0.059751,0.059218,0.059529
JPYNOK,2013-12-04,0.059529,0.060419,0.059405,0.060096
JPYNOK,2013-12-05,0.060092,0.060787,0.059907,0.060398
JPYNOK,2013-12-06,0.060398,0.06052,0.059715,0.059797
JPYNOK,2013-12-09,0.05956,0.059747,0.059366,0.059369
JPYNOK,2013-12-10,0.059367,0.059568,0.059256,0.059414
JPYNOK,2013-12-11,0.059413,0.060016,0.059326,0.059989
JPYNOK,2013-12-12,0.059989,0.060288,0.059612,0.059837
JPYNOK,2013-12-13,0.059834,0.060218,0.059659,0.059875
JPYNOK,2013-12-16,0.059995,0.060249,0.059401,0.059603
JPYNOK,2013-12-17,0.059611,0.059846,0.059469,0.059519
JPYNOK,2013-12-18,0.05951,0.059535,0.058784,0.058933
JPYNOK,2013-12-19,0.058933,0.059226,0.058639,0.058993
JPYNOK,2013-12-20,0.058991,0.059246,0.058846,0.059182
JPYNOK,2013-12-23,0.0592,0.059407,0.058872,0.058977
JPYNOK,2013-12-24,0.058977,0.059253,0.058873,0.058933
JPYNOK,2013-12-26,0.058787,0.058808,0.058562,0.058649
JPYNOK,2013-12-27,0.058639,0.058642,0.057999,0.058444
JPYNOK,2013-12-30,0.058264,0.058445,0.057692,0.05787
JPYNOK,2013-12-31,0.057856,0.058018,0.05757,0.057574
JPYNOK,2014-01-02,0.057559,0.059007,0.057509,0.058882
JPYNOK,2014-01-03,0.058878,0.059246,0.05855,0.05873
JPYNOK,2014-01-06,0.058631,0.059406,0.058605,0.059157
JPYNOK,2014-01-07,0.059141,0.059278,0.058829,0.058931
JPYNOK,2014-01-08,0.058923,0.059317,0.05865,0.059132
JPYNOK,2014-01-09,0.05915,0.059235,0.058793,0.058933
JPYNOK,2014-01-10,0.058929,0.05924,0.058625,0.059091
JPYNOK,2014-01-13,0.059009,0.059546,0.058997,0.059341
JPYNOK,2014-01-14,0.059333,0.05938,0.058311,0.058341
JPYNOK,2014-01-15,0.058346,0.058769,0.058325,0.058642
JPYNOK,2014-01-16,0.058641,0.059417,0.058398,0.059233
JPYNOK,2014-01-17,0.059229,0.059368,0.058973,0.059139
JPYNOK,2014-01-20,0.059088,0.059502,0.059064,0.059299
JPYNOK,2014-01-21,0.059298,0.059358,0.058989,0.059133
JPYNOK,2014-01-22,0.059132,0.059335,0.058896,0.058952
JPYNOK,2014-01-23,0.058959,0.059137,0.058541,0.058879
JPYNOK,2014-01-24,0.058862,0.060265,0.058787,0.060025
JPYNOK,2014-01-27,0.060061,0.060391,0.05977,0.059898
JPYNOK,2014-01-28,0.059897,0.06003,0.059265,0.059289
JPYNOK,2014-01-29,0.059291,0.060685,0.0592,0.060336
JPYNOK,2014-01-30,0.060342,0.061122,0.060146,0.060725
JPYNOK,2014-01-31,0.060724,0.061704,0.060656,0.061432
JPYNOK,2014-02-03,0.061424,0.062328,0.061253,0.062159
JPYNOK,2014-02-04,0.062147,0.06243,0.061763,0.061818
JPYNOK,2014-02-05,0.061818,0.062199,0.061347,0.061376
JPYNOK,2014-02-06,0.061377,0.061611,0.060726,0.06094
JPYNOK,2014-02-07,0.060937,0.061113,0.060293,0.06038
JPYNOK,2014-02-10,0.060196,0.060575,0.059887,0.059931
JPYNOK,2014-02-11,0.059934,0.060091,0.059564,0.059678
JPYNOK,2014-02-12,0.059677,0.060092,0.059523,0.059616
JPYNOK,2014-02-13,0.059617,0.059986,0.05958,0.059697
JPYNOK,2014-02-14,0.059679,0.060057,0.059597,0.059652
JPYNOK,2014-02-17,0.059709,0.059888,0.059562,0.059623
JPYNOK,2014-02-18,0.059611,0.059689,0.058945,0.05895
JPYNOK,2014-02-19,0.058941,0.059451,0.058919,0.0593
JPYNOK,2014-02-20,0.059298,0.059983,0.059267,0.059546
JPYNOK,2014-02-21,0.059545,0.059733,0.059087,0.059207
JPYNOK,2014-02-24,0.059169,0.059427,0.058765,0.058879
JPYNOK,2014-02-25,0.058888,0.059205,0.058727,0.059061
JPYNOK,2014-02-26,0.059063,0.059431,0.058959,0.059124
JPYNOK,2014-02-27,0.059124,0.059591,0.059026,0.059097
JPYNOK,2014-02-28,0.059097,0.059519,0.058563,0.058963
JPYNOK,2014-03-03,0.059189,0.059781,0.059138,0.059596
JPYNOK,2014-03-04,0.059596,0.059645,0.058732,0.058774
JPYNOK,2014-03-05,0.058764,0.058925,0.058447,0.058542
JPYNOK,2014-03-06,0.05854,0.058601,0.057824,0.058011
JPYNOK,2014-03-07,0.058011,0.058114,0.057605,0.057966
JPYNOK,2014-03-10,0.058009,0.058149,0.057613,0.057642
JPYNOK,2014-03-11,0.057644,0.057899,0.057534,0.057881
JPYNOK,2014-03-12,0.057879,0.058289,0.05775,0.057897
JPYNOK,2014-03-13,0.057897,0.058878,0.057598,0.058532
JPYNOK,2014-03-14,0.058533,0.059185,0.058528,0.058911
JPYNOK,2014-03-17,0.058894,0.058969,0.058219,0.058438
JPYNOK,2014-03-18,0.058438,0.058976,0.058379,0.058713
JPYNOK,2014-03-19,0.058713,0.059008,0.058544,0.05895
JPYNOK,2014-03-20,0.058954,0.059468,0.058886,0.059229
JPYNOK,2014-03-21,0.059226,0.059575,0.059109,0.059164
JPYNOK,2014-03-24,0.059208,0.059315,0.058728,0.058896
JPYNOK,2014-03-25,0.058896,0.059184,0.058793,0.058895
JPYNOK,2014-03-26,0.058896,0.059331,0.058877,0.059264
JPYNOK,2014-03-27,0.059263,0.059469,0.058584,0.058712
JPYNOK,2014-03-28,0.058712,0.058974,0.058254,0.058399
JPYNOK,2014-03-31,0.05832,0.05846,0.057891,0.057979
JPYNOK,2014-04-01,0.057986,0.058062,0.057644,0.05767
JPYNOK,2014-04-02,0.057681,0.057741,0.057381,0.05751
JPYNOK,2014-04-03,0.05751,0.057856,0.05739,0.05776
JPYNOK,2014-04-04,0.05776,0.058151,0.057567,0.058136
JPYNOK,2014-04-07,0.057977,0.058291,0.05794,0.058121
JPYNOK,2014-04-08,0.058115,0.058838,0.058064,0.05866
JPYNOK,2014-04-09,0.058658,0.058689,0.058152,0.058166
JPYNOK,2014-04-10,0.058171,0.058556,0.058079,0.05841
JPYNOK,2014-04-11,0.058419,0.05875,0.058104,0.058468
JPYNOK,2014-04-14,0.058462,0.058721,0.058446,0.058518
JPYNOK,2014-04-15,0.058511,0.058715,0.058384,0.058432
JPYNOK,2014-04-16,0.058428,0.058466,0.058084,0.058411
JPYNOK,2014-04-17,0.058414,0.058612,0.05838,0.058458
JPYNOK,2014-04-21,0.058408,0.058565,0.058202,0.058416
JPYNOK,2014-04-22,0.058415,0.058477,0.058196,0.058353
JPYNOK,2014-04-23,0.05835,0.058697,0.058196,0.058446
JPYNOK,2014-04-24,0.058446,0.058778,0.058371,0.058606
JPYNOK,2014-04-25,0.058634,0.058964,0.05848,0.058937
JPYNOK,2014-04-28,0.058808,0.058969,0.058466,0.058572
JPYNOK,2014-04-29,0.058564,0.058631,0.058201,0.05852
JPYNOK,2014-04-30,0.058522,0.058771,0.058128,0.058135
JPYNOK,2014-05-02,0.05808,0.058172,0.057842,0.058042
JPYNOK,2014-05-05,0.058049,0.058485,0.058016,0.05829
JPYNOK,2014-05-06,0.058291,0.058376,0.058002,0.058221
JPYNOK,2014-05-07,0.058216,0.058485,0.057906,0.057964
JPYNOK,2014-05-08,0.057983,0.058094,0.057481,0.057999
JPYNOK,2014-05-09,0.058027,0.058185,0.057706,0.058059
JPYNOK,2014-05-12,0.05803,0.058073,0.057887,0.057936
JPYNOK,2014-05-13,0.057936,0.058025,0.05775,0.0579
JPYNOK,2014-05-14,0.057888,0.058274,0.057863,0.058155
JPYNOK,2014-05-15,0.058154,0.058676,0.058058,0.058548
JPYNOK,2014-05-16,0.058523,0.058697,0.058399,0.058411
JPYNOK,2014-05-19,0.058466,0.058742,0.058359,0.058435
JPYNOK,2014-05-20,0.058432,0.058838,0.058388,0.058723
JPYNOK,2014-05-21,0.058723,0.05911,0.058589,0.058607
JPYNOK,2014-05-22,0.058607,0.058671,0.058377,0.058412
JPYNOK,2014-05-23,0.058424,0.058617,0.058384,0.058431
JPYNOK,2014-05-26,0.058469,0.058567,0.058382,0.05842
JPYNOK,2014-05-27,0.058424,0.058585,0.058315,0.058336
JPYNOK,2014-05-28,0.058336,0.058715,0.058309,0.058618
JPYNOK,2014-05-29,0.058605,0.058813,0.058509,0.058635
JPYNOK,2014-05-30,0.058626,0.058904,0.058609,0.058718
JPYNOK,2014-06-02,0.058664,0.058814,0.0585,0.058556
JPYNOK,2014-06-03,0.058548,0.058692,0.058454,0.058486
JPYNOK,2014-06-04,0.05848,0.058553,0.05836,0.058395
JPYNOK,2014-06-05,0.058395,0.05868,0.058316,0.058381
JPYNOK,2014-06-06,0.05838,0.058535,0.057959,0.057986
JPYNOK,2014-06-09,0.057991,0.05827,0.057903,0.058217
JPYNOK,2014-06-10,0.058211,0.058454,0.05813,0.058401
JPYNOK,2014-06-11,0.058407,0.058897,0.058391,0.058851
JPYNOK,2014-06-12,0.058863,0.058946,0.058655,0.058894
JPYNOK,2014-06-13,0.058894,0.058944,0.05862,0.058741
JPYNOK,2014-06-16,0.05873,0.058948,0.058729,0.058822
JPYNOK,2014-06-17,0.058825,0.058834,0.058662,0.058692
JPYNOK,2014-06-18,0.05869,0.059066,0.058684,0.05896
JPYNOK,2014-06-19,0.05896,0.060219,0.058894,0.060029
JPYNOK,2014-06-20,0.060028,0.060445,0.059935,0.059947
JPYNOK,2014-06-23,0.060042,0.060246,0.059908,0.059936
JPYNOK,2014-06-24,0.059937,0.060014,0.059768,0.059951
JPYNOK,2014-06-25,0.05995,0.060445,0.059915,0.060191
JPYNOK,2014-06-26,0.060191,0.060632,0.060146,0.06031
JPYNOK,2014-06-27,0.060291,0.060683,0.060284,0.060377
JPYNOK,2014-06-30,0.060403,0.060835,0.060387,0.060509
JPYNOK,2014-07-01,0.060532,0.060803,0.060402,0.060694
JPYNOK,2014-07-02,0.060691,0.060852,0.060616,0.060645
JPYNOK,2014-07-03,0.060645,0.061465,0.060493,0.060556
JPYNOK,2014-07-04,0.060556,0.060963,0.060543,0.060654
JPYNOK,2014-07-07,0.060576,0.060795,0.060398,0.060445
JPYNOK,2014-07-08,0.060445,0.060982,0.060442,0.060981
JPYNOK,2014-07-09,0.060982,0.060989,0.060449,0.060504
JPYNOK,2014-07-10,0.060498,0.060991,0.060489,0.060895
JPYNOK,2014-07-11,0.060895,0.06101,0.060705,0.060977
JPYNOK,2014-07-14,0.060921,0.060986,0.060685,0.060857
JPYNOK,2014-07-15,0.060853,0.061205,0.060782,0.061061
JPYNOK,2014-07-16,0.061061,0.061244,0.060863,0.060948
JPYNOK,2014-07-17,0.060948,0.061379,0.060932,0.061341
JPYNOK,2014-07-18,0.061349,0.061451,0.060824,0.061095
JPYNOK,2014-07-21,0.061088,0.061405,0.060963,0.061101
JPYNOK,2014-07-22,0.061082,0.061114,0.060902,0.061001
JPYNOK,2014-07-23,0.061001,0.0611,0.060887,0.061033
JPYNOK,2014-07-24,0.061032,0.061301,0.060878,0.060913
JPYNOK,2014-07-25,0.060909,0.061158,0.060756,0.061065
JPYNOK,2014-07-28,0.061103,0.061181,0.060956,0.061128
JPYNOK,2014-07-29,0.061132,0.061242,0.060998,0.06119
JPYNOK,2014-07-30,0.061178,0.061302,0.060762,0.060818
JPYNOK,2014-07-31,0.060817,0.061248,0.060776,0.061112
JPYNOK,2014-08-01,0.061112,0.061282,0.061033,0.06108
JPYNOK,2014-08-04,0.061093,0.061303,0.060958,0.06108
JPYNOK,2014-08-05,0.061078,0.06128,0.060952,0.06116
JPYNOK,2014-08-06,0.06116,0.06161,0.061149,0.061337
JPYNOK,2014-08-07,0.061341,0.061466,0.06101,0.061144
JPYNOK,2014-08-08,0.061142,0.0616,0.060974,0.06104
JPYNOK,2014-08-11,0.060988,0.061223,0.060444,0.060473
JPYNOK,2014-08-12,0.060473,0.060547,0.060336,0.060449
JPYNOK,2014-08-13,0.060441,0.060466,0.060041,0.06012
JPYNOK,2014-08-14,0.06012,0.060129,0.05994,0.060052
JPYNOK,2014-08-15,0.060051,0.06019,0.059722,0.059962
JPYNOK,2014-08-18,0.05997,0.060071,0.059909,0.060014
JPYNOK,2014-08-19,0.060014,0.060131,0.059742,0.059893
JPYNOK,2014-08-20,0.059893,0.059906,0.059591,0.05972
JPYNOK,2014-08-21,0.059715,0.059716,0.059163,0.059182
JPYNOK,2014-08-22,0.059183,0.05935,0.059096,0.059305
JPYNOK,2014-08-25,0.059293,0.059527,0.05923,0.059348
JPYNOK,2014-08-26,0.059349,0.059457,0.059241,0.059361
JPYNOK,2014-08-27,0.05936,0.059574,0.059324,0.059486
JPYNOK,2014-08-28,0.059486,0.059769,0.059429,0.05955
JPYNOK,2014-08-29,0.05955,0.059665,0.059382,0.059569
JPYNOK,2014-09-01,0.059468,0.059611,0.059247,0.059345
JPYNOK,2014-09-02,0.059346,0.059353,0.058835,0.058867
JPYNOK,2014-09-03,0.058867,0.059409,0.05878,0.059304
JPYNOK,2014-09-04,0.059321,0.059609,0.059089,0.059492
JPYNOK,2014-09-05,0.059496,0.059967,0.059328,0.059778
JPYNOK,2014-09-08,0.059738,0.06003,0.059651,0.059722
JPYNOK,2014-09-09,0.059722,0.059853,0.059544,0.059715
JPYNOK,2014-09-10,0.059713,0.05978,0.059336,0.059357
JPYNOK,2014-09-11,0.059358,0.059684,0.059217,0.059556
JPYNOK,2014-09-12,0.059556,0.059606,0.059205,0.059341
JPYNOK,2014-09-15,0.059316,0.05981,0.059242,0.059646
JPYNOK,2014-09-16,0.059646,0.059874,0.059614,0.059732
JPYNOK,2014-09-17,0.059732,0.059801,0.059365,0.059444
JPYNOK,2014-09-18,0.059433,0.059457,0.058135,0.058164
JPYNOK,2014-09-19,0.058165,0.058377,0.057786,0.058266
JPYNOK,2014-09-22,0.058362,0.058387,0.058143,0.058334
JPYNOK,2014-09-23,0.058306,0.058562,0.058182,0.058341
JPYNOK,2014-09-24,0.058336,0.058827,0.058302,0.05861
JPYNOK,2014-09-25,0.058639,0.058919,0.058476,0.058825
JPYNOK,2014-09-26,0.058825,0.05908,0.058656,0.059066
JPYNOK,2014-09-29,0.059052,0.059078,0.058824,0.058869
JPYNOK,2014-09-30,0.058869,0.058942,0.058478,0.058643
JPYNOK,2014-10-01,0.058641,0.05924,0.058478,0.059173
JPYNOK,2014-10-02,0.059173,0.059706,0.059063,0.059441
JPYNOK,2014-10-03,0.059439,0.059583,0.0592,0.059468
JPYNOK,2014-10-06,0.059453,0.059796,0.059379,0.059524
JPYNOK,2014-10-07,0.059524,0.059878,0.059443,0.059735
JPYNOK,2014-10-08,0.05972,0.059986,0.059441,0.059558
JPYNOK,2014-10-09,0.059549,0.060068,0.059407,0.060054
JPYNOK,2014-10-10,0.060051,0.060661,0.059928,0.060525
JPYNOK,2014-10-13,0.060582,0.060767,0.060302,0.060508
JPYNOK,2014-10-14,0.06051,0.061606,0.060377,0.061351
JPYNOK,2014-10-15,0.061357,0.062199,0.061125,0.061727
JPYNOK,2014-10-16,0.061732,0.063246,0.061485,0.061615
JPYNOK,2014-10-17,0.0616,0.061859,0.061169,0.061192
JPYNOK,2014-10-20,0.061115,0.061638,0.060904,0.061321
JPYNOK,2014-10-21,0.061321,0.061615,0.061299,0.061352
JPYNOK,2014-10-22,0.061342,0.061916,0.061326,0.061693
JPYNOK,2014-10-23,0.06169,0.061975,0.060676,0.060719
JPYNOK,2014-10-24,0.060719,0.061121,0.060698,0.061032
JPYNOK,2014-10-27,0.060885,0.061436,0.060832,0.061143
JPYNOK,2014-10-28,0.061143,0.061492,0.060884,0.061117
JPYNOK,2014-10-29,0.061118,0.061739,0.061083,0.061558
JPYNOK,2014-10-30,0.061558,0.061784,0.061218,0.061316
JPYNOK,2014-10-31,0.061316,0.061386,0.059979,0.060106
JPYNOK,2014-11-03,0.05983,0.060346,0.059418,0.059763
JPYNOK,2014-11-04,0.059769,0.060689,0.059736,0.060438
JPYNOK,2014-11-05,0.060427,0.060593,0.059499,0.059558
JPYNOK,2014-11-06,0.059561,0.05999,0.059219,0.059557
JPYNOK,2014-11-07,0.059564,0.059807,0.059363,0.05942
JPYNOK,2014-11-10,0.059434,0.059672,0.059013,0.059313
JPYNOK,2014-11-11,0.059316,0.059378,0.058591,0.058671
JPYNOK,2014-11-12,0.058671,0.059075,0.058571,0.05893
JPYNOK,2014-11-13,0.058913,0.058947,0.05845,0.058661
JPYNOK,2014-11-14,0.058635,0.058728,0.05793,0.058049
JPYNOK,2014-11-17,0.05795,0.058366,0.057644,0.058174
JPYNOK,2014-11-18,0.058176,0.058183,0.057479,0.057587
JPYNOK,2014-11-19,0.057588,0.057783,0.057361,0.057478
JPYNOK,2014-11-20,0.057478,0.057677,0.057094,0.057216
JPYNOK,2014-11-21,0.057216,0.057799,0.057186,0.057722
JPYNOK,2014-11-24,0.057666,0.057762,0.057138,0.057426
JPYNOK,2014-11-25,0.057443,0.057828,0.057325,0.057656
JPYNOK,2014-11-26,0.057649,0.058086,0.057647,0.058059
JPYNOK,2014-11-27,0.058048,0.058908,0.058024,0.058768
JPYNOK,2014-11-28,0.05876,0.059357,0.058633,0.059241
JPYNOK,2014-12-01,0.059009,0.059383,0.058487,0.058654
JPYNOK,2014-12-02,0.058646,0.058984,0.058503,0.05893
JPYNOK,2014-12-03,0.058932,0.058978,0.058641,0.05868
JPYNOK,2014-12-04,0.05868,0.059181,0.058352,0.058906
JPYNOK,2014-12-05,0.058903,0.059483,0.058611,0.058683
JPYNOK,2014-12-08,0.05863,0.059405,0.058563,0.059384
JPYNOK,2014-12-09,0.059381,0.059901,0.059245,0.059542
JPYNOK,2014-12-10,0.059541,0.060869,0.059389,0.060709
JPYNOK,2014-12-11,0.060714,0.061633,0.060259,0.061404
JPYNOK,2014-12-12,0.061403,0.062381,0.061281,0.062086
JPYNOK,2014-12-15,0.062149,0.063532,0.061856,0.063232
JPYNOK,2014-12-16,0.063227,0.068061,0.063121,0.063879
JPYNOK,2014-12-17,0.06388,0.064846,0.062015,0.062307
JPYNOK,2014-12-18,0.062306,0.062883,0.061689,0.062044
JPYNOK,2014-12-19,0.062031,0.062277,0.061296,0.061457
JPYNOK,2014-12-22,0.061712,0.0622,0.061247,0.061852
JPYNOK,2014-12-23,0.061843,0.061857,0.061233,0.06158
JPYNOK,2014-12-24,0.061572,0.062467,0.06145,0.061844
JPYNOK,2014-12-26,0.061827,0.06224,0.061657,0.062046
JPYNOK,2014-12-29,0.062062,0.062585,0.06129,0.061786
JPYNOK,2014-12-30,0.061785,0.062666,0.061708,0.062212
JPYNOK,2014-12-31,0.062186,0.062541,0.0618,0.062215
JPYNOK,2015-01-02,0.062167,0.06307,0.062001,0.062951
JPYNOK,2015-01-05,0.063197,0.064039,0.063101,0.064013
JPYNOK,2015-01-06,0.064014,0.065515,0.063783,0.065306
JPYNOK,2015-01-07,0.065303,0.065998,0.064386,0.064547
JPYNOK,2015-01-08,0.064546,0.064584,0.063465,0.063635
JPYNOK,2015-01-09,0.063635,0.064793,0.063571,0.064646
JPYNOK,2015-01-12,0.064652,0.06556,0.064493,0.065377
JPYNOK,2015-01-13,0.065387,0.06603,0.064922,0.065681
JPYNOK,2015-01-14,0.065681,0.066551,0.064858,0.064928
JPYNOK,2015-01-15,0.064917,0.066318,0.064672,0.065404
JPYNOK,2015-01-16,0.065401,0.06658,0.064107,0.064166
JPYNOK,2015-01-19,0.064301,0.065346,0.064124,0.064774
JPYNOK,2015-01-20,0.064774,0.064965,0.063813,0.064633
JPYNOK,2015-01-21,0.064632,0.065309,0.064147,0.064224
JPYNOK,2015-01-22,0.064225,0.065097,0.064009,0.064508
JPYNOK,2015-01-23,0.064509,0.066159,0.064233,0.065855
JPYNOK,2015-01-26,0.066276,0.066697,0.065345,0.065808
JPYNOK,2015-01-27,0.065809,0.066338,0.065367,0.065612
JPYNOK,2015-01-28,0.065611,0.066842,0.065349,0.066579
JPYNOK,2015-01-29,0.066574,0.066713,0.065746,0.066065
JPYNOK,2015-01-30,0.066041,0.066424,0.065557,0.065713
JPYNOK,2015-02-02,0.065798,0.065861,0.064787,0.064977
JPYNOK,2015-02-03,0.064978,0.065431,0.063765,0.06398
JPYNOK,2015-02-04,0.063981,0.065014,0.063676,0.064886
JPYNOK,2015-02-05,0.064886,0.065081,0.063751,0.063954
JPYNOK,2015-02-06,0.063939,0.06424,0.063377,0.064074
JPYNOK,2015-02-09,0.063939,0.064445,0.063788,0.064038
JPYNOK,2015-02-10,0.064074,0.064094,0.063198,0.063403
JPYNOK,2015-02-11,0.063403,0.063807,0.062966,0.063571
JPYNOK,2015-02-12,0.063575,0.064687,0.063247,0.064094
JPYNOK,2015-02-13,0.064094,0.064438,0.063568,0.063716
JPYNOK,2015-02-16,0.063816,0.064017,0.063489,0.063847
JPYNOK,2015-02-17,0.063852,0.064103,0.062872,0.063008
JPYNOK,2015-02-18,0.063011,0.063415,0.062784,0.063312
JPYNOK,2015-02-19,0.063312,0.063872,0.063193,0.063693
JPYNOK,2015-02-20,0.063698,0.064194,0.063028,0.063108
JPYNOK,2015-02-23,0.063243,0.064201,0.063182,0.064025
JPYNOK,2015-02-24,0.064019,0.06405,0.063499,0.063696
JPYNOK,2015-02-25,0.063694,0.063956,0.063357,0.063371
JPYNOK,2015-02-26,0.063372,0.064145,0.063205,0.064111
JPYNOK,2015-02-27,0.064119,0.064244,0.063694,0.064002
JPYNOK,2015-03-02,0.063938,0.064166,0.063836,0.064008
JPYNOK,2015-03-03,0.064008,0.064454,0.063933,0.064346
JPYNOK,2015-03-04,0.064343,0.0653,0.064232,0.064914
JPYNOK,2015-03-05,0.064912,0.065166,0.064016,0.064196
JPYNOK,2015-03-06,0.064201,0.065451,0.064178,0.06527
JPYNOK,2015-03-09,0.065376,0.065476,0.065051,0.065376
JPYNOK,2015-03-10,0.065376,0.066964,0.065185,0.066853
JPYNOK,2015-03-11,0.066852,0.067755,0.066599,0.067437
JPYNOK,2015-03-12,0.067437,0.067744,0.066602,0.066734
JPYNOK,2015-03-13,0.066725,0.067846,0.06668,0.067537
JPYNOK,2015-03-16,0.067487,0.068141,0.067377,0.068041
JPYNOK,2015-03-17,0.068041,0.068545,0.067961,0.068449
JPYNOK,2015-03-18,0.068446,0.069407,0.067153,0.068132
JPYNOK,2015-03-19,0.068135,0.069423,0.066521,0.066913
JPYNOK,2015-03-20,0.066914,0.067057,0.066416,0.066837
JPYNOK,2015-03-23,0.066667,0.067202,0.06563,0.065854
JPYNOK,2015-03-24,0.065854,0.066102,0.065327,0.065639
JPYNOK,2015-03-25,0.065638,0.065755,0.065339,0.065629
JPYNOK,2015-03-26,0.065634,0.06643,0.06521,0.066334
JPYNOK,2015-03-27,0.066334,0.067182,0.066221,0.066857
JPYNOK,2015-03-30,0.066795,0.06717,0.06625,0.066717
JPYNOK,2015-03-31,0.066724,0.067768,0.0665519,0.067056
JPYNOK,2015-04-01,0.067056,0.067594,0.066796,0.067001
JPYNOK,2015-04-02,0.066999,0.067146,0.066338,0.066703
JPYNOK,2015-04-03,0.066705,0.06718,0.066437,0.06672
JPYNOK,2015-04-06,0.066565,0.066997,0.066284,0.06645
JPYNOK,2015-04-07,0.066446,0.067285,0.066175,0.067187
JPYNOK,2015-04-08,0.067187,0.067211,0.066575,0.067
JPYNOK,2015-04-09,0.067,0.067401,0.066928,0.067153
JPYNOK,2015-04-10,0.067152,0.067718,0.066991,0.067397
JPYNOK,2015-04-13,0.067451,0.06753,0.067015,0.067282
JPYNOK,2015-04-14,0.067289,0.067806,0.066344,0.066529
JPYNOK,2015-04-15,0.066531,0.066658,0.065541,0.065608
JPYNOK,2015-04-16,0.065609,0.065986,0.06485,0.065068
JPYNOK,2015-04-17,0.065065,0.065974,0.064878,0.065717
JPYNOK,2015-04-20,0.065848,0.066188,0.065474,0.066046
JPYNOK,2015-04-21,0.066046,0.066256,0.065446,0.065808
JPYNOK,2015-04-22,0.065811,0.066081,0.065287,0.065908
JPYNOK,2015-04-23,0.065908,0.066287,0.065225,0.065443
JPYNOK,2015-04-24,0.065443,0.065697,0.065084,0.065419
JPYNOK,2015-04-27,0.065412,0.065563,0.064533,0.064863
JPYNOK,2015-04-28,0.06486,0.065074,0.064177,0.064317
JPYNOK,2015-04-29,0.064317,0.064392,0.062774,0.063209
JPYNOK,2015-04-30,0.063209,0.06371,0.062617,0.063062
JPYNOK,2015-05-01,0.063064,0.06342,0.062576,0.063133
JPYNOK,2015-05-04,0.063201,0.063422,0.06287,0.063114
JPYNOK,2015-05-05,0.063113,0.063754,0.062741,0.063193
JPYNOK,2015-05-06,0.063188,0.063228,0.061764,0.062164
JPYNOK,2015-05-07,0.062164,0.062682,0.061272,0.062245
JPYNOK,2015-05-08,0.062251,0.062592,0.061872,0.062472
JPYNOK,2015-05-11,0.062408,0.063177,0.062334,0.062942
JPYNOK,2015-05-12,0.06294,0.063039,0.062079,0.062448
JPYNOK,2015-05-13,0.062439,0.062474,0.061601,0.061928
JPYNOK,2015-05-14,0.061928,0.06204,0.061576,0.061823
JPYNOK,2015-05-15,0.061821,0.06186,0.06106,0.061274
JPYNOK,2015-05-18,0.061196,0.061816,0.061083,0.061697
JPYNOK,2015-05-19,0.061701,0.062564,0.061666,0.062441
JPYNOK,2015-05-20,0.062435,0.062727,0.062082,0.062383
JPYNOK,2015-05-21,0.062391,0.06259,0.062102,0.062469
JPYNOK,2015-05-22,0.062468,0.062908,0.062094,0.062867
JPYNOK,2015-05-25,0.062939,0.063001,0.062712,0.062841
JPYNOK,2015-05-26,0.062841,0.063058,0.062354,0.063003
JPYNOK,2015-05-27,0.062999,0.063209,0.062519,0.062761
JPYNOK,2015-05-28,0.062762,0.063394,0.062444,0.062888
JPYNOK,2015-05-29,0.06289,0.063244,0.062464,0.06258
JPYNOK,2015-06-01,0.062515,0.064117,0.062515,0.063764
JPYNOK,2015-06-02,0.063773,0.063821,0.062535,0.063104
JPYNOK,2015-06-03,0.063105,0.063175,0.062143,0.062383
JPYNOK,2015-06-04,0.062383,0.062882,0.061876,0.062343
JPYNOK,2015-06-05,0.06235,0.063625,0.062162,0.063296
JPYNOK,2015-06-08,0.063423,0.063581,0.062695,0.062734
JPYNOK,2015-06-09,0.062744,0.063437,0.062367,0.06256
JPYNOK,2015-06-10,0.06256,0.063369,0.062321,0.063195
JPYNOK,2015-06-11,0.063195,0.063597,0.062845,0.063571
JPYNOK,2015-06-12,0.063572,0.063764,0.062473,0.062786
JPYNOK,2015-06-15,0.063088,0.063133,0.062723,0.062769
JPYNOK,2015-06-16,0.062771,0.063122,0.062543,0.062859
JPYNOK,2015-06-17,0.062857,0.062889,0.061872,0.061981
JPYNOK,2015-06-18,0.061978,0.063422,0.061832,0.0632
JPYNOK,2015-06-19,0.063213,0.063607,0.062933,0.062933
JPYNOK,2015-06-22,0.062837,0.06307,0.06238,0.062725
JPYNOK,2015-06-23,0.062726,0.063365,0.062592,0.063126
JPYNOK,2015-06-24,0.06313,0.063446,0.062848,0.063255
JPYNOK,2015-06-25,0.063237,0.06352,0.062961,0.063186
JPYNOK,2015-06-26,0.063184,0.063431,0.063049,0.063286
JPYNOK,2015-06-29,0.064444,0.06495,0.063852,0.064095
JPYNOK,2015-06-30,0.0641055,0.0647662,0.0638722,0.0640932
JPYNOK,2015-07-01,0.064103,0.064486,0.063545,0.064335
JPYNOK,2015-07-02,0.064335,0.064793,0.063857,0.064633
JPYNOK,2015-07-03,0.064638,0.065302,0.064439,0.065083
JPYNOK,2015-07-06,0.06607,0.066202,0.065346,0.065875
JPYNOK,2015-07-07,0.065876,0.067626,0.065781,0.066653
JPYNOK,2015-07-08,0.066655,0.068486,0.066515,0.068186
JPYNOK,2015-07-09,0.068202,0.068292,0.066542,0.066885
JPYNOK,2015-07-10,0.066902,0.066913,0.064797,0.065203
JPYNOK,2015-07-13,0.065215,0.065555,0.064903,0.065377
JPYNOK,2015-07-14,0.065381,0.066388,0.065324,0.065709
JPYNOK,2015-07-15,0.065709,0.06623,0.065548,0.065867
JPYNOK,2015-07-16,0.065854,0.066093,0.065304,0.065714
JPYNOK,2015-07-17,0.065714,0.066014,0.065452,0.065766
JPYNOK,2015-07-20,0.06587,0.06629,0.065722,0.066164
JPYNOK,2015-07-21,0.066166,0.066409,0.065348,0.065452
JPYNOK,2015-07-22,0.065465,0.066013,0.065375,0.065777
JPYNOK,2015-07-23,0.065777,0.066069,0.065607,0.06596
JPYNOK,2015-07-24,0.065961,0.066329,0.065821,0.066244
JPYNOK,2015-07-27,0.066284,0.0664,0.065917,0.066257
JPYNOK,2015-07-28,0.066259,0.066404,0.065811,0.066001
JPYNOK,2015-07-29,0.066,0.066418,0.065439,0.065743
JPYNOK,2015-07-30,0.065741,0.065941,0.065391,0.065806
JPYNOK,2015-07-31,0.065806,0.066023,0.065311,0.065873
JPYNOK,2015-08-03,0.065885,0.066569,0.065853,0.066515
JPYNOK,2015-08-04,0.066513,0.066724,0.065986,0.066509
JPYNOK,2015-08-05,0.066508,0.066728,0.066025,0.066066
JPYNOK,2015-08-06,0.06606,0.066583,0.065992,0.066295
JPYNOK,2015-08-07,0.066294,0.06669,0.066126,0.066434
JPYNOK,2015-08-10,0.066497,0.066499,0.065659,0.065776
JPYNOK,2015-08-11,0.065775,0.066278,0.065488,0.066052
JPYNOK,2015-08-12,0.066053,0.066494,0.065346,0.06565
JPYNOK,2015-08-13,0.06565,0.066138,0.065298,0.065851
JPYNOK,2015-08-14,0.065847,0.066313,0.065697,0.06626
JPYNOK,2015-08-17,0.066147,0.066499,0.065804,0.065929
JPYNOK,2015-08-18,0.065929,0.066644,0.065884,0.06653
JPYNOK,2015-08-19,0.06653,0.067298,0.066349,0.066916
JPYNOK,2015-08-20,0.066915,0.067178,0.066431,0.066722
JPYNOK,2015-08-21,0.066726,0.06731,0.066639,0.067044
JPYNOK,2015-08-24,0.067185,0.069577,0.067144,0.069368
JPYNOK,2015-08-25,0.069368,0.069523,0.06779,0.069183
JPYNOK,2015-08-26,0.069205,0.070333,0.068779,0.069636
JPYNOK,2015-08-27,0.069636,0.069755,0.068319,0.068472
JPYNOK,2015-08-28,0.068446,0.068919,0.067987,0.068216
JPYNOK,2015-08-31,0.068141,0.069222,0.068042,0.068247
JPYNOK,2015-09-01,0.068249,0.069786,0.068138,0.069403
JPYNOK,2015-09-02,0.069403,0.069447,0.068399,0.068539
JPYNOK,2015-09-03,0.068542,0.069434,0.06829,0.06884
JPYNOK,2015-09-04,0.068831,0.069945,0.068758,0.069749
JPYNOK,2015-09-07,0.069753,0.069824,0.069275,0.069727
JPYNOK,2015-09-08,0.069727,0.069831,0.068556,0.068635
JPYNOK,2015-09-09,0.068636,0.068649,0.067816,0.068198
JPYNOK,2015-09-10,0.068188,0.068537,0.067443,0.067698
JPYNOK,2015-09-11,0.067697,0.068223,0.067247,0.067566
JPYNOK,2015-09-14,0.067561,0.068452,0.067232,0.068217
JPYNOK,2015-09-15,0.068224,0.068756,0.067855,0.067982
JPYNOK,2015-09-16,0.067983,0.068408,0.067163,0.067551
JPYNOK,2015-09-17,0.067551,0.067587,0.066874,0.067295
JPYNOK,2015-09-18,0.067294,0.068212,0.067247,0.068061
JPYNOK,2015-09-21,0.067951,0.06824,0.067789,0.068132
JPYNOK,2015-09-22,0.068127,0.069156,0.06812,0.068982
JPYNOK,2015-09-23,0.068981,0.06934,0.068477,0.068913
JPYNOK,2015-09-24,0.068916,0.070833,0.068609,0.070496
JPYNOK,2015-09-25,0.070497,0.070902,0.070279,0.070374
JPYNOK,2015-09-28,0.070712,0.071599,0.070568,0.071119
JPYNOK,2015-09-29,0.071118,0.071468,0.070451,0.070697
JPYNOK,2015-09-30,0.0706727,0.0712973,0.0700459,0.0710445
JPYNOK,2015-10-01,0.071045,0.071151,0.070183,0.070315
JPYNOK,2015-10-02,0.070307,0.070496,0.069602,0.069772
JPYNOK,2015-10-05,0.069809,0.069953,0.069185,0.06973
JPYNOK,2015-10-06,0.069729,0.069961,0.068799,0.06888
JPYNOK,2015-10-07,0.06888,0.069096,0.068287,0.068351
JPYNOK,2015-10-08,0.068351,0.068599,0.067705,0.067861
JPYNOK,2015-10-09,0.067862,0.06793,0.066929,0.067238
JPYNOK,2015-10-12,0.067202,0.067502,0.066948,0.06742
JPYNOK,2015-10-13,0.067418,0.068318,0.067338,0.068009
JPYNOK,2015-10-14,0.068007,0.068117,0.067591,0.067967
JPYNOK,2015-10-15,0.06797,0.068616,0.06761,0.068052
JPYNOK,2015-10-16,0.068054,0.068137,0.067653,0.06778
JPYNOK,2015-10-19,0.06796,0.068074,0.067716,0.068013
JPYNOK,2015-10-20,0.068014,0.068053,0.067621,0.067764
JPYNOK,2015-10-21,0.067761,0.068315,0.067631,0.068259
JPYNOK,2015-10-22,0.068256,0.068826,0.068123,0.068647
JPYNOK,2015-10-23,0.068654,0.069522,0.068439,0.069076
JPYNOK,2015-10-26,0.069069,0.069334,0.068728,0.068761
JPYNOK,2015-10-27,0.068764,0.070392,0.068746,0.070228
JPYNOK,2015-10-28,0.070228,0.070941,0.070035,0.070696
JPYNOK,2015-10-29,0.070696,0.071079,0.070577,0.070778
JPYNOK,2015-10-30,0.0707854,0.0712464,0.070037,0.0703175
JPYNOK,2015-11-02,0.070242,0.07046,0.06981,0.070276
JPYNOK,2015-11-03,0.070273,0.07063,0.07013,0.070203
JPYNOK,2015-11-04,0.070203,0.071191,0.070055,0.071105
JPYNOK,2015-11-05,0.071107,0.071315,0.070076,0.070211
JPYNOK,2015-11-06,0.070211,0.070596,0.069805,0.070219
JPYNOK,2015-11-09,0.070117,0.070374,0.069605,0.0703
JPYNOK,2015-11-10,0.070297,0.070631,0.0699,0.069933
JPYNOK,2015-11-11,0.069932,0.070135,0.069707,0.070019
JPYNOK,2015-11-12,0.070025,0.070849,0.069881,0.070709
JPYNOK,2015-11-13,0.070712,0.071016,0.070426,0.070838
JPYNOK,2015-11-16,0.07108,0.071387,0.070359,0.070547
JPYNOK,2015-11-17,0.070538,0.070758,0.070126,0.070297
JPYNOK,2015-11-18,0.0703,0.070583,0.069875,0.070132
JPYNOK,2015-11-19,0.070131,0.070354,0.069832,0.069896
JPYNOK,2015-11-20,0.069902,0.070306,0.069868,0.070192
JPYNOK,2015-11-23,0.070199,0.07055,0.069895,0.070352
JPYNOK,2015-11-24,0.070353,0.070728,0.070293,0.070559
JPYNOK,2015-11-25,0.070558,0.070738,0.070317,0.070419
JPYNOK,2015-11-26,0.070419,0.070677,0.070325,0.07063
JPYNOK,2015-11-27,0.070632,0.070972,0.070511,0.070787
JPYNOK,2015-11-30,0.0708259,0.0709172,0.0703077,0.0705987
JPYNOK,2015-12-01,0.0705987,0.0706996,0.0701267,0.070277
JPYNOK,2015-12-02,0.0702467,0.0702525,0.0696538,0.0701943
JPYNOK,2015-12-03,0.0701877,0.0703726,0.0689505,0.0692252
JPYNOK,2015-12-04,0.069218,0.069531,0.068912,0.069166
JPYNOK,2015-12-07,0.069135,0.070352,0.069109,0.070125
JPYNOK,2015-12-08,0.070129,0.071778,0.070104,0.071273
JPYNOK,2015-12-09,0.07128,0.07175,0.070909,0.071257
JPYNOK,2015-12-10,0.0712654,0.0714168,0.0707046,0.0710178
JPYNOK,2015-12-11,0.0710187,0.0720381,0.0707829,0.0717998
JPYNOK,2015-12-14,0.071749,0.072442,0.071252,0.071489
JPYNOK,2015-12-15,0.071489,0.071958,0.071085,0.071274
JPYNOK,2015-12-16,0.0712772,0.0719902,0.0711039,0.0716326
JPYNOK,2015-12-17,0.0716282,0.0721582,0.0708257,0.0714381
JPYNOK,2015-12-18,0.0714382,0.0725411,0.0709931,0.0719619
JPYNOK,2015-12-21,0.072173,0.0725606,0.071926,0.0723413
JPYNOK,2015-12-22,0.0723407,0.072382,0.0717995,0.0720101
JPYNOK,2015-12-23,0.0720107,0.0723548,0.0718361,0.0721017
JPYNOK,2015-12-24,0.0721014,0.0723017,0.0718623,0.0722486
JPYNOK,2015-12-28,0.0720177,0.0723101,0.071919,0.0721244
JPYNOK,2015-12-29,0.0721256,0.0725683,0.0718582,0.0721838
JPYNOK,2015-12-30,0.0721838,0.0732665,0.0721478,0.0729189
JPYNOK,2015-12-31,0.0729188,0.0738448,0.072849,0.0735753
JPYNOK,2016-01-04,0.0734338,0.0748923,0.0733469,0.0743764
JPYNOK,2016-01-05,0.0743785,0.0752771,0.0741267,0.07471
JPYNOK,2016-01-06,0.0747097,0.0758987,0.0746515,0.0755589
JPYNOK,2016-01-07,0.0755644,0.0763577,0.0752928,0.0755206
JPYNOK,2016-01-08,0.0755207,0.075796,0.0749361,0.0754727
JPYNOK,2016-01-11,0.075746,0.0762887,0.0751353,0.0758709
JPYNOK,2016-01-12,0.075881,0.0761998,0.0750476,0.0754256
JPYNOK,2016-01-13,0.0754243,0.075438,0.0743285,0.0749301
JPYNOK,2016-01-14,0.0749288,0.0752501,0.0740586,0.0740586
JPYNOK,2016-01-15,0.0740599,0.0757367,0.0740435,0.0755186
JPYNOK,2016-01-18,0.0755726,0.0759609,0.0753325,0.0757726
JPYNOK,2016-01-19,0.0757712,0.0758698,0.0746133,0.0749646
JPYNOK,2016-01-20,0.0749709,0.0767042,0.0748786,0.0759371
JPYNOK,2016-01-21,0.0759448,0.0765199,0.0744856,0.0745638
JPYNOK,2016-01-22,0.0745613,0.0747535,0.0735072,0.0735493
JPYNOK,2016-01-25,0.0735683,0.0742785,0.0732813,0.0739486
JPYNOK,2016-01-26,0.0739479,0.074439,0.0731567,0.0734269
JPYNOK,2016-01-27,0.0734291,0.0739108,0.072719,0.0730225
JPYNOK,2016-01-28,0.0730173,0.0731492,0.0723527,0.0724237
JPYNOK,2016-01-29,0.0724247,0.0726663,0.0711007,0.0716609
JPYNOK,2016-02-01,0.0715176,0.0720164,0.0711063,0.0717543
JPYNOK,2016-02-02,0.0717537,0.0728593,0.0717203,0.0728007
JPYNOK,2016-02-03,0.0727991,0.0735657,0.0724001,0.0725212
JPYNOK,2016-02-04,0.0725234,0.0728413,0.0720236,0.072683
JPYNOK,2016-02-05,0.0726877,0.0735528,0.0726102,0.0733369
JPYNOK,2016-02-08,0.0731811,0.0746052,0.0728712,0.0742709
JPYNOK,2016-02-09,0.0742721,0.0751,0.0740755,0.0746127
JPYNOK,2016-02-10,0.074614,0.0752448,0.0739264,0.0750752
JPYNOK,2016-02-11,0.0750761,0.0773284,0.0749744,0.0760453
JPYNOK,2016-02-12,0.0760511,0.0765255,0.0755431,0.0756871
JPYNOK,2016-02-15,0.0757253,0.0759287,0.075149,0.0752335
JPYNOK,2016-02-16,0.0752345,0.0759527,0.074875,0.0755347
JPYNOK,2016-02-17,0.0755304,0.0760142,0.0747434,0.0748596
JPYNOK,2016-02-18,0.0748588,0.0759664,0.0747269,0.0757946
JPYNOK,2016-02-19,0.0757942,0.0763156,0.0757315,0.0759269
JPYNOK,2016-02-22,0.0760843,0.0763339,0.075732,0.0761733
JPYNOK,2016-02-23,0.0761726,0.0770014,0.0761138,0.076786
JPYNOK,2016-02-24,0.0767837,0.0783657,0.0765397,0.0773005
JPYNOK,2016-02-25,0.0773019,0.0774602,0.0763135,0.0764027
JPYNOK,2016-02-26,0.0764027,0.0767161,0.0758295,0.0760979
JPYNOK,2016-02-29,0.0764772,0.0774628,0.0762691,0.0773222
JPYNOK,2016-03-01,0.0773457,0.077452,0.0757038,0.075785
JPYNOK,2016-03-02,0.0757843,0.0765928,0.0755743,0.0761986
JPYNOK,2016-03-03,0.0761986,0.0763148,0.0753454,0.0754692
JPYNOK,2016-03-04,0.0754745,0.0757639,0.0743156,0.0744386
JPYNOK,2016-03-07,0.0746146,0.0752954,0.0745038,0.0749118
JPYNOK,2016-03-08,0.0749118,0.0761785,0.0748805,0.0759833
JPYNOK,2016-03-09,0.075991,0.0763244,0.0749696,0.0752168
JPYNOK,2016-03-10,0.0751946,0.0757609,0.0744695,0.075256
JPYNOK,2016-03-11,0.0752536,0.0754462,0.0738146,0.0739552
JPYNOK,2016-03-14,0.0740415,0.0747114,0.0737283,0.0744214
JPYNOK,2016-03-15,0.074424,0.0759543,0.0742617,0.0755027
JPYNOK,2016-03-16,0.0754999,0.0756416,0.0749023,0.0749537
JPYNOK,2016-03-17,0.0749532,0.0758435,0.0742956,0.0746488
JPYNOK,2016-03-18,0.0746469,0.0751644,0.0744047,0.0751007
JPYNOK,2016-03-21,0.0750792,0.0754775,0.0747492,0.0749526
JPYNOK,2016-03-22,0.0749526,0.0759604,0.0746734,0.0747774
JPYNOK,2016-03-23,0.0747763,0.0754671,0.0747086,0.0754037
JPYNOK,2016-03-24,0.0754037,0.0756732,0.0750436,0.0751196
JPYNOK,2016-03-28,0.0748304,0.0749887,0.0741796,0.0742736
JPYNOK,2016-03-29,0.0742745,0.074801,0.074193,0.07441
JPYNOK,2016-03-30,0.07441,0.0746145,0.0735715,0.0738298
JPYNOK,2016-03-31,0.0738311,0.074183,0.073339,0.0734286
JPYNOK,2016-04-01,0.0734286,0.0745654,0.0734097,0.0744247
JPYNOK,2016-04-04,0.0744888,0.0748699,0.0742988,0.07482
JPYNOK,2016-04-05,0.0748193,0.0758094,0.0748137,0.0755015
JPYNOK,2016-04-06,0.0755093,0.0758591,0.0752798,0.0757708
JPYNOK,2016-04-07,0.0757701,0.0773445,0.075576,0.0769157
JPYNOK,2016-04-08,0.0769112,0.076914,0.0755451,0.076035
JPYNOK,2016-04-11,0.0760519,0.0763996,0.0754498,0.0759265
JPYNOK,2016-04-12,0.0759212,0.0759489,0.0750895,0.0752839
JPYNOK,2016-04-13,0.0752801,0.0755795,0.0749631,0.0752769
JPYNOK,2016-04-14,0.0752769,0.0757559,0.0749929,0.0752957
JPYNOK,2016-04-15,0.0752957,0.0758802,0.0749234,0.0758227
JPYNOK,2016-04-18,0.0766945,0.0770321,0.0751976,0.0754192
JPYNOK,2016-04-19,0.0754095,0.0754375,0.0740535,0.0743311
JPYNOK,2016-04-20,0.0743311,0.074846,0.0737572,0.0738927
JPYNOK,2016-04-21,0.0738912,0.0749459,0.073685,0.0749142
JPYNOK,2016-04-22,0.074906,0.0749676,0.0735241,0.0737095
JPYNOK,2016-04-25,0.0736619,0.0742522,0.0735233,0.0736846
JPYNOK,2016-04-26,0.0736899,0.0742687,0.0730108,0.073222
JPYNOK,2016-04-27,0.0732218,0.0735587,0.0729347,0.0731211
JPYNOK,2016-04-28,0.0731092,0.0754764,0.0729017,0.075259
JPYNOK,2016-04-29,0.0752583,0.0758108,0.0748041,0.0755852
JPYNOK,2016-05-02,0.0756802,0.0758227,0.0752118,0.0753102
JPYNOK,2016-05-03,0.075312,0.0762218,0.0752845,0.0758743
JPYNOK,2016-05-04,0.0758949,0.0764416,0.0756729,0.0762358
JPYNOK,2016-05-05,0.0762458,0.0762928,0.0756539,0.0761621
JPYNOK,2016-05-06,0.0761621,0.077088,0.0760579,0.076522
JPYNOK,2016-05-09,0.0764435,0.076506,0.0754066,0.0757345
JPYNOK,2016-05-10,0.0757359,0.0758486,0.0749458,0.0750582
JPYNOK,2016-05-11,0.075057,0.0756987,0.0748321,0.0751488
JPYNOK,2016-05-12,0.0751513,0.0753314,0.0740297,0.0744967
JPYNOK,2016-05-13,0.074496,0.0755602,0.0744524,0.0753532
JPYNOK,2016-05-16,0.075434,0.0755671,0.0747223,0.0748603
JPYNOK,2016-05-17,0.0748596,0.0750288,0.0742331,0.0749534
JPYNOK,2016-05-18,0.0749552,0.0755843,0.0748239,0.0753844
JPYNOK,2016-05-19,0.0753824,0.0762934,0.0752887,0.0760009
JPYNOK,2016-05-20,0.0760056,0.0760056,0.075217,0.0755039
JPYNOK,2016-05-23,0.0755466,0.076519,0.0755017,0.0764285
JPYNOK,2016-05-24,0.0764233,0.0767471,0.075781,0.0758777
JPYNOK,2016-05-25,0.0759026,0.0759347,0.0752921,0.0754738
JPYNOK,2016-05-26,0.075477,0.075975,0.0751039,0.0752926
JPYNOK,2016-05-27,0.0752942,0.0758673,0.0751194,0.0754499
JPYNOK,2016-05-30,0.0754528,0.0754595,0.074887,0.0750525
JPYNOK,2016-05-31,0.0750546,0.0758135,0.0748099,0.0755952
JPYNOK,2016-06-01,0.0755972,0.076295,0.0753586,0.075838
JPYNOK,2016-06-02,0.0758463,0.0770933,0.0757098,0.0765128
JPYNOK,2016-06-03,0.0765128,0.0769716,0.0761275,0.0766557
JPYNOK,2016-06-06,0.0766813,0.0767716,0.0758133,0.075939
JPYNOK,2016-06-07,0.0759408,0.0761634,0.0753108,0.0755912
JPYNOK,2016-06-08,0.0755947,0.0761027,0.0754495,0.0757647
JPYNOK,2016-06-09,0.0757395,0.0767119,0.0756474,0.0761276
JPYNOK,2016-06-10,0.0761217,0.0775528,0.0760686,0.0773802
JPYNOK,2016-06-13,0.0772896,0.078415,0.0772432,0.0778719
JPYNOK,2016-06-14,0.0778764,0.0790504,0.0777209,0.0787769
JPYNOK,2016-06-15,0.0787751,0.0788433,0.0781425,0.0783305
JPYNOK,2016-06-16,0.0783402,0.0816053,0.0783402,0.080364
JPYNOK,2016-06-17,0.0803624,0.0806002,0.0795086,0.080151
JPYNOK,2016-06-20,0.0792586,0.0797395,0.0787507,0.0795863
JPYNOK,2016-06-21,0.0795833,0.0798379,0.0788697,0.0792756
JPYNOK,2016-06-22,0.0792787,0.0796091,0.0785174,0.0786826
JPYNOK,2016-06-23,0.0786826,0.0792255,0.0758453,0.0760898
JPYNOK,2016-06-24,0.076088,0.0869659,0.076088,0.0831315
JPYNOK,2016-06-27,0.0837272,0.0847372,0.0826689,0.0840241
JPYNOK,2016-06-28,0.0840184,0.0843495,0.0822759,0.0824153
JPYNOK,2016-06-29,0.0824157,0.0830225,0.0813093,0.0814042
JPYNOK,2016-06-30,0.0814042,0.0821181,0.0808467,0.0808828
JPYNOK,2016-07-01,0.080894,0.0817595,0.080894,0.081189
JPYNOK,2016-07-04,0.0811144,0.0813233,0.0806946,0.0808331
JPYNOK,2016-07-05,0.0808294,0.0828265,0.0807805,0.0826592
JPYNOK,2016-07-06,0.0826594,0.0843343,0.0825894,0.0831322
JPYNOK,2016-07-07,0.0831304,0.0846771,0.0831049,0.0843594
JPYNOK,2016-07-08,0.0843496,0.085028,0.0840018,0.0848467
JPYNOK,2016-07-11,0.0846157,0.0847137,0.0824493,0.0827162
JPYNOK,2016-07-12,0.0827305,0.0829679,0.0799767,0.0804576
JPYNOK,2016-07-13,0.0804586,0.0813217,0.0801036,0.0806423
JPYNOK,2016-07-14,0.0806501,0.0809221,0.0790404,0.0793845
JPYNOK,2016-07-15,0.0793736,0.0803085,0.0784699,0.0801224
JPYNOK,2016-07-18,0.0802631,0.0804805,0.0794066,0.079554
JPYNOK,2016-07-19,0.0795675,0.0804099,0.0793518,0.0800757
JPYNOK,2016-07-20,0.0800902,0.0804498,0.0790433,0.0792079
JPYNOK,2016-07-21,0.0792138,0.0805017,0.0790099,0.0799061
JPYNOK,2016-07-22,0.0799099,0.0806831,0.0798266,0.0805675
JPYNOK,2016-07-25,0.0805435,0.0811469,0.0801762,0.0810463
JPYNOK,2016-07-26,0.0810444,0.0825059,0.0810136,0.081821
JPYNOK,2016-07-27,0.0818044,0.0818466,0.0803558,0.0810007
JPYNOK,2016-07-28,0.0810007,0.0816724,0.0809819,0.0812734
JPYNOK,2016-07-29,0.0812699,0.0831273,0.081007,0.0826224
JPYNOK,2016-08-01,0.0823292,0.0830723,0.0819931,0.0829976
JPYNOK,2016-08-02,0.0829976,0.0837871,0.0825543,0.083535
JPYNOK,2016-08-03,0.0835383,0.0836992,0.0829684,0.0834319
JPYNOK,2016-08-04,0.0834355,0.0837182,0.0831485,0.0833744
JPYNOK,2016-08-05,0.0833621,0.0837518,0.0831254,0.0835604
JPYNOK,2016-08-08,0.0833912,0.0834653,0.0825601,0.0826781
JPYNOK,2016-08-09,0.0826814,0.0829315,0.0823023,0.0825374
JPYNOK,2016-08-10,0.0825397,0.0827549,0.0814071,0.081676
JPYNOK,2016-08-11,0.0816783,0.0818825,0.0806785,0.0808064
JPYNOK,2016-08-12,0.0808117,0.0813728,0.0803542,0.0811755
JPYNOK,2016-08-15,0.0809618,0.0815929,0.0809188,0.0811022
JPYNOK,2016-08-16,0.0811037,0.0818722,0.0810901,0.0816369
JPYNOK,2016-08-17,0.0816354,0.0823167,0.0810775,0.0818143
JPYNOK,2016-08-18,0.0818159,0.0821586,0.0812043,0.0815159
JPYNOK,2016-08-19,0.0815196,0.0822346,0.0812224,0.0819973
JPYNOK,2016-08-22,0.0816226,0.0821503,0.0815431,0.0817616
JPYNOK,2016-08-23,0.0817689,0.0821571,0.0816035,0.081928
JPYNOK,2016-08-24,0.081928,0.0820617,0.0815488,0.0817961
JPYNOK,2016-08-25,0.0817917,0.0818631,0.0814458,0.0816993
JPYNOK,2016-08-26,0.0816985,0.0818416,0.0812168,0.0813729
JPYNOK,2016-08-29,0.0812054,0.0813842,0.0808128,0.0812032
JPYNOK,2016-08-30,0.0811993,0.0812866,0.0808194,0.080971
JPYNOK,2016-08-31,0.0809684,0.0810348,0.0804282,0.080517
JPYNOK,2016-09-01,0.0805178,0.0811384,0.080291,0.0806929
JPYNOK,2016-09-02,0.0806954,0.0807397,0.0797599,0.0799491
JPYNOK,2016-09-05,0.0798056,0.0802977,0.079743,0.0801631
JPYNOK,2016-09-06,0.0801609,0.0802496,0.0796938,0.0800947
JPYNOK,2016-09-07,0.0800964,0.080808,0.0800643,0.0803235
JPYNOK,2016-09-08,0.0803274,0.0805335,0.0798209,0.0799451
JPYNOK,2016-09-09,0.0799367,0.08054,0.0796903,0.0803469
JPYNOK,2016-09-12,0.0802573,0.0810758,0.0801994,0.0806573
JPYNOK,2016-09-13,0.080651,0.0811242,0.0801687,0.0806854
JPYNOK,2016-09-14,0.0806794,0.0807515,0.0797104,0.0804225
JPYNOK,2016-09-15,0.0804117,0.080838,0.08021,0.0806118
JPYNOK,2016-09-16,0.0806118,0.0814144,0.0805581,0.0813125
JPYNOK,2016-09-19,0.0812691,0.0815347,0.0809954,0.0813044
JPYNOK,2016-09-20,0.0813028,0.0816588,0.0811577,0.0815544
JPYNOK,2016-09-21,0.0815521,0.0825914,0.0809328,0.0821343
JPYNOK,2016-09-22,0.0821343,0.08227,0.0801276,0.0806367
JPYNOK,2016-09-23,0.0806379,0.0806621,0.0800956,0.0802395
JPYNOK,2016-09-26,0.080233,0.0809275,0.0801596,0.080759
JPYNOK,2016-09-27,0.0807567,0.0813987,0.0800825,0.080743
JPYNOK,2016-09-28,0.0807502,0.0808629,0.0797685,0.0798158
JPYNOK,2016-09-29,0.0798183,0.0799851,0.0788731,0.0796385
JPYNOK,2016-09-30,0.0796442,0.0802745,0.078756,0.0788509
JPYNOK,2016-10-03,0.0787627,0.0790291,0.0782753,0.078425
JPYNOK,2016-10-04,0.0784322,0.0784419,0.0776643,0.07784
JPYNOK,2016-10-05,0.0778334,0.0779845,0.0772716,0.0774398
JPYNOK,2016-10-06,0.0774432,0.0777612,0.0770815,0.0773814
JPYNOK,2016-10-07,0.0773809,0.078727,0.0773649,0.0785957
JPYNOK,2016-10-10,0.0784817,0.0788594,0.0777916,0.077948
JPYNOK,2016-10-11,0.0779573,0.0795028,0.0776906,0.0789808
JPYNOK,2016-10-12,0.0789922,0.0792069,0.07863,0.078798
JPYNOK,2016-10-13,0.0787917,0.0795982,0.0785235,0.0786649
JPYNOK,2016-10-14,0.0786643,0.0790422,0.0782846,0.0788964
JPYNOK,2016-10-17,0.0787719,0.0793384,0.0785997,0.0786654
JPYNOK,2016-10-18,0.0786564,0.0787214,0.0781511,0.0784635
JPYNOK,2016-10-19,0.0784465,0.0790964,0.0784052,0.0786158
JPYNOK,2016-10-20,0.0786158,0.078976,0.0784242,0.0786923
JPYNOK,2016-10-21,0.078681,0.0797992,0.0785116,0.0794182
JPYNOK,2016-10-24,0.0794227,0.0796002,0.0789865,0.0791992
JPYNOK,2016-10-25,0.0791992,0.079471,0.0788686,0.0793862
JPYNOK,2016-10-26,0.0793869,0.0795727,0.0789395,0.0791869
JPYNOK,2016-10-27,0.0791859,0.0793002,0.0783512,0.0786305
JPYNOK,2016-10-28,0.0786413,0.0789758,0.0782736,0.0787078
JPYNOK,2016-10-31,0.0789639,0.0790185,0.0784246,0.0787555
JPYNOK,2016-11-01,0.0787552,0.0790534,0.0780009,0.0789648
JPYNOK,2016-11-02,0.078963,0.0794321,0.07882,0.0791632
JPYNOK,2016-11-03,0.0791624,0.0796845,0.0790351,0.0794696
JPYNOK,2016-11-04,0.0795611,0.0797695,0.0790723,0.0791388
JPYNOK,2016-11-07,0.0785625,0.0790712,0.0780353,0.0787581
JPYNOK,2016-11-08,0.0787574,0.0789647,0.0780928,0.0782158
JPYNOK,2016-11-09,0.0782179,0.0811944,0.0781507,0.0788016
JPYNOK,2016-11-10,0.0787996,0.0791761,0.0775466,0.0783523
JPYNOK,2016-11-11,0.0783584,0.0791376,0.0782344,0.078811
JPYNOK,2016-11-14,0.0788103,0.0788911,0.0780344,0.0781834
JPYNOK,2016-11-15,0.0781819,0.0783563,0.0770625,0.0772784
JPYNOK,2016-11-16,0.077281,0.0778972,0.0769233,0.0777266
JPYNOK,2016-11-17,0.0777312,0.0779215,0.0773707,0.0774649
JPYNOK,2016-11-18,0.0774739,0.077845,0.0772885,0.0775307
JPYNOK,2016-11-21,0.0775209,0.0775328,0.0768574,0.0770443
JPYNOK,2016-11-22,0.0770378,0.0772548,0.0765655,0.0767116
JPYNOK,2016-11-23,0.0767126,0.0769886,0.0762619,0.076601
JPYNOK,2016-11-24,0.0765641,0.0767393,0.0757505,0.0758554
JPYNOK,2016-11-25,0.0758556,0.0760777,0.0755169,0.0758507
JPYNOK,2016-11-28,0.0760618,0.0765543,0.0759128,0.0763687
JPYNOK,2016-11-29,0.0763718,0.0765384,0.0756446,0.0757944
JPYNOK,2016-11-30,0.0757938,0.0760091,0.0743854,0.0744916
JPYNOK,2016-12-01,0.0744916,0.074605,0.0736215,0.0736867
JPYNOK,2016-12-02,0.0736917,0.0743104,0.0736433,0.0740494
JPYNOK,2016-12-05,0.0752979,0.075499,0.072948,0.0736137
JPYNOK,2016-12-06,0.0736132,0.0738252,0.0731468,0.0736749
JPYNOK,2016-12-07,0.0736735,0.0737358,0.0733008,0.0735434
JPYNOK,2016-12-08,0.0735465,0.0742043,0.0733404,0.0739044
JPYNOK,2016-12-09,0.0739051,0.074097,0.0736221,0.0737824
JPYNOK,2016-12-12,0.0735382,0.0735688,0.0727606,0.0734525
JPYNOK,2016-12-13,0.0734519,0.0734618,0.0729214,0.0731204
JPYNOK,2016-12-14,0.0731169,0.0738648,0.0730615,0.0731808
JPYNOK,2016-12-15,0.0731912,0.0736282,0.0724142,0.0732407
JPYNOK,2016-12-16,0.0732555,0.0738238,0.0731143,0.0736246
JPYNOK,2016-12-19,0.0736961,0.0743093,0.073482,0.0741789
JPYNOK,2016-12-20,0.0741799,0.0742234,0.0735392,0.0738615
JPYNOK,2016-12-21,0.0738498,0.0739293,0.0735424,0.0738843
JPYNOK,2016-12-22,0.0738894,0.0741928,0.0736465,0.074163
JPYNOK,2016-12-23,0.074163,0.0743291,0.0740936,0.0741791
JPYNOK,2016-12-27,0.0742192,0.0743858,0.0740423,0.0741274
JPYNOK,2016-12-28,0.0741351,0.0746232,0.0738963,0.0744555
JPYNOK,2016-12-29,0.0744547,0.0747518,0.0741064,0.0741379
JPYNOK,2016-12-30,0.0741423,0.0741996,0.07335,0.0738859
JPYNOK,2017-01-02,0.0739083,0.0739133,0.0734548,0.0737477
JPYNOK,2017-01-03,0.0737486,0.0737895,0.0731391,0.073531
JPYNOK,2017-01-04,0.0735346,0.0735681,0.0731844,0.0732646
JPYNOK,2017-01-05,0.0732676,0.0739199,0.0732215,0.0734558
JPYNOK,2017-01-06,0.0734539,0.0736481,0.0728323,0.0729772
JPYNOK,2017-01-09,0.0728954,0.0738045,0.0726745,0.0736237
JPYNOK,2017-01-10,0.0736193,0.0744709,0.0734849,0.0742379
JPYNOK,2017-01-11,0.0742584,0.0747413,0.074018,0.0740803
JPYNOK,2017-01-12,0.0740822,0.0746951,0.0740777,0.0743455
JPYNOK,2017-01-13,0.0743184,0.0743892,0.0738777,0.0741876
JPYNOK,2017-01-16,0.0744674,0.0749334,0.0743614,0.0748051
JPYNOK,2017-01-17,0.0748019,0.0751405,0.0744416,0.0749108
JPYNOK,2017-01-18,0.0749091,0.0751205,0.074042,0.0741279
JPYNOK,2017-01-19,0.0741273,0.074191,0.0732966,0.0734503
JPYNOK,2017-01-20,0.0734656,0.0736648,0.0731961,0.0734752
JPYNOK,2017-01-23,0.0734617,0.0742252,0.0734157,0.0741055
JPYNOK,2017-01-24,0.0741072,0.0741347,0.0732914,0.073356
JPYNOK,2017-01-25,0.0733507,0.073646,0.0731347,0.0733205
JPYNOK,2017-01-26,0.0733205,0.0734181,0.0727357,0.0728171
JPYNOK,2017-01-27,0.0728171,0.0729126,0.0722169,0.0724404
JPYNOK,2017-01-30,0.0724624,0.0732483,0.0724181,0.0730544
JPYNOK,2017-01-31,0.0730567,0.0734778,0.0727758,0.073198
JPYNOK,2017-02-01,0.0732,0.0732002,0.0724262,0.0726857
JPYNOK,2017-02-02,0.0726859,0.0732354,0.0725362,0.0730775
JPYNOK,2017-02-03,0.0730856,0.0733169,0.0727594,0.0729108
JPYNOK,2017-02-06,0.0729206,0.0739921,0.0728179,0.0738405
JPYNOK,2017-02-07,0.0738479,0.074318,0.0738088,0.0741052
JPYNOK,2017-02-08,0.0741052,0.0744506,0.0740024,0.0743674
JPYNOK,2017-02-09,0.0743662,0.0743723,0.0735317,0.0735724
JPYNOK,2017-02-10,0.0735737,0.0741821,0.0731869,0.0740002
JPYNOK,2017-02-13,0.0737911,0.0738521,0.0735157,0.0737633
JPYNOK,2017-02-14,0.0737691,0.0739317,0.0734468,0.0734655
JPYNOK,2017-02-15,0.0734653,0.0735173,0.072864,0.0730048
JPYNOK,2017-02-16,0.0730084,0.0734681,0.0729797,0.0731798
JPYNOK,2017-02-17,0.073168,0.073973,0.0730223,0.073936
JPYNOK,2017-02-20,0.0738331,0.0739869,0.0736139,0.0736998
JPYNOK,2017-02-21,0.0736966,0.0737811,0.0734463,0.0735065
JPYNOK,2017-02-22,0.0735059,0.0742927,0.0734244,0.0738429
JPYNOK,2017-02-23,0.0738418,0.0740962,0.0736676,0.0739412
JPYNOK,2017-02-24,0.0739505,0.0747247,0.0738495,0.0746498
JPYNOK,2017-02-27,0.0745483,0.0748258,0.074199,0.0742297
JPYNOK,2017-02-28,0.074229,0.0748849,0.0742258,0.0743904
JPYNOK,2017-03-01,0.0743904,0.0743904,0.0737788,0.0738995
JPYNOK,2017-03-02,0.0738976,0.0742014,0.0737101,0.0741663
JPYNOK,2017-03-03,0.074167,0.0742721,0.0738153,0.0739314
JPYNOK,2017-03-06,0.0738281,0.0746056,0.0737857,0.0745319
JPYNOK,2017-03-07,0.0745444,0.0745902,0.0740373,0.074184
JPYNOK,2017-03-08,0.0741747,0.0748192,0.0739765,0.0746705
JPYNOK,2017-03-09,0.0746725,0.0749413,0.0743996,0.0746523
JPYNOK,2017-03-10,0.0746628,0.0749408,0.0742663,0.074926
JPYNOK,2017-03-13,0.0748644,0.0749525,0.0744253,0.0745168
JPYNOK,2017-03-14,0.0745219,0.0752447,0.074463,0.0750795
JPYNOK,2017-03-15,0.0750789,0.0754594,0.0747604,0.0749732
JPYNOK,2017-03-16,0.0749764,0.0754602,0.0747959,0.0750162
JPYNOK,2017-03-17,0.0750179,0.0752161,0.0745765,0.0752148
JPYNOK,2017-03-20,0.0750803,0.0753969,0.0748956,0.0753969
JPYNOK,2017-03-21,0.0753969,0.0760157,0.0747726,0.0759769
JPYNOK,2017-03-22,0.0759745,0.0767136,0.0758724,0.0760561
JPYNOK,2017-03-23,0.0760595,0.0767246,0.0759439,0.0765002
JPYNOK,2017-03-24,0.076496,0.0766359,0.0762085,0.0762762
JPYNOK,2017-03-27,0.0763003,0.0769908,0.0762776,0.0767248
JPYNOK,2017-03-28,0.0767276,0.0772097,0.0765837,0.0767471
JPYNOK,2017-03-29,0.0767402,0.0771707,0.0765094,0.0765686
JPYNOK,2017-03-30,0.0765686,0.0769993,0.0763848,0.0765584
JPYNOK,2017-03-31,0.076557,0.0771393,0.0764097,0.0771274
JPYNOK,2017-04-03,0.0770963,0.0775893,0.0767352,0.0773992
JPYNOK,2017-04-04,0.0774016,0.0781894,0.0773603,0.0775583
JPYNOK,2017-04-05,0.0775599,0.0779068,0.0770914,0.0778341
JPYNOK,2017-04-06,0.0778235,0.0782755,0.0774296,0.077823
JPYNOK,2017-04-07,0.0778237,0.0782148,0.077701,0.0778992
JPYNOK,2017-04-10,0.0780025,0.0780391,0.0775269,0.077804
JPYNOK,2017-04-11,0.0778109,0.0784935,0.0775703,0.0784547
JPYNOK,2017-04-12,0.0784469,0.0786339,0.0780972,0.0784433
JPYNOK,2017-04-13,0.0784414,0.0787405,0.0782039,0.0785834
JPYNOK,2017-04-14,0.0785843,0.0790905,0.078531,0.0790029
JPYNOK,2017-04-17,0.0789617,0.0793369,0.0784318,0.0784905
JPYNOK,2017-04-18,0.0784905,0.0786482,0.0782984,0.0784814
JPYNOK,2017-04-19,0.0784767,0.0789219,0.0781918,0.0788281
JPYNOK,2017-04-20,0.0788322,0.0790355,0.0783751,0.0789657
JPYNOK,2017-04-21,0.0789744,0.0797732,0.0787668,0.0797004
JPYNOK,2017-04-24,0.0771626,0.078271,0.0768881,0.0779021
JPYNOK,2017-04-25,0.0779046,0.0781006,0.0769099,0.0770127
JPYNOK,2017-04-26,0.077014,0.0774442,0.0767407,0.0772739
JPYNOK,2017-04-27,0.0772701,0.0774225,0.0766688,0.0769375
JPYNOK,2017-04-28,0.0769371,0.0771419,0.0763959,0.0770335
JPYNOK,2017-05-02,0.076831,0.0768403,0.0765017,0.0767152
JPYNOK,2017-05-03,0.0767144,0.0768416,0.0765105,0.076805
JPYNOK,2017-05-04,0.0768041,0.07728,0.076335,0.0771392
JPYNOK,2017-05-05,0.0771299,0.077707,0.0762252,0.0763638
JPYNOK,2017-05-08,0.076103,0.076886,0.0760854,0.07637
JPYNOK,2017-05-09,0.076364,0.076422,0.0758677,0.0762254
JPYNOK,2017-05-10,0.0762136,0.076536,0.0753727,0.0755011
JPYNOK,2017-05-11,0.0755016,0.0758149,0.0750704,0.0755497
JPYNOK,2017-05-12,0.0755499,0.0758406,0.0754887,0.0755778
JPYNOK,2017-05-15,0.0756822,0.0757929,0.0748884,0.0752411
JPYNOK,2017-05-16,0.0752451,0.0754954,0.0746441,0.0748783
JPYNOK,2017-05-17,0.074879,0.075987,0.074834,0.0758724
JPYNOK,2017-05-18,0.0758657,0.0770568,0.0756213,0.0760322
JPYNOK,2017-05-19,0.0760167,0.0763208,0.0747524,0.0752912
JPYNOK,2017-05-22,0.0753184,0.0755393,0.0748241,0.0750283
JPYNOK,2017-05-23,0.0750325,0.075314,0.0747655,0.0748902
JPYNOK,2017-05-24,0.0748902,0.0751261,0.0746384,0.0747136
JPYNOK,2017-05-25,0.0747128,0.0751557,0.0742201,0.0751051
JPYNOK,2017-05-26,0.0751077,0.0757008,0.0750729,0.0753717
JPYNOK,2017-05-29,0.0754183,0.0757086,0.0753287,0.0756978
JPYNOK,2017-05-30,0.0756971,0.076271,0.0756864,0.0761402
JPYNOK,2017-05-31,0.0761536,0.0764095,0.0758379,0.0760893
JPYNOK,2017-06-01,0.0761062,0.0761903,0.0757298,0.0758921
JPYNOK,2017-06-02,0.0758928,0.0764567,0.0755902,0.0761563
JPYNOK,2017-06-05,0.0762972,0.0766414,0.075983,0.0764519
JPYNOK,2017-06-06,0.0764526,0.0775674,0.0764199,0.0773171
JPYNOK,2017-06-07,0.0773214,0.0777436,0.0771063,0.077364
JPYNOK,2017-06-08,0.0773633,0.0775281,0.0768367,0.0774249
JPYNOK,2017-06-09,0.0774547,0.0775486,0.0767607,0.0770642
JPYNOK,2017-06-12,0.0769276,0.0772827,0.0767225,0.0771098
JPYNOK,2017-06-13,0.0771055,0.0771542,0.0763077,0.076612
JPYNOK,2017-06-14,0.076615,0.0769631,0.0761454,0.0768044
JPYNOK,2017-06-15,0.0768052,0.0774939,0.0766232,0.0767004
JPYNOK,2017-06-16,0.0767026,0.0767225,0.0760222,0.0761637
JPYNOK,2017-06-19,0.0761843,0.0762798,0.0758801,0.076251
JPYNOK,2017-06-20,0.0762541,0.076834,0.0758118,0.0766284
JPYNOK,2017-06-21,0.0766261,0.0770747,0.0764022,0.0765334
JPYNOK,2017-06-22,0.0765176,0.0768731,0.07611,0.0762911
JPYNOK,2017-06-23,0.0762879,0.076378,0.075798,0.0758613
JPYNOK,2017-06-26,0.0758978,0.076133,0.0756377,0.0758764
JPYNOK,2017-06-27,0.075874,0.0761013,0.074752,0.075017
JPYNOK,2017-06-28,0.0750216,0.0757104,0.0747248,0.0751541
JPYNOK,2017-06-29,0.075153,0.075153,0.0742819,0.0747674
JPYNOK,2017-06-30,0.0747631,0.0749959,0.0741895,0.0742273
JPYNOK,2017-07-03,0.07433,0.0743907,0.0737016,0.0737323
JPYNOK,2017-07-04,0.0737357,0.0743085,0.0736315,0.073715
JPYNOK,2017-07-05,0.0737179,0.0743359,0.0734664,0.0741388
JPYNOK,2017-07-06,0.0741401,0.0744186,0.0736629,0.0738056
JPYNOK,2017-07-07,0.0738057,0.0738948,0.073286,0.0734163
JPYNOK,2017-07-10,0.0733232,0.0734139,0.0728256,0.0730326
JPYNOK,2017-07-11,0.0730296,0.0731564,0.0726521,0.0726608
JPYNOK,2017-07-12,0.0726634,0.073384,0.0726384,0.0731917
JPYNOK,2017-07-13,0.0731905,0.0734087,0.0727887,0.0728865
JPYNOK,2017-07-14,0.0728865,0.0730355,0.0726118,0.0727467
JPYNOK,2017-07-17,0.0727504,0.072853,0.0721539,0.072439
JPYNOK,2017-07-18,0.0724305,0.072651,0.071815,0.0721452
JPYNOK,2017-07-19,0.0721474,0.0723405,0.0719095,0.0720182
JPYNOK,2017-07-20,0.0720124,0.0722466,0.0717101,0.0719237
JPYNOK,2017-07-21,0.0719282,0.0723898,0.0717951,0.0723427
JPYNOK,2017-07-24,0.0722756,0.0726642,0.0720291,0.0721017
JPYNOK,2017-07-25,0.0721006,0.0721624,0.0712069,0.0712764
JPYNOK,2017-07-26,0.0712764,0.0715592,0.0709215,0.070942
JPYNOK,2017-07-27,0.070945,0.0717595,0.0709334,0.0714732
JPYNOK,2017-07-28,0.0714737,0.0717094,0.0713256,0.0714935
JPYNOK,2017-07-31,0.071548,0.0720371,0.0712614,0.0713667
JPYNOK,2017-08-01,0.0713594,0.0720055,0.0713286,0.0718011
JPYNOK,2017-08-02,0.0717953,0.0718135,0.0711539,0.0713115
JPYNOK,2017-08-03,0.0713106,0.0719169,0.0712794,0.0718779
JPYNOK,2017-08-04,0.0718786,0.0718858,0.0714278,0.0718037
JPYNOK,2017-08-07,0.0717669,0.0719244,0.0715173,0.0715478
JPYNOK,2017-08-08,0.0715469,0.0721554,0.0713689,0.0721309
JPYNOK,2017-08-09,0.0721276,0.0727509,0.0721265,0.0723426
JPYNOK,2017-08-10,0.0723462,0.0729076,0.0721351,0.0728737
JPYNOK,2017-08-11,0.072871,0.0734558,0.072598,0.0726548
JPYNOK,2017-08-14,0.0727741,0.0727741,0.0721932,0.0725619
JPYNOK,2017-08-15,0.0725676,0.0725679,0.0718755,0.071953
JPYNOK,2017-08-16,0.0719457,0.0719944,0.0714694,0.071972
JPYNOK,2017-08-17,0.0719725,0.0728403,0.0718613,0.0728368
JPYNOK,2017-08-18,0.0728231,0.0730288,0.072123,0.0724676
JPYNOK,2017-08-21,0.0724224,0.0727651,0.0723447,0.0724958
JPYNOK,2017-08-22,0.0724933,0.0725546,0.0721189,0.0721541
JPYNOK,2017-08-23,0.0721541,0.0723875,0.0720549,0.0721986
JPYNOK,2017-08-24,0.0721946,0.072266,0.0715227,0.0715795
JPYNOK,2017-08-25,0.0715769,0.0716649,0.0708571,0.0709145
JPYNOK,2017-08-28,0.0708121,0.0713431,0.0707193,0.0713121
JPYNOK,2017-08-29,0.0713137,0.0717551,0.0705325,0.0707102
JPYNOK,2017-08-30,0.0707096,0.0708889,0.070458,0.0708124
JPYNOK,2017-08-31,0.0708116,0.0709402,0.0704811,0.0705761
JPYNOK,2017-09-01,0.0705815,0.070998,0.0704121,0.0706993
JPYNOK,2017-09-04,0.0711021,0.0712908,0.0708484,0.071199
JPYNOK,2017-09-05,0.0712013,0.0717093,0.0711414,0.0715375
JPYNOK,2017-09-06,0.0715497,0.0717688,0.0712415,0.0713958
JPYNOK,2017-09-07,0.0713957,0.0716773,0.070957,0.0713888
JPYNOK,2017-09-08,0.0713895,0.0719542,0.0712379,0.0717899
JPYNOK,2017-09-11,0.0715382,0.0721005,0.0713944,0.0717052
JPYNOK,2017-09-12,0.0717116,0.0717747,0.0710446,0.0711439
JPYNOK,2017-09-13,0.0711439,0.0715382,0.0710588,0.0712961
JPYNOK,2017-09-14,0.0712996,0.071733,0.0712364,0.0714499
JPYNOK,2017-09-15,0.0714499,0.0718551,0.0701937,0.0708135
JPYNOK,2017-09-18,0.0706907,0.0707786,0.0699454,0.0702309
JPYNOK,2017-09-19,0.070229,0.0702512,0.0697709,0.0699197
JPYNOK,2017-09-20,0.0699222,0.0703096,0.0697635,0.0699971
JPYNOK,2017-09-21,0.069986,0.0700552,0.0693306,0.0694097
JPYNOK,2017-09-22,0.0694121,0.069824,0.0693172,0.0696448
JPYNOK,2017-09-25,0.0697665,0.070273,0.0694478,0.0699986
JPYNOK,2017-09-26,0.0699986,0.0705728,0.0698956,0.0703187
JPYNOK,2017-09-27,0.0703179,0.0706935,0.0701477,0.0705094
JPYNOK,2017-09-28,0.0705119,0.0707391,0.0703967,0.0707069
JPYNOK,2017-09-29,0.0707093,0.0709285,0.0704612,0.0707782
JPYNOK,2017-10-02,0.0707893,0.0710667,0.0704301,0.0709669
JPYNOK,2017-10-03,0.0709669,0.0710718,0.0706276,0.0707437
JPYNOK,2017-10-04,0.0707452,0.0708332,0.0703582,0.0705508
JPYNOK,2017-10-05,0.0705514,0.0710853,0.0704724,0.0709913
JPYNOK,2017-10-06,0.0709884,0.0711431,0.0707642,0.0709281
JPYNOK,2017-10-09,0.0708918,0.0711941,0.0707197,0.0708608
JPYNOK,2017-10-10,0.0708596,0.0709731,0.0705809,0.0707602
JPYNOK,2017-10-11,0.0707588,0.0707894,0.0703522,0.0703753
JPYNOK,2017-10-12,0.0703775,0.070513,0.0701989,0.0703809
JPYNOK,2017-10-13,0.0703756,0.0706224,0.0702492,0.0704608
JPYNOK,2017-10-16,0.0706047,0.0709028,0.0703673,0.0704145
JPYNOK,2017-10-17,0.0704161,0.0708981,0.0703927,0.0708162
JPYNOK,2017-10-18,0.0708162,0.0708389,0.0703669,0.0704564
JPYNOK,2017-10-19,0.0704517,0.0708954,0.0702735,0.0704745
JPYNOK,2017-10-20,0.0704751,0.0705171,0.0702029,0.0704307
JPYNOK,2017-10-23,0.0701534,0.0706461,0.0700945,0.0705421
JPYNOK,2017-10-24,0.0705421,0.0706151,0.070059,0.0702667
JPYNOK,2017-10-25,0.0702673,0.070752,0.0701241,0.0705507
JPYNOK,2017-10-26,0.0705509,0.0717875,0.0703791,0.0716655
JPYNOK,2017-10-27,0.0716832,0.072118,0.0715264,0.0717306
JPYNOK,2017-10-30,0.0717604,0.0722196,0.0715982,0.0720928
JPYNOK,2017-10-31,0.0720928,0.0722843,0.0718129,0.0718597
JPYNOK,2017-11-01,0.0718597,0.0718752,0.0712609,0.0713883
JPYNOK,2017-11-02,0.0713876,0.071585,0.071246,0.0713474
JPYNOK,2017-11-03,0.0713474,0.0717009,0.07129,0.0717009
JPYNOK,2017-11-06,0.071552,0.0716769,0.0712342,0.0715131
JPYNOK,2017-11-07,0.0715138,0.0718601,0.0712365,0.0717326
JPYNOK,2017-11-08,0.0717337,0.0720772,0.0716352,0.0716959
JPYNOK,2017-11-09,0.0716914,0.0720121,0.0714855,0.0716882
JPYNOK,2017-11-10,0.0716913,0.0717761,0.0715411,0.0716167
JPYNOK,2017-11-13,0.0716053,0.0720625,0.0715699,0.0719217
JPYNOK,2017-11-14,0.0719148,0.0725388,0.0716102,0.0720876
JPYNOK,2017-11-15,0.0720876,0.0734009,0.0720876,0.073114
JPYNOK,2017-11-16,0.0731211,0.0731342,0.07238,0.072599
JPYNOK,2017-11-17,0.0726024,0.0736774,0.0725918,0.0734446
JPYNOK,2017-11-20,0.073571,0.0739254,0.0734727,0.0736825
JPYNOK,2017-11-21,0.0736814,0.0741416,0.0729762,0.0730911
JPYNOK,2017-11-22,0.0730766,0.0736005,0.0729351,0.0733025
JPYNOK,2017-11-23,0.0733134,0.0734497,0.0730235,0.0731564
JPYNOK,2017-11-24,0.073157,0.0732362,0.0728199,0.0728566
JPYNOK,2017-11-27,0.0729095,0.0735309,0.0728105,0.0733622
JPYNOK,2017-11-28,0.0733693,0.0740906,0.0732357,0.0738823
JPYNOK,2017-11-29,0.0738701,0.0739431,0.0734512,0.0736772
JPYNOK,2017-11-30,0.0736808,0.0743467,0.0734552,0.073926
JPYNOK,2017-12-01,0.0739289,0.0742284,0.0734788,0.0738248
JPYNOK,2017-12-04,0.073625,0.0741431,0.0733588,0.0740002
JPYNOK,2017-12-05,0.0740096,0.0742375,0.0732181,0.0733517
JPYNOK,2017-12-06,0.073356,0.0740682,0.0733432,0.0736528
JPYNOK,2017-12-07,0.0736428,0.0738069,0.0733546,0.0735179
JPYNOK,2017-12-08,0.0735179,0.073525,0.0730765,0.0731514
JPYNOK,2017-12-11,0.0730264,0.0740119,0.0729203,0.0738049
JPYNOK,2017-12-12,0.0738041,0.0739061,0.0732106,0.0734964
JPYNOK,2017-12-13,0.0734915,0.074119,0.0734546,0.0738332
JPYNOK,2017-12-14,0.0738362,0.0740669,0.0727694,0.0738757
JPYNOK,2017-12-15,0.0738757,0.0746035,0.0737461,0.0744886
JPYNOK,2017-12-18,0.0744834,0.0745134,0.0739642,0.0742761
JPYNOK,2017-12-19,0.0742685,0.0744379,0.073934,0.0739847
JPYNOK,2017-12-20,0.0739705,0.0742134,0.0735089,0.074199
JPYNOK,2017-12-21,0.0742064,0.0742571,0.0736987,0.073733
JPYNOK,2017-12-22,0.0737331,0.0740158,0.0733336,0.0735246
JPYNOK,2017-12-26,0.0734436,0.0736781,0.0733203,0.0733995
JPYNOK,2017-12-27,0.0733995,0.0735683,0.0729572,0.0729928
JPYNOK,2017-12-28,0.0729901,0.0733675,0.0729249,0.073114
JPYNOK,2017-12-29,0.0731087,0.0732058,0.0725758,0.0728548
JPYNOK,2018-01-02,0.0727512,0.0728096,0.072169,0.0724089
JPYNOK,2018-01-03,0.0724083,0.0724911,0.0720085,0.0720377
JPYNOK,2018-01-04,0.0720368,0.0720577,0.0714306,0.0715418
JPYNOK,2018-01-05,0.0715325,0.0715572,0.0709636,0.0710871
JPYNOK,2018-01-08,0.0711634,0.0716282,0.07103,0.0713759
JPYNOK,2018-01-09,0.0714001,0.0723087,0.0713211,0.0720013
JPYNOK,2018-01-10,0.0720043,0.0725339,0.0717564,0.0724649
JPYNOK,2018-01-11,0.0724636,0.0725145,0.0718868,0.0720066
JPYNOK,2018-01-12,0.072007,0.072066,0.071315,0.0713538
JPYNOK,2018-01-15,0.0712733,0.0715727,0.0710744,0.0712936
JPYNOK,2018-01-16,0.0712946,0.071405,0.0710131,0.0713352
JPYNOK,2018-01-17,0.071342,0.0713695,0.0705831,0.0708887
JPYNOK,2018-01-18,0.070891,0.0709023,0.0704139,0.0706294
JPYNOK,2018-01-19,0.0706247,0.0712341,0.0706041,0.071028
JPYNOK,2018-01-22,0.0709614,0.071079,0.070739,0.0708105
JPYNOK,2018-01-23,0.0708033,0.0713944,0.0707716,0.0709593
JPYNOK,2018-01-24,0.070959,0.0714844,0.0709245,0.0709809
JPYNOK,2018-01-25,0.0709803,0.0710542,0.0702741,0.0707373
JPYNOK,2018-01-26,0.0707274,0.0710034,0.0702934,0.0707976
JPYNOK,2018-01-29,0.070808,0.0710275,0.0706332,0.0707441
JPYNOK,2018-01-30,0.0707455,0.0713845,0.0707294,0.0709638
JPYNOK,2018-01-31,0.0709638,0.0710219,0.0702879,0.0706533
JPYNOK,2018-02-01,0.0706532,0.0706749,0.0698268,0.0698391
JPYNOK,2018-02-02,0.0698444,0.0702903,0.0695937,0.0702435
JPYNOK,2018-02-05,0.0702713,0.0718484,0.0701226,0.0717957
JPYNOK,2018-02-06,0.0717964,0.0726125,0.0712032,0.0712107
JPYNOK,2018-02-07,0.0712194,0.0724609,0.0712185,0.0723587
JPYNOK,2018-02-08,0.0723595,0.0730384,0.0718046,0.0729135
JPYNOK,2018-02-09,0.072913,0.0743244,0.072517,0.0734608
JPYNOK,2018-02-12,0.0732558,0.0734861,0.0727661,0.0728153
JPYNOK,2018-02-13,0.072818,0.0734868,0.0727323,0.0730334
JPYNOK,2018-02-14,0.0730503,0.0741291,0.0727471,0.0728697
JPYNOK,2018-02-15,0.0728903,0.0735136,0.0728653,0.0731391
JPYNOK,2018-02-16,0.0731594,0.07338,0.0728233,0.0731973
JPYNOK,2018-02-19,0.0731372,0.0732116,0.0728721,0.0729892
JPYNOK,2018-02-20,0.0729901,0.0732348,0.0728697,0.0730832
JPYNOK,2018-02-21,0.0730994,0.0731323,0.0727364,0.0730729
JPYNOK,2018-02-22,0.0730832,0.073808,0.0730619,0.0735578
JPYNOK,2018-02-23,0.0735585,0.0738678,0.0734276,0.0734883
JPYNOK,2018-02-26,0.0733704,0.0736007,0.0730538,0.0731285
JPYNOK,2018-02-27,0.073138,0.0733747,0.072955,0.0732741
JPYNOK,2018-02-28,0.073275,0.0741188,0.0732204,0.0740889
JPYNOK,2018-03-01,0.0740854,0.0744083,0.0735061,0.0738785
JPYNOK,2018-03-02,0.0738764,0.0746402,0.0734922,0.0736685
JPYNOK,2018-03-05,0.0735279,0.0743119,0.0735279,0.0736093
JPYNOK,2018-03-06,0.0736107,0.0737977,0.0728724,0.0735157
JPYNOK,2018-03-07,0.0735025,0.073983,0.0734597,0.073616
JPYNOK,2018-03-08,0.0736174,0.0740545,0.0735394,0.0737432
JPYNOK,2018-03-09,0.0737379,0.0737552,0.0726895,0.0728003
JPYNOK,2018-03-12,0.0727437,0.0731056,0.0726932,0.0727934
JPYNOK,2018-03-13,0.0727914,0.0728892,0.0721812,0.0726429
JPYNOK,2018-03-14,0.0726429,0.0730362,0.0724383,0.0727048
JPYNOK,2018-03-15,0.0727085,0.072999,0.0722715,0.0725829
JPYNOK,2018-03-16,0.0725836,0.07307,0.0725371,0.0728145
JPYNOK,2018-03-19,0.0728518,0.0732256,0.0727071,0.0728327
JPYNOK,2018-03-20,0.0728322,0.0728853,0.072272,0.0727085
JPYNOK,2018-03-21,0.0726963,0.0729667,0.0724792,0.0725822
JPYNOK,2018-03-22,0.0725799,0.073964,0.0724698,0.0738309
JPYNOK,2018-03-23,0.0738349,0.0742774,0.0735921,0.0740724
JPYNOK,2018-03-26,0.0741053,0.0741053,0.0727734,0.0727966
JPYNOK,2018-03-27,0.0727973,0.0733379,0.0724219,0.0732147
JPYNOK,2018-03-28,0.0732158,0.0740659,0.072945,0.0735927
JPYNOK,2018-03-29,0.073601,0.0739224,0.0735388,0.0736037
JPYNOK,2018-03-30,0.0736037,0.0739801,0.0735621,0.0738475
JPYNOK,2018-04-02,0.073831,0.0747257,0.0736732,0.0745288
JPYNOK,2018-04-03,0.0745289,0.0746781,0.0734459,0.0735587
JPYNOK,2018-04-04,0.0735545,0.0741363,0.0732051,0.0732635
JPYNOK,2018-04-05,0.0732734,0.0732839,0.0727998,0.0729179
JPYNOK,2018-04-06,0.0729194,0.073388,0.0728081,0.0732099
JPYNOK,2018-04-09,0.0732527,0.0733853,0.0725529,0.0729342
JPYNOK,2018-04-10,0.0729436,0.0731533,0.0725244,0.0727731
JPYNOK,2018-04-11,0.0727777,0.0728767,0.0725498,0.0726856
JPYNOK,2018-04-12,0.0726827,0.0729366,0.0723652,0.0724299
JPYNOK,2018-04-13,0.0724206,0.072563,0.0719869,0.072346
JPYNOK,2018-04-16,0.0722818,0.0727004,0.0722089,0.0725154
JPYNOK,2018-04-17,0.0725154,0.0727659,0.0724672,0.0725103
JPYNOK,2018-04-18,0.0725096,0.0725541,0.0722199,0.0723767
JPYNOK,2018-04-19,0.0723831,0.0727303,0.0720337,0.0725648
JPYNOK,2018-04-20,0.072562,0.0728062,0.0723616,0.072686
JPYNOK,2018-04-23,0.0726518,0.0728519,0.0724988,0.0725455
JPYNOK,2018-04-24,0.0725455,0.0728198,0.0723331,0.0726235
JPYNOK,2018-04-25,0.0726129,0.0731118,0.0724747,0.0728624
JPYNOK,2018-04-26,0.0728364,0.0732818,0.0726555,0.0731264
JPYNOK,2018-04-27,0.0731181,0.0734021,0.0729405,0.0729799
JPYNOK,2018-04-30,0.0729628,0.0734938,0.072863,0.073375
JPYNOK,2018-05-01,0.0733754,0.0738943,0.073269,0.0736469
JPYNOK,2018-05-02,0.0736462,0.0739995,0.0733621,0.0738991
JPYNOK,2018-05-03,0.0739148,0.0741927,0.0733956,0.0737191
JPYNOK,2018-05-04,0.0737238,0.0742994,0.0736989,0.0738362
JPYNOK,2018-05-07,0.0738957,0.0740407,0.073679,0.073969
JPYNOK,2018-05-08,0.073969,0.0747968,0.07392,0.074616
JPYNOK,2018-05-09,0.074619,0.0746379,0.0733157,0.0736122
JPYNOK,2018-05-10,0.0736104,0.07362,0.0729157,0.0731146
JPYNOK,2018-05-11,0.0731069,0.0733117,0.072939,0.0731735
JPYNOK,2018-05-14,0.0731238,0.0732949,0.0728201,0.0732792
JPYNOK,2018-05-15,0.0732785,0.0737426,0.0728457,0.0735822
JPYNOK,2018-05-16,0.0735822,0.0738452,0.0731799,0.0732426
JPYNOK,2018-05-17,0.0732444,0.0734589,0.0729292,0.0733122
JPYNOK,2018-05-18,0.0733094,0.0734526,0.0731411,0.0732916
JPYNOK,2018-05-21,0.0732092,0.0732856,0.0724685,0.0724853
JPYNOK,2018-05-22,0.07249,0.0727041,0.0723391,0.0726755
JPYNOK,2018-05-23,0.0726816,0.0741882,0.0726601,0.0735737
JPYNOK,2018-05-24,0.073574,0.074323,0.0734442,0.0741571
JPYNOK,2018-05-25,0.0741457,0.0746669,0.0737565,0.0745701
JPYNOK,2018-05-28,0.0742838,0.0749957,0.0741827,0.0749342
JPYNOK,2018-05-29,0.0749376,0.0767131,0.0748476,0.0763179
JPYNOK,2018-05-30,0.0763201,0.0765658,0.0749282,0.0751199
JPYNOK,2018-05-31,0.0751206,0.0755219,0.074816,0.0752036
JPYNOK,2018-06-01,0.0752025,0.0752238,0.0744219,0.0747574
JPYNOK,2018-06-04,0.0747435,0.0747696,0.0739093,0.0739306
JPYNOK,2018-06-05,0.0739286,0.0743358,0.073678,0.0738499
JPYNOK,2018-06-06,0.0738524,0.0738845,0.0733094,0.0733552
JPYNOK,2018-06-07,0.073358,0.0735648,0.0729212,0.0734706
JPYNOK,2018-06-08,0.0734728,0.0742636,0.0733293,0.0736631
JPYNOK,2018-06-11,0.0737073,0.0737073,0.0729952,0.0730777
JPYNOK,2018-06-12,0.0730811,0.0731751,0.0724492,0.0729448
JPYNOK,2018-06-13,0.0729453,0.0729467,0.0724618,0.0726869
JPYNOK,2018-06-14,0.0726862,0.073578,0.0725256,0.0734431
JPYNOK,2018-06-15,0.0734381,0.0737805,0.0733304,0.0736027
JPYNOK,2018-06-18,0.0736893,0.0740523,0.0734931,0.073521
JPYNOK,2018-06-19,0.0735172,0.0749964,0.0735005,0.0744128
JPYNOK,2018-06-20,0.0743967,0.0745787,0.0739338,0.0741227
JPYNOK,2018-06-21,0.0741327,0.0741767,0.0735147,0.0739299
JPYNOK,2018-06-22,0.0739328,0.0739491,0.0732509,0.0735636
JPYNOK,2018-06-25,0.0735682,0.074388,0.0735435,0.073853
JPYNOK,2018-06-26,0.0738401,0.0741586,0.0737337,0.0738974
JPYNOK,2018-06-27,0.0738974,0.0744204,0.0736997,0.0742947
JPYNOK,2018-06-28,0.0742948,0.0744689,0.0740085,0.0741696
JPYNOK,2018-06-29,0.0741668,0.0741939,0.0733699,0.0735712
JPYNOK,2018-07-02,0.073717,0.0740881,0.0735003,0.0737466
JPYNOK,2018-07-03,0.0737442,0.073831,0.0731738,0.073591
JPYNOK,2018-07-04,0.073594,0.0737259,0.0732736,0.0734781
JPYNOK,2018-07-05,0.0734724,0.073596,0.0726444,0.072871
JPYNOK,2018-07-06,0.0728513,0.0729692,0.0725349,0.0727502
JPYNOK,2018-07-09,0.0727115,0.0727846,0.0722933,0.0723974
JPYNOK,2018-07-10,0.0723974,0.0724019,0.0719515,0.0722496
JPYNOK,2018-07-11,0.0722493,0.072622,0.0721054,0.0724398
JPYNOK,2018-07-12,0.0724232,0.0724523,0.0719519,0.0720731
JPYNOK,2018-07-13,0.0720728,0.072525,0.0719504,0.0722935
JPYNOK,2018-07-16,0.0722454,0.0722693,0.0719486,0.0721492
JPYNOK,2018-07-17,0.0721501,0.0722463,0.0718712,0.0722156
JPYNOK,2018-07-18,0.0722192,0.0726742,0.0721307,0.0724041
JPYNOK,2018-07-19,0.0724041,0.0733322,0.0723753,0.0732217
JPYNOK,2018-07-20,0.0732195,0.0734642,0.0729965,0.0733078
JPYNOK,2018-07-23,0.0734125,0.0737403,0.0733208,0.0736552
JPYNOK,2018-07-24,0.0736512,0.0738724,0.0734242,0.0735717
JPYNOK,2018-07-25,0.0735767,0.0738013,0.073221,0.0733976
JPYNOK,2018-07-26,0.0733917,0.0736783,0.0732933,0.0736297
JPYNOK,2018-07-27,0.0736289,0.0739873,0.0735764,0.0737936
JPYNOK,2018-07-30,0.0738385,0.0738514,0.0732239,0.0732506
JPYNOK,2018-07-31,0.07325,0.0734022,0.0727385,0.0729539
JPYNOK,2018-08-01,0.0729578,0.0733699,0.0727795,0.0732211
JPYNOK,2018-08-02,0.073225,0.07386,0.073159,0.0738186
JPYNOK,2018-08-03,0.0738173,0.0742268,0.0736408,0.0742003
JPYNOK,2018-08-06,0.0742254,0.074286,0.0739155,0.0740786
JPYNOK,2018-08-07,0.0740764,0.0741426,0.0736154,0.0736532
JPYNOK,2018-08-08,0.0736549,0.0742396,0.0734764,0.074071
JPYNOK,2018-08-09,0.0740702,0.0748954,0.0739481,0.0748606
JPYNOK,2018-08-10,0.0748601,0.075775,0.0748415,0.075546
JPYNOK,2018-08-13,0.0758597,0.0765049,0.0752413,0.0755612
JPYNOK,2018-08-14,0.0755612,0.075823,0.0750472,0.075644
JPYNOK,2018-08-15,0.0756495,0.0768334,0.0755784,0.0764009
JPYNOK,2018-08-16,0.0764015,0.0766594,0.0758378,0.0764308
JPYNOK,2018-08-17,0.0764288,0.0770655,0.0763436,0.0764107
JPYNOK,2018-08-20,0.0763876,0.0768318,0.0762531,0.0766882
JPYNOK,2018-08-21,0.0766903,0.076833,0.0760001,0.0762664
JPYNOK,2018-08-22,0.076263,0.0763672,0.0754075,0.0754791
JPYNOK,2018-08-23,0.0754774,0.0756211,0.0750454,0.0753383
JPYNOK,2018-08-24,0.0753342,0.0753754,0.0748528,0.0749434
JPYNOK,2018-08-27,0.0748395,0.0753367,0.0747032,0.0749727
JPYNOK,2018-08-28,0.0749674,0.0751457,0.0746312,0.0750696
JPYNOK,2018-08-29,0.0750785,0.0753702,0.0745331,0.0745481
JPYNOK,2018-08-30,0.0745481,0.0752523,0.074415,0.0751562
JPYNOK,2018-08-31,0.0751563,0.0756576,0.074985,0.0754821
JPYNOK,2018-09-03,0.0755165,0.0757041,0.0751127,0.0752286
JPYNOK,2018-09-04,0.0752293,0.0756947,0.0750909,0.0753395
JPYNOK,2018-09-05,0.0753395,0.0756606,0.0750191,0.0753544
JPYNOK,2018-09-06,0.0753265,0.0762326,0.0752771,0.0760743
JPYNOK,2018-09-07,0.076076,0.0763416,0.0757905,0.0760607
JPYNOK,2018-09-10,0.0761639,0.0761869,0.0752433,0.0755003
JPYNOK,2018-09-11,0.0754956,0.0755158,0.0745259,0.0745856
JPYNOK,2018-09-12,0.0745813,0.07485,0.0738202,0.0742075
JPYNOK,2018-09-13,0.0742042,0.0742879,0.0733592,0.0734067
JPYNOK,2018-09-14,0.0734164,0.0738134,0.0733134,0.0737186
JPYNOK,2018-09-17,0.0737364,0.0738005,0.0728832,0.0730612
JPYNOK,2018-09-18,0.0730612,0.0732876,0.0725271,0.0725588
JPYNOK,2018-09-19,0.0725892,0.0729518,0.072371,0.0726217
JPYNOK,2018-09-20,0.0726277,0.0733188,0.0723558,0.0724797
JPYNOK,2018-09-21,0.0724571,0.072477,0.0720166,0.072444
JPYNOK,2018-09-24,0.0724544,0.0725458,0.0720369,0.0721837
JPYNOK,2018-09-25,0.0721843,0.0722473,0.0717752,0.0719629
JPYNOK,2018-09-26,0.0719625,0.0720612,0.0716201,0.0719604
JPYNOK,2018-09-27,0.0719552,0.0722703,0.0716612,0.0719169
JPYNOK,2018-09-28,0.0719154,0.0722411,0.0716241,0.0716248
JPYNOK,2018-10-01,0.0716204,0.0716838,0.0712776,0.0715251
JPYNOK,2018-10-02,0.071528,0.0722904,0.0715031,0.0719328
JPYNOK,2018-10-03,0.0719331,0.0720738,0.0715551,0.0718714
JPYNOK,2018-10-04,0.0718707,0.0726229,0.0718388,0.0723938
JPYNOK,2018-10-05,0.0723956,0.0728974,0.0722963,0.07266
JPYNOK,2018-10-08,0.0726092,0.0734236,0.0725518,0.0731049
JPYNOK,2018-10-09,0.0731056,0.0733812,0.0729452,0.07317
JPYNOK,2018-10-10,0.0731741,0.073409,0.0724259,0.0732705
JPYNOK,2018-10-11,0.0732724,0.0736072,0.0729587,0.0732426
JPYNOK,2018-10-12,0.0732478,0.0733159,0.0727451,0.0728334
JPYNOK,2018-10-15,0.0729417,0.0732824,0.0727751,0.0729416
JPYNOK,2018-10-16,0.0729317,0.0729448,0.0723938,0.0725502
JPYNOK,2018-10-17,0.0725502,0.0732328,0.0724472,0.0728978
JPYNOK,2018-10-18,0.072905,0.073896,0.0728524,0.0737963
JPYNOK,2018-10-19,0.0737916,0.073809,0.0729684,0.0730171
JPYNOK,2018-10-22,0.0730657,0.0733751,0.0727149,0.073167
JPYNOK,2018-10-23,0.0731641,0.07425,0.0731448,0.0737697
JPYNOK,2018-10-24,0.0737682,0.074449,0.0734668,0.0744308
JPYNOK,2018-10-25,0.0744254,0.0746111,0.073891,0.0742516
JPYNOK,2018-10-26,0.074251,0.075095,0.0742106,0.0746039
JPYNOK,2018-10-29,0.0746825,0.0748061,0.0741652,0.0747063
JPYNOK,2018-10-30,0.0747063,0.0747252,0.0741837,0.0743851
JPYNOK,2018-10-31,0.0743844,0.0747526,0.0742266,0.0746537
JPYNOK,2018-11-01,0.0746526,0.0747759,0.0739555,0.0741767
JPYNOK,2018-11-02,0.0741814,0.0742282,0.0735243,0.0739208
JPYNOK,2018-11-05,0.0738807,0.0740547,0.0737003,0.0738487
JPYNOK,2018-11-06,0.073848,0.0740056,0.0736306,0.0737564
JPYNOK,2018-11-07,0.0737617,0.073854,0.0732162,0.0735036
JPYNOK,2018-11-08,0.0735021,0.0736421,0.0731665,0.0734655
JPYNOK,2018-11-09,0.0734503,0.0742461,0.0734503,0.0740586
JPYNOK,2018-11-12,0.074166,0.0749052,0.0739154,0.0748693
JPYNOK,2018-11-13,0.074867,0.0750095,0.0743335,0.0746106
JPYNOK,2018-11-14,0.0746106,0.0750935,0.0743054,0.0749081
JPYNOK,2018-11-15,0.0749062,0.0752368,0.0745034,0.0747224
JPYNOK,2018-11-16,0.0747195,0.0749945,0.0746213,0.0748507
JPYNOK,2018-11-19,0.0747824,0.0754503,0.0747476,0.0753749
JPYNOK,2018-11-20,0.0753716,0.0763112,0.0751731,0.0761755
JPYNOK,2018-11-21,0.0761744,0.0762516,0.0753165,0.0753805
JPYNOK,2018-11-22,0.0753735,0.0757747,0.0752808,0.0755304
JPYNOK,2018-11-23,0.0755304,0.07625,0.0754897,0.0761104
JPYNOK,2018-11-26,0.0760747,0.0761337,0.0753197,0.0755936
JPYNOK,2018-11-27,0.0755947,0.0759025,0.0754794,0.0755763
JPYNOK,2018-11-28,0.075575,0.0756915,0.0751598,0.07531
JPYNOK,2018-11-29,0.0753007,0.0757137,0.0751916,0.075253
JPYNOK,2018-11-30,0.0752552,0.0758055,0.0751951,0.0757152
JPYNOK,2018-12-03,0.075341,0.0753742,0.0749717,0.0750731
JPYNOK,2018-12-04,0.0750757,0.0756414,0.0749339,0.0754707
JPYNOK,2018-12-05,0.0754771,0.0755537,0.0750763,0.0751166
JPYNOK,2018-12-06,0.0751178,0.0761027,0.0751135,0.075545
JPYNOK,2018-12-07,0.0755369,0.0757282,0.075104,0.0753194
JPYNOK,2018-12-10,0.0754634,0.0757836,0.0750119,0.0756403
JPYNOK,2018-12-11,0.0756303,0.0757813,0.075234,0.0756501
JPYNOK,2018-12-12,0.0756494,0.075834,0.0754403,0.0756736
JPYNOK,2018-12-13,0.0756787,0.0757085,0.0751842,0.0753472
JPYNOK,2018-12-14,0.0753394,0.07616,0.0752896,0.0760649
JPYNOK,2018-12-17,0.0760567,0.0767584,0.0758273,0.0766198
JPYNOK,2018-12-18,0.0766191,0.0777586,0.0765569,0.0776123
JPYNOK,2018-12-19,0.0776164,0.0778069,0.0771573,0.0775588
JPYNOK,2018-12-20,0.0775528,0.0782609,0.077065,0.0779822
JPYNOK,2018-12-21,0.0779822,0.0789638,0.077671,0.0788942
JPYNOK,2018-12-24,0.0789303,0.0793794,0.0785244,0.0793373
JPYNOK,2018-12-26,0.0793876,0.0798367,0.0785379,0.0787282
JPYNOK,2018-12-27,0.0787329,0.0795087,0.0785821,0.0790717
JPYNOK,2018-12-28,0.0790636,0.0794,0.0786822,0.0790641
JPYNOK,2018-12-31,0.0790115,0.079201,0.0787208,0.0787708
JPYNOK,2019-01-02,0.0788535,0.0832472,0.0787305,0.0818356
JPYNOK,2019-01-03,0.0818125,0.0819159,0.0803112,0.0807163
JPYNOK,2019-01-04,0.08072,0.0808012,0.0793722,0.0794518
JPYNOK,2019-01-07,0.0793679,0.0795246,0.0784282,0.0785251
JPYNOK,2019-01-08,0.0785217,0.0789165,0.078366,0.0785705
JPYNOK,2019-01-09,0.0785814,0.0785912,0.0780992,0.078268
JPYNOK,2019-01-10,0.078263,0.0786968,0.0781122,0.078177
JPYNOK,2019-01-11,0.0781766,0.0787594,0.0779766,0.0786206
JPYNOK,2019-01-14,0.0786778,0.0792075,0.078662,0.0790557
JPYNOK,2019-01-15,0.0790399,0.0790872,0.0783509,0.0786636
JPYNOK,2019-01-16,0.0786423,0.0788968,0.0781729,0.0782458
JPYNOK,2019-01-17,0.0782465,0.0788944,0.0780115,0.0783279
JPYNOK,2019-01-18,0.0783311,0.0784059,0.0778112,0.0780228
JPYNOK,2019-01-21,0.0779631,0.0782706,0.0779626,0.0780618
JPYNOK,2019-01-22,0.078067,0.0788243,0.0780213,0.0786573
JPYNOK,2019-01-23,0.0786567,0.0786986,0.0780998,0.0782093
JPYNOK,2019-01-24,0.0782082,0.0784609,0.0779461,0.0783763
JPYNOK,2019-01-25,0.0783516,0.0783967,0.0775094,0.0776784
JPYNOK,2019-01-28,0.0777032,0.0781218,0.0776954,0.077876
JPYNOK,2019-01-29,0.0778831,0.07804,0.0774672,0.0776868
JPYNOK,2019-01-30,0.0776892,0.0778361,0.0771997,0.077241
JPYNOK,2019-01-31,0.0772438,0.0776384,0.0771643,0.07748
JPYNOK,2019-02-01,0.0774758,0.0776533,0.0768834,0.0770416
JPYNOK,2019-02-04,0.0770457,0.0772647,0.0768476,0.0769893
JPYNOK,2019-02-05,0.0769896,0.0772322,0.0769012,0.0771711
JPYNOK,2019-02-06,0.0771787,0.0777979,0.077136,0.0776497
JPYNOK,2019-02-07,0.0776512,0.0783172,0.0776307,0.0782685
JPYNOK,2019-02-08,0.0782693,0.078811,0.0782282,0.0786809
JPYNOK,2019-02-11,0.078687,0.0790905,0.0785258,0.0789011
JPYNOK,2019-02-12,0.0789283,0.0789877,0.0782281,0.0782745
JPYNOK,2019-02-13,0.0782744,0.0782748,0.0777816,0.0780405
JPYNOK,2019-02-14,0.0780376,0.0784008,0.0776671,0.0782895
JPYNOK,2019-02-15,0.0782906,0.0787532,0.078159,0.0781779
JPYNOK,2019-02-18,0.0781725,0.0782165,0.0777803,0.0778156
JPYNOK,2019-02-19,0.0778173,0.0780794,0.0773925,0.0775038
JPYNOK,2019-02-20,0.0775087,0.0776211,0.0771719,0.0774975
JPYNOK,2019-02-21,0.0774925,0.0781085,0.0774394,0.0779493
JPYNOK,2019-02-22,0.0779516,0.0779697,0.0776849,0.0778295
JPYNOK,2019-02-25,0.0777182,0.0778253,0.0773281,0.0774179
JPYNOK,2019-02-26,0.0774174,0.0778353,0.0773576,0.0773937
JPYNOK,2019-02-27,0.0773956,0.0776065,0.0768473,0.0770854
JPYNOK,2019-02-28,0.0770856,0.0772797,0.0766912,0.076867
JPYNOK,2019-03-01,0.0768629,0.0768888,0.0763306,0.0766624
JPYNOK,2019-03-04,0.0765817,0.0775513,0.0765068,0.077412
JPYNOK,2019-03-05,0.0774356,0.0775679,0.0772227,0.0774737
JPYNOK,2019-03-06,0.0774708,0.0777444,0.077411,0.0775457
JPYNOK,2019-03-07,0.0775519,0.0788847,0.0774922,0.0786825
JPYNOK,2019-03-08,0.0786714,0.0794721,0.0786084,0.0787331
JPYNOK,2019-03-11,0.0787352,0.0788979,0.0776945,0.0777145
JPYNOK,2019-03-12,0.0777127,0.0779567,0.0773718,0.0775471
JPYNOK,2019-03-13,0.0775477,0.0777286,0.0768966,0.0769023
JPYNOK,2019-03-14,0.0769016,0.0771733,0.0766015,0.0767256
JPYNOK,2019-03-15,0.0767263,0.0768252,0.0764717,0.0765262
JPYNOK,2019-03-18,0.0765057,0.0769057,0.0762968,0.07674
JPYNOK,2019-03-19,0.0767405,0.0769108,0.0764074,0.0765743
JPYNOK,2019-03-20,0.0765757,0.0768435,0.0764058,0.0767194
JPYNOK,2019-03-21,0.0767194,0.0771113,0.076159,0.0762705
JPYNOK,2019-03-22,0.0762793,0.0782344,0.0761747,0.0778299
JPYNOK,2019-03-25,0.077854,0.0781368,0.0772556,0.0775437
JPYNOK,2019-03-26,0.077547,0.0775787,0.0770785,0.0772732
JPYNOK,2019-03-27,0.0772737,0.0783813,0.0772322,0.078142
JPYNOK,2019-03-28,0.078142,0.0787997,0.0780355,0.0780474
JPYNOK,2019-03-29,0.0780467,0.0781224,0.0775176,0.0778185
JPYNOK,2019-04-01,0.0776552,0.077709,0.0770452,0.0771095
JPYNOK,2019-04-02,0.0771076,0.0775533,0.0770718,0.0772719
JPYNOK,2019-04-03,0.0772629,0.0773339,0.0766064,0.0768643
JPYNOK,2019-04-04,0.0768713,0.0771662,0.076803,0.0770418
JPYNOK,2019-04-05,0.0770406,0.0771745,0.0768651,0.0770871
JPYNOK,2019-04-08,0.0770923,0.0772708,0.0765781,0.0767
JPYNOK,2019-04-09,0.0767002,0.0770208,0.0765485,0.0770133
JPYNOK,2019-04-10,0.0770076,0.0771299,0.0764579,0.0765808
JPYNOK,2019-04-11,0.076589,0.0766353,0.076309,0.0764335
JPYNOK,2019-04-12,0.0764348,0.0764639,0.0757471,0.0758572
JPYNOK,2019-04-15,0.07578,0.0759565,0.0757175,0.0758736
JPYNOK,2019-04-16,0.0758577,0.0760035,0.075682,0.075783
JPYNOK,2019-04-17,0.0757874,0.0759604,0.0755187,0.0758512
JPYNOK,2019-04-18,0.0758506,0.076572,0.075829,0.0761003
JPYNOK,2019-04-22,0.0761848,0.0762207,0.0758556,0.0759687
JPYNOK,2019-04-23,0.0759687,0.0766537,0.075901,0.0764315
JPYNOK,2019-04-24,0.0764326,0.077291,0.0764192,0.0771553
JPYNOK,2019-04-25,0.0771559,0.0778732,0.0770916,0.0777733
JPYNOK,2019-04-26,0.0777755,0.0779212,0.0775697,0.077855
JPYNOK,2019-04-29,0.0778625,0.0779256,0.077473,0.0775635
JPYNOK,2019-04-30,0.0775663,0.0779286,0.0774051,0.0775167
JPYNOK,2019-05-01,0.0775148,0.077943,0.0773707,0.0778829
JPYNOK,2019-05-02,0.0778858,0.0787543,0.0776746,0.0785641
JPYNOK,2019-05-03,0.0785642,0.0788811,0.0782448,0.0783946
JPYNOK,2019-05-06,0.0791409,0.0793613,0.0785463,0.0789453
JPYNOK,2019-05-07,0.0789441,0.0796338,0.0786024,0.0793275
JPYNOK,2019-05-08,0.0793317,0.0798708,0.079299,0.0796611
JPYNOK,2019-05-09,0.079679,0.0803076,0.0796284,0.0800946
JPYNOK,2019-05-10,0.080093,0.0802792,0.0792124,0.0793448
JPYNOK,2019-05-13,0.0795079,0.0804228,0.0793912,0.0803535
JPYNOK,2019-05-14,0.0803472,0.0803606,0.0795289,0.0797723
JPYNOK,2019-05-15,0.0797713,0.0802426,0.0794038,0.0795699
JPYNOK,2019-05-16,0.0795777,0.079811,0.0792394,0.0797088
JPYNOK,2019-05-17,0.0797035,0.0801628,0.0796168,0.0799935
JPYNOK,2019-05-20,0.0798686,0.0800691,0.0795784,0.0798847
JPYNOK,2019-05-21,0.0798915,0.0799926,0.0791319,0.0793232
JPYNOK,2019-05-22,0.0793246,0.0795477,0.0790922,0.0794296
JPYNOK,2019-05-23,0.0794371,0.0801314,0.0793851,0.079882
JPYNOK,2019-05-24,0.0798778,0.0800238,0.0794544,0.0795146
JPYNOK,2019-05-27,0.0795264,0.0796814,0.0793081,0.07954
JPYNOK,2019-05-28,0.0795554,0.0798818,0.0792802,0.0797791
JPYNOK,2019-05-29,0.0797772,0.080394,0.0796831,0.0799147
JPYNOK,2019-05-30,0.0799169,0.0802067,0.0796782,0.0800448
JPYNOK,2019-05-31,0.0800266,0.0809341,0.0799693,0.0808076
JPYNOK,2019-06-03,0.0808873,0.0810711,0.0804037,0.0805703
JPYNOK,2019-06-04,0.0805738,0.0807401,0.0803252,0.0804284
JPYNOK,2019-06-05,0.0804261,0.0807697,0.0799939,0.0807624
JPYNOK,2019-06-06,0.0807575,0.0808717,0.0801265,0.0802926
JPYNOK,2019-06-07,0.08029,0.0803227,0.0796346,0.079761
JPYNOK,2019-06-10,0.079533,0.0799224,0.0794224,0.0798239
JPYNOK,2019-06-11,0.079825,0.0800252,0.0793571,0.0795352
JPYNOK,2019-06-12,0.0795361,0.0799305,0.0795274,0.0798156
JPYNOK,2019-06-13,0.0798194,0.0801746,0.0797545,0.0801197
JPYNOK,2019-06-14,0.0801197,0.0804624,0.0801082,0.0803785
JPYNOK,2019-06-17,0.0803886,0.0805389,0.0801573,0.0804816
JPYNOK,2019-06-18,0.0804756,0.0809501,0.0804186,0.0806682
JPYNOK,2019-06-19,0.08067,0.0808732,0.0804725,0.0805285
JPYNOK,2019-06-20,0.0805291,0.0806373,0.0793204,0.079689
JPYNOK,2019-06-21,0.0796912,0.0799929,0.0791163,0.0791667
JPYNOK,2019-06-24,0.0793287,0.0793395,0.0789468,0.0790428
JPYNOK,2019-06-25,0.079028,0.0798154,0.0789465,0.0797408
JPYNOK,2019-06-26,0.0797487,0.0797851,0.0788003,0.0788532
JPYNOK,2019-06-27,0.0788583,0.0791778,0.0786878,0.0790524
JPYNOK,2019-06-28,0.0790587,0.0793319,0.0789882,0.0791895
JPYNOK,2019-07-01,0.0787347,0.0792555,0.0785545,0.0792005
JPYNOK,2019-07-02,0.0791774,0.0795815,0.0789843,0.0794333
JPYNOK,2019-07-03,0.0794274,0.0798935,0.0791524,0.0792013
JPYNOK,2019-07-04,0.0791836,0.0793554,0.0791214,0.0791586
JPYNOK,2019-07-05,0.0791635,0.0796462,0.0790836,0.0794807
JPYNOK,2019-07-08,0.0794772,0.0797435,0.0793908,0.079551
JPYNOK,2019-07-09,0.0795702,0.0797662,0.0793805,0.0795264
JPYNOK,2019-07-10,0.0795222,0.0796197,0.0790639,0.0791646
JPYNOK,2019-07-11,0.0791556,0.0794064,0.078744,0.0787921
JPYNOK,2019-07-12,0.0787932,0.079274,0.078662,0.0792184
JPYNOK,2019-07-15,0.0791718,0.079307,0.0789861,0.079222
JPYNOK,2019-07-16,0.0792204,0.0793893,0.0789019,0.0792333
JPYNOK,2019-07-17,0.0792319,0.079669,0.0791652,0.0796216
JPYNOK,2019-07-18,0.0796208,0.0799009,0.0795546,0.0796187
JPYNOK,2019-07-19,0.0796195,0.0797007,0.0793575,0.0796489
JPYNOK,2019-07-22,0.0796989,0.0799028,0.0794211,0.0798469
JPYNOK,2019-07-23,0.0798491,0.0804982,0.0798027,0.0802436
JPYNOK,2019-07-24,0.0802395,0.0805424,0.0798713,0.0799597
JPYNOK,2019-07-25,0.0799545,0.0802065,0.0797479,0.0799153
JPYNOK,2019-07-26,0.0799193,0.0803791,0.0798479,0.0802733
JPYNOK,2019-07-29,0.0802049,0.0803972,0.0799311,0.0799736
JPYNOK,2019-07-30,0.0799709,0.0807871,0.0798741,0.0806123
JPYNOK,2019-07-31,0.0806093,0.0816191,0.0806048,0.0815418
JPYNOK,2019-08-01,0.0815416,0.0829492,0.0812697,0.0828702
JPYNOK,2019-08-02,0.0828686,0.0839092,0.0827119,0.0837545
JPYNOK,2019-08-05,0.0837346,0.0845161,0.0836574,0.0844423
JPYNOK,2019-08-06,0.0844261,0.0845804,0.0832833,0.0836965
JPYNOK,2019-08-07,0.0836929,0.0851434,0.0836836,0.0843641
JPYNOK,2019-08-08,0.0843698,0.0846454,0.0839782,0.0843131
JPYNOK,2019-08-09,0.084315,0.0844932,0.0836866,0.0841499
JPYNOK,2019-08-12,0.084039,0.0852377,0.0839443,0.0847527
JPYNOK,2019-08-13,0.0847563,0.0850614,0.0831084,0.0831832
JPYNOK,2019-08-14,0.0831831,0.0850326,0.0831789,0.0849967
JPYNOK,2019-08-15,0.0849967,0.0853947,0.0839305,0.0850949
JPYNOK,2019-08-16,0.0850892,0.0852443,0.0845093,0.0847561
JPYNOK,2019-08-19,0.0846988,0.0848376,0.0840752,0.0842902
JPYNOK,2019-08-20,0.0842903,0.0849658,0.0842317,0.0846374
JPYNOK,2019-08-21,0.0846359,0.0846576,0.0839076,0.0839529
JPYNOK,2019-08-22,0.0839539,0.0846369,0.0839033,0.0843728
JPYNOK,2019-08-23,0.0843729,0.0852623,0.0841829,0.0851243
JPYNOK,2019-08-26,0.085758,0.0860883,0.0844744,0.0848911
JPYNOK,2019-08-27,0.0848805,0.0855239,0.0848786,0.0852634
JPYNOK,2019-08-28,0.085256,0.0856008,0.0851046,0.085382
JPYNOK,2019-08-29,0.0853819,0.0858508,0.0852365,0.0854517
JPYNOK,2019-08-30,0.0854453,0.0859798,0.0854158,0.0858443
JPYNOK,2019-09-02,0.0860817,0.0861346,0.085568,0.0857808
JPYNOK,2019-09-03,0.0857651,0.0864855,0.0857578,0.0860103
JPYNOK,2019-09-04,0.0860089,0.0860791,0.0848949,0.0849279
JPYNOK,2019-09-05,0.0849274,0.0849839,0.0838194,0.0842993
JPYNOK,2019-09-06,0.0842609,0.0844139,0.0839669,0.084
JPYNOK,2019-09-09,0.0841352,0.0841621,0.083246,0.0832634
JPYNOK,2019-09-10,0.0832632,0.0837919,0.0830599,0.0832906
JPYNOK,2019-09-11,0.0832926,0.0834658,0.0829837,0.0831675
JPYNOK,2019-09-12,0.083164,0.0837852,0.0827768,0.0830534
JPYNOK,2019-09-13,0.0830556,0.0832035,0.082814,0.0831673
JPYNOK,2019-09-16,0.0829633,0.0834865,0.0827648,0.0828982
JPYNOK,2019-09-17,0.0828975,0.0830779,0.0824812,0.0826348
JPYNOK,2019-09-18,0.0826325,0.0829703,0.082485,0.0825882
JPYNOK,2019-09-19,0.0825774,0.0832596,0.0822866,0.0831759
JPYNOK,2019-09-20,0.0831881,0.0843593,0.0831042,0.0843509
JPYNOK,2019-09-23,0.084221,0.0849321,0.0840061,0.0841617
JPYNOK,2019-09-24,0.0841611,0.0842361,0.0836391,0.0841402
JPYNOK,2019-09-25,0.0841423,0.0843382,0.0839656,0.0840977
JPYNOK,2019-09-26,0.0840982,0.0844796,0.0840204,0.084324
JPYNOK,2019-09-27,0.0843239,0.0845098,0.0838515,0.0841464
JPYNOK,2019-09-30,0.0841525,0.0843636,0.0839548,0.0842604
JPYNOK,2019-10-01,0.0842609,0.0848349,0.0840976,0.0847264
JPYNOK,2019-10-02,0.0847269,0.085465,0.0845883,0.0852337
JPYNOK,2019-10-03,0.0852377,0.0857887,0.0851325,0.0854028
JPYNOK,2019-10-04,0.0853981,0.0855449,0.084988,0.0850972
JPYNOK,2019-10-07,0.0853258,0.0856556,0.08501,0.0851942
JPYNOK,2019-10-08,0.0852204,0.0858633,0.0849995,0.0856267
JPYNOK,2019-10-09,0.0856258,0.0857222,0.085256,0.085405
JPYNOK,2019-10-10,0.0854103,0.0858022,0.0845123,0.0846168
JPYNOK,2019-10-11,0.0846172,0.0846434,0.0834117,0.083824
JPYNOK,2019-10-14,0.0838112,0.0844113,0.0837198,0.0841061
JPYNOK,2019-10-15,0.0841158,0.0846532,0.0837667,0.0839216
JPYNOK,2019-10-16,0.0839221,0.0847794,0.0838709,0.0844354
JPYNOK,2019-10-17,0.0844391,0.0847198,0.0839034,0.0845363
JPYNOK,2019-10-18,0.0845306,0.0847596,0.0844283,0.0845218
JPYNOK,2019-10-21,0.0845756,0.0847517,0.0837957,0.0842046
JPYNOK,2019-10-22,0.0841881,0.0844907,0.0839915,0.0844026
JPYNOK,2019-10-23,0.0844103,0.0849254,0.0838951,0.083985
JPYNOK,2019-10-24,0.0839779,0.0842662,0.0835896,0.0841444
JPYNOK,2019-10-25,0.084162,0.0847264,0.0840581,0.0846161
JPYNOK,2019-10-28,0.0846402,0.0849026,0.0844618,0.0846694
JPYNOK,2019-10-29,0.0846694,0.0854904,0.084562,0.0848077
JPYNOK,2019-10-30,0.0848054,0.0850128,0.0842987,0.0844013
JPYNOK,2019-10-31,0.0844003,0.0853284,0.0843074,0.0851521
JPYNOK,2019-11-01,0.085154,0.0852762,0.0839602,0.0840139
JPYNOK,2019-11-04,0.084072,0.0843153,0.0837942,0.0843003
JPYNOK,2019-11-05,0.0842923,0.0843659,0.083668,0.0840924
JPYNOK,2019-11-06,0.084078,0.0845152,0.0837878,0.0842149
JPYNOK,2019-11-07,0.0842165,0.0845872,0.0831792,0.0833468
JPYNOK,2019-11-08,0.083347,0.0840431,0.0832653,0.0836194
JPYNOK,2019-11-11,0.0836912,0.0841629,0.0836744,0.0838614
JPYNOK,2019-11-12,0.08387,0.084142,0.0835388,0.0840842
JPYNOK,2019-11-13,0.0840867,0.0848293,0.084032,0.0844681
JPYNOK,2019-11-14,0.0844678,0.084893,0.0844583,0.0846015
JPYNOK,2019-11-15,0.0846022,0.0846197,0.0834771,0.0835547
JPYNOK,2019-11-18,0.0836154,0.0840431,0.0832631,0.0838301
JPYNOK,2019-11-19,0.0838296,0.0842367,0.083739,0.0841084
JPYNOK,2019-11-20,0.0840993,0.0849818,0.0839432,0.0842433
JPYNOK,2019-11-21,0.084255,0.0845054,0.0837898,0.0842553
JPYNOK,2019-11-22,0.0842552,0.0845723,0.0839051,0.0843375
JPYNOK,2019-11-25,0.0843285,0.0845094,0.0839037,0.0843321
JPYNOK,2019-11-26,0.0843303,0.0843592,0.0840317,0.0841194
JPYNOK,2019-11-27,0.0841264,0.0842387,0.0836156,0.0837206
JPYNOK,2019-11-28,0.0837187,0.0840085,0.0836743,0.0837742
JPYNOK,2019-11-29,0.0837694,0.0842905,0.083715,0.0842329
JPYNOK,2019-12-02,0.0840878,0.084225,0.0837093,0.0840947
JPYNOK,2019-12-03,0.0840937,0.0847361,0.0838037,0.0845801
JPYNOK,2019-12-04,0.0845754,0.0850066,0.0841489,0.0843257
JPYNOK,2019-12-05,0.0843269,0.0843702,0.0839725,0.0840648
JPYNOK,2019-12-06,0.0840657,0.0842972,0.0838383,0.0841089
JPYNOK,2019-12-09,0.0841064,0.0844141,0.0840606,0.0842724
JPYNOK,2019-12-10,0.0842723,0.0848016,0.0841657,0.0844127
JPYNOK,2019-12-11,0.0844128,0.0845562,0.083946,0.0839692
JPYNOK,2019-12-12,0.0839765,0.0840477,0.08244,0.0825182
JPYNOK,2019-12-13,0.0825873,0.0829864,0.0820628,0.0826866
JPYNOK,2019-12-16,0.0825877,0.0826402,0.0820538,0.0822913
JPYNOK,2019-12-17,0.0822985,0.0827194,0.082206,0.0823721
JPYNOK,2019-12-18,0.0823794,0.0826551,0.0821638,0.0822023
JPYNOK,2019-12-19,0.082205,0.0823135,0.0816869,0.0820013
JPYNOK,2019-12-20,0.0819994,0.0822235,0.0818837,0.08197
JPYNOK,2019-12-23,0.0820365,0.0821909,0.0817555,0.0819514
JPYNOK,2019-12-24,0.0819542,0.0820445,0.0814283,0.0815109
JPYNOK,2019-12-26,0.0815052,0.0815548,0.080945,0.0811622
JPYNOK,2019-12-27,0.0811615,0.0812638,0.0805063,0.0806902
JPYNOK,2019-12-30,0.0806528,0.0810994,0.0805337,0.0810545
JPYNOK,2019-12-31,0.0810434,0.081203,0.080701,0.0808368
JPYNOK,2020-01-02,0.0807872,0.0814037,0.0805373,0.0810817
JPYNOK,2020-01-03,0.0810832,0.0819864,0.0809822,0.0817894
JPYNOK,2020-01-06,0.0820177,0.0820567,0.0811637,0.0812003
JPYNOK,2020-01-07,0.0812006,0.0818621,0.0809458,0.081691
JPYNOK,2020-01-08,0.0817001,0.0823159,0.081165,0.0813481
JPYNOK,2020-01-09,0.0813529,0.0814488,0.0810772,0.0811936
JPYNOK,2020-01-10,0.0811941,0.0813579,0.0810131,0.0811711
JPYNOK,2020-01-13,0.0811678,0.0812328,0.080854,0.0809387
JPYNOK,2020-01-14,0.0809352,0.0810242,0.0805726,0.0807482
JPYNOK,2020-01-15,0.080744,0.0809837,0.0805046,0.0806903
JPYNOK,2020-01-16,0.0806794,0.0808546,0.0804418,0.08072
JPYNOK,2020-01-17,0.0807197,0.0810236,0.0806238,0.0809847
JPYNOK,2020-01-20,0.0809488,0.0811388,0.0807157,0.0809992
JPYNOK,2020-01-21,0.0810093,0.0819558,0.081007,0.0819196
JPYNOK,2020-01-22,0.0819181,0.0819335,0.0815463,0.0817745
JPYNOK,2020-01-23,0.0817793,0.082616,0.0817036,0.0821765
JPYNOK,2020-01-24,0.0821762,0.0829757,0.0819265,0.0828628
JPYNOK,2020-01-27,0.0831479,0.0840758,0.0830849,0.0839849
JPYNOK,2020-01-28,0.0839849,0.0844642,0.0834778,0.0834904
JPYNOK,2020-01-29,0.0834903,0.0841716,0.0834883,0.0841359
JPYNOK,2020-01-30,0.0841372,0.0849735,0.0840662,0.0842988
JPYNOK,2020-01-31,0.0843019,0.0851359,0.0840031,0.0848885
JPYNOK,2020-02-03,0.08499,0.0856766,0.0846389,0.0855123
JPYNOK,2020-02-04,0.0855042,0.0855918,0.0841182,0.0841961
JPYNOK,2020-02-05,0.0842281,0.0846719,0.0836685,0.0839389
JPYNOK,2020-02-06,0.0839332,0.0842189,0.0835483,0.0838959
JPYNOK,2020-02-07,0.0838978,0.084902,0.0838706,0.0846944
JPYNOK,2020-02-10,0.0848237,0.084958,0.0841352,0.084665
JPYNOK,2020-02-11,0.0846621,0.0847096,0.0840979,0.0842572
JPYNOK,2020-02-12,0.0842532,0.0842756,0.0836542,0.0838833
JPYNOK,2020-02-13,0.0838833,0.08468,0.0838756,0.0843421
JPYNOK,2020-02-14,0.084344,0.0844614,0.0840473,0.0842334
JPYNOK,2020-02-17,0.0842569,0.0844056,0.0840868,0.0842751
JPYNOK,2020-02-18,0.0842745,0.0851703,0.0842435,0.0849616
JPYNOK,2020-02-19,0.0849644,0.0850116,0.0830985,0.0833702
JPYNOK,2020-02-20,0.0833671,0.0837475,0.0828083,0.0831895
JPYNOK,2020-02-21,0.0832058,0.0839952,0.0830363,0.0832705
JPYNOK,2020-02-24,0.0837427,0.0846504,0.083495,0.0846188
JPYNOK,2020-02-25,0.0846208,0.0854182,0.0841128,0.0850051
JPYNOK,2020-02-26,0.0850043,0.0853667,0.084653,0.0851695
JPYNOK,2020-02-27,0.085164,0.0858828,0.0850505,0.0857319
JPYNOK,2020-02-28,0.0857293,0.0879756,0.0856039,0.0872392
JPYNOK,2020-03-02,0.0879186,0.0879186,0.0857642,0.0858687
JPYNOK,2020-03-03,0.0858703,0.0867206,0.0855089,0.0866065
JPYNOK,2020-03-04,0.0866062,0.0868956,0.0859057,0.0861844
JPYNOK,2020-03-05,0.0861974,0.0877081,0.085969,0.0874645
JPYNOK,2020-03-06,0.0874645,0.0882723,0.0873756,0.0877322
JPYNOK,2020-03-09,0.0923655,0.0941194,0.0904306,0.0935166
JPYNOK,2020-03-10,0.093513,0.0935371,0.0900208,0.0911612
JPYNOK,2020-03-11,0.0911468,0.0931911,0.0910292,0.0925872
JPYNOK,2020-03-12,0.0925826,0.0979628,0.0925049,0.097132
JPYNOK,2020-03-13,0.0971283,0.0977983,0.0918602,0.093399
JPYNOK,2020-03-16,0.0956565,0.0987026,0.0948365,0.0967577
JPYNOK,2020-03-17,0.0967671,0.0986425,0.095102,0.0978467
JPYNOK,2020-03-18,0.0978425,0.108793,0.0975228,0.104353
JPYNOK,2020-03-19,0.104372,0.111446,0.101089,0.102025
JPYNOK,2020-03-20,0.102043,0.107542,0.0982296,0.104696
JPYNOK,2020-03-23,0.106801,0.107956,0.100911,0.103916
JPYNOK,2020-03-24,0.103914,0.104179,0.0982872,0.0994361
JPYNOK,2020-03-25,0.0994337,0.100471,0.0960726,0.0965475
JPYNOK,2020-03-26,0.0965458,0.0981257,0.0949501,0.0952342
JPYNOK,2020-03-27,0.0952425,0.0988109,0.0951761,0.0972747
JPYNOK,2020-03-30,0.096737,0.0992331,0.096384,0.0978473
JPYNOK,2020-03-31,0.0978452,0.0979326,0.0960937,0.0969286
JPYNOK,2020-04-01,0.0969266,0.0982572,0.095656,0.0977916
JPYNOK,2020-04-02,0.097787,0.0978058,0.0951272,0.096482
JPYNOK,2020-04-03,0.096482,0.0981741,0.095879,0.0978429
JPYNOK,2020-04-06,0.0977038,0.0978399,0.0953487,0.0957383
JPYNOK,2020-04-07,0.0958291,0.0959231,0.0929414,0.094511
JPYNOK,2020-04-08,0.0944906,0.095414,0.0941923,0.0942626
JPYNOK,2020-04-09,0.0942725,0.0950658,0.09339,0.0943679
JPYNOK,2020-04-13,0.0942215,0.096143,0.0939529,0.0958535
JPYNOK,2020-04-14,0.0958519,0.0965348,0.0948087,0.0962906
JPYNOK,2020-04-15,0.0962882,0.0984093,0.0960876,0.0979169
JPYNOK,2020-04-16,0.097926,0.098283,0.0962922,0.0963985
JPYNOK,2020-04-17,0.0963651,0.0976773,0.0958641,0.0960636
JPYNOK,2020-04-20,0.0958687,0.0973079,0.0956988,0.0970699
JPYNOK,2020-04-21,0.0970921,0.0996158,0.0966501,0.0988642
JPYNOK,2020-04-22,0.0988394,0.100285,0.0980992,0.100132
JPYNOK,2020-04-23,0.100132,0.10035,0.0979125,0.098975
JPYNOK,2020-04-24,0.0990054,0.0996221,0.098539,0.0990894
JPYNOK,2020-04-27,0.0990648,0.0993257,0.0979398,0.0979715
JPYNOK,2020-04-28,0.0979628,0.0985239,0.0970983,0.0975834
JPYNOK,2020-04-29,0.0975688,0.0977626,0.0966938,0.0968491
JPYNOK,2020-04-30,0.0968473,0.0971087,0.095151,0.0955927
JPYNOK,2020-05-01,0.0956136,0.0969791,0.095484,0.0968947
JPYNOK,2020-05-04,0.0968116,0.0981526,0.0966278,0.0968137
JPYNOK,2020-05-05,0.0968128,0.0969769,0.095987,0.0963958
JPYNOK,2020-05-06,0.0964093,0.0973965,0.0962936,0.0970648
JPYNOK,2020-05-07,0.0970644,0.0975011,0.0958421,0.0965053
JPYNOK,2020-05-08,0.0965053,0.0965615,0.0956139,0.0956979
JPYNOK,2020-05-11,0.0957426,0.095868,0.0948948,0.0957555
JPYNOK,2020-05-12,0.0957564,0.0964801,0.0940891,0.0949256
JPYNOK,2020-05-13,0.0949247,0.0953255,0.0939524,0.0949388
JPYNOK,2020-05-14,0.0949102,0.0960335,0.0946265,0.0946539
JPYNOK,2020-05-15,0.0946521,0.0959115,0.094461,0.0956153
JPYNOK,2020-05-18,0.0955681,0.0956227,0.0933596,0.0934067
JPYNOK,2020-05-19,0.0934175,0.0938839,0.0920459,0.0926395
JPYNOK,2020-05-20,0.0926438,0.0931432,0.0921178,0.0921539
JPYNOK,2020-05-21,0.0921293,0.0927833,0.0917541,0.0924002
JPYNOK,2020-05-22,0.092401,0.0940185,0.0923449,0.0930043
JPYNOK,2020-05-25,0.093108,0.0934991,0.0928207,0.0934314
JPYNOK,2020-05-26,0.0934612,0.0934665,0.0916754,0.0919745
JPYNOK,2020-05-27,0.091953,0.0924372,0.090993,0.09164
JPYNOK,2020-05-28,0.0916458,0.0919751,0.0905244,0.0908761
JPYNOK,2020-05-29,0.0908761,0.0912183,0.090009,0.0901877
JPYNOK,2020-06-01,0.090312,0.0906595,0.0893516,0.0894014
JPYNOK,2020-06-02,0.0893998,0.0896696,0.087694,0.0879528
JPYNOK,2020-06-03,0.0879526,0.0882396,0.0865835,0.0868495
JPYNOK,2020-06-04,0.0868499,0.0872902,0.0854631,0.0858179
JPYNOK,2020-06-05,0.0858179,0.0859459,0.0845165,0.0848352
JPYNOK,2020-06-08,0.0848341,0.0857764,0.0844523,0.0854992
JPYNOK,2020-06-09,0.0854992,0.0873489,0.0851914,0.0861711
JPYNOK,2020-06-10,0.0861834,0.087513,0.0856271,0.0868421
JPYNOK,2020-06-11,0.086842,0.0901849,0.0867579,0.090056
JPYNOK,2020-06-12,0.0900842,0.0909234,0.0886571,0.0898707
JPYNOK,2020-06-15,0.0901219,0.0914929,0.0886027,0.0889649
JPYNOK,2020-06-16,0.0889367,0.0898814,0.0879997,0.0891432
JPYNOK,2020-06-17,0.0891433,0.0896903,0.0884752,0.0890651
JPYNOK,2020-06-18,0.0890605,0.0896754,0.0882622,0.089231
JPYNOK,2020-06-19,0.0892324,0.0905367,0.0887462,0.0902814
JPYNOK,2020-06-22,0.0910143,0.0910587,0.0895405,0.0898312
JPYNOK,2020-06-23,0.0898295,0.0907379,0.0887177,0.0894916
JPYNOK,2020-06-24,0.0894935,0.0906642,0.088991,0.0903476
JPYNOK,2020-06-25,0.0903523,0.0910022,0.0899643,0.090151
JPYNOK,2020-06-26,0.0901547,0.0910658,0.0900499,0.090649
JPYNOK,2020-06-29,0.0905075,0.0908564,0.0895506,0.0900066
JPYNOK,2020-06-30,0.0900074,0.0907328,0.0890859,0.0892696
JPYNOK,2020-07-01,0.0892957,0.0896351,0.0884959,0.0886667
JPYNOK,2020-07-02,0.0885728,0.0890236,0.0878699,0.0886997
JPYNOK,2020-07-03,0.0887091,0.0888346,0.0881614,0.0881749
JPYNOK,2020-07-06,0.0881766,0.0885745,0.0871001,0.087547
JPYNOK,2020-07-07,0.0875432,0.0883773,0.0872154,0.0882411
JPYNOK,2020-07-08,0.0882477,0.0885085,0.0874397,0.0874699
JPYNOK,2020-07-09,0.0874805,0.0885352,0.0871364,0.0884784
JPYNOK,2020-07-10,0.0884826,0.0893707,0.0882309,0.0884126
JPYNOK,2020-07-13,0.0885659,0.0885744,0.0873447,0.0881625
JPYNOK,2020-07-14,0.0881647,0.0884646,0.0874671,0.0874821
JPYNOK,2020-07-15,0.0874617,0.0876398,0.0867029,0.0868112
JPYNOK,2020-07-16,0.0868153,0.0873732,0.08644,0.0868694
JPYNOK,2020-07-17,0.0868694,0.0870074,0.0865138,0.0868806
JPYNOK,2020-07-20,0.0868356,0.0870046,0.0860186,0.0861834
JPYNOK,2020-07-21,0.0861841,0.0861925,0.0851554,0.0853932
JPYNOK,2020-07-22,0.0853585,0.0858319,0.0849443,0.0854955
JPYNOK,2020-07-23,0.0854893,0.0865023,0.0850469,0.0863256
JPYNOK,2020-07-24,0.0862916,0.0872067,0.0862102,0.0863714
JPYNOK,2020-07-27,0.0865273,0.0867366,0.0860197,0.0864922
JPYNOK,2020-07-28,0.0864953,0.0870707,0.0860135,0.086974
JPYNOK,2020-07-29,0.0869665,0.0869925,0.0860444,0.0861018
JPYNOK,2020-07-30,0.0860979,0.0873209,0.0860419,0.0867593
JPYNOK,2020-07-31,0.0867676,0.0869569,0.0857104,0.0860368
JPYNOK,2020-08-03,0.0860724,0.0866772,0.0857442,0.086208
JPYNOK,2020-08-04,0.0862416,0.0864217,0.0858695,0.0861246
JPYNOK,2020-08-05,0.0861262,0.0862108,0.0845995,0.0847865
JPYNOK,2020-08-06,0.0847865,0.0855165,0.0845307,0.0850249
JPYNOK,2020-08-07,0.0850237,0.0857031,0.084987,0.0855478
JPYNOK,2020-08-10,0.0853097,0.0856949,0.0851093,0.0853688
JPYNOK,2020-08-11,0.0853697,0.0854192,0.0842168,0.0845684
JPYNOK,2020-08-12,0.0845813,0.0848531,0.0833962,0.0837035
JPYNOK,2020-08-13,0.0836841,0.0836989,0.0829622,0.0831567
JPYNOK,2020-08-14,0.0831566,0.083925,0.0830226,0.0834986
JPYNOK,2020-08-17,0.0834855,0.0838354,0.0832478,0.083594
JPYNOK,2020-08-18,0.0836264,0.0840312,0.0834335,0.0839663
JPYNOK,2020-08-19,0.083967,0.0841903,0.0836791,0.084077
JPYNOK,2020-08-20,0.0840721,0.0851191,0.083981,0.0843762
JPYNOK,2020-08-21,0.0843794,0.0856281,0.0840607,0.0851984
JPYNOK,2020-08-24,0.0853533,0.0853834,0.0847878,0.0849204
JPYNOK,2020-08-25,0.0849069,0.0850005,0.0839008,0.0842152
JPYNOK,2020-08-26,0.0842086,0.0845511,0.0837489,0.083817
JPYNOK,2020-08-27,0.0838122,0.0844061,0.0834911,0.0836756
JPYNOK,2020-08-28,0.0836702,0.0837811,0.083045,0.083613
JPYNOK,2020-08-31,0.0835319,0.08367,0.0818273,0.0824879
JPYNOK,2020-09-01,0.0824869,0.0828678,0.0819516,0.0827235
JPYNOK,2020-09-02,0.0827232,0.0835321,0.0825195,0.0832714
JPYNOK,2020-09-03,0.083279,0.0846162,0.0832658,0.0839012
JPYNOK,2020-09-04,0.0838873,0.0847612,0.0836813,0.083855
JPYNOK,2020-09-07,0.0840564,0.0843137,0.0838546,0.084248
JPYNOK,2020-09-08,0.0842482,0.0865082,0.0840303,0.086413
JPYNOK,2020-09-09,0.086415,0.0868067,0.0847963,0.084965
JPYNOK,2020-09-10,0.0849682,0.0857715,0.0841638,0.0854684
JPYNOK,2020-09-11,0.0854748,0.0855099,0.0848216,0.0851848
JPYNOK,2020-09-14,0.0852374,0.085645,0.0849213,0.0855303
JPYNOK,2020-09-15,0.0855303,0.0859691,0.0851337,0.0857566
JPYNOK,2020-09-16,0.0857566,0.0862498,0.0853526,0.0859827
JPYNOK,2020-09-17,0.0859785,0.0872079,0.0859746,0.0864553
JPYNOK,2020-09-18,0.0864573,0.0871929,0.0861525,0.0869559
JPYNOK,2020-09-21,0.0869573,0.0893426,0.0868773,0.088696
JPYNOK,2020-09-22,0.0887011,0.089574,0.0886788,0.0890848
JPYNOK,2020-09-23,0.0890819,0.0902194,0.0888892,0.0900907
JPYNOK,2020-09-24,0.0900907,0.0911499,0.0899022,0.0901682
JPYNOK,2020-09-25,0.0901598,0.0912261,0.0899628,0.090784
JPYNOK,2020-09-28,0.0907727,0.0909874,0.089683,0.0898972
JPYNOK,2020-09-29,0.0898928,0.0900499,0.0890937,0.0891664
JPYNOK,2020-09-30,0.0891843,0.0899073,0.0884499,0.0885666
JPYNOK,2020-10-01,0.0885666,0.0886413,0.0877564,0.0881967
JPYNOK,2020-10-02,0.0881967,0.0896204,0.0881377,0.0885745
JPYNOK,2020-10-05,0.0884839,0.0885969,0.0869721,0.0872368
JPYNOK,2020-10-06,0.0872175,0.0888118,0.0869246,0.0887631
JPYNOK,2020-10-07,0.0887631,0.0889257,0.087558,0.0877874
JPYNOK,2020-10-08,0.0877865,0.087841,0.0873697,0.0874389
JPYNOK,2020-10-09,0.0874389,0.0874944,0.086582,0.0866265
JPYNOK,2020-10-12,0.086564,0.0870417,0.0864627,0.0868608
JPYNOK,2020-10-13,0.0868442,0.087705,0.0866782,0.0876428
JPYNOK,2020-10-14,0.0876559,0.0879979,0.0872844,0.0879079
JPYNOK,2020-10-15,0.0879041,0.0894257,0.0876785,0.0887613
JPYNOK,2020-10-16,0.088767,0.0893024,0.0883113,0.0889625
JPYNOK,2020-10-19,0.0890904,0.0891536,0.0880734,0.0886975
JPYNOK,2020-10-20,0.0886975,0.0887771,0.0876695,0.0880807
JPYNOK,2020-10-21,0.0880807,0.0884296,0.0873644,0.088152
JPYNOK,2020-10-22,0.0881379,0.0885092,0.0879202,0.0882803
JPYNOK,2020-10-23,0.088274,0.0888274,0.0879249,0.08824
JPYNOK,2020-10-26,0.0885553,0.0889302,0.087984,0.0881912
JPYNOK,2020-10-27,0.0881902,0.0883382,0.0874606,0.0880978
JPYNOK,2020-10-28,0.0880978,0.0899511,0.0879755,0.0898313
JPYNOK,2020-10-29,0.0898271,0.0919103,0.0892826,0.0913794
JPYNOK,2020-10-30,0.0913766,0.0921745,0.0906189,0.0911577
JPYNOK,2020-11-02,0.0912135,0.0916945,0.0909207,0.0912782
JPYNOK,2020-11-03,0.0913274,0.0915247,0.089444,0.0896937
JPYNOK,2020-11-04,0.0896963,0.0913075,0.088979,0.0893116
JPYNOK,2020-11-05,0.0893438,0.0898267,0.0883021,0.0885819
JPYNOK,2020-11-06,0.088608,0.0893942,0.0883592,0.0885875
JPYNOK,2020-11-09,0.0886282,0.089045,0.0854198,0.0859712
JPYNOK,2020-11-10,0.0859535,0.0863268,0.0853555,0.0856769
JPYNOK,2020-11-11,0.085674,0.0863123,0.0851247,0.0861745
JPYNOK,2020-11-12,0.0861731,0.0874683,0.0860116,0.0872742
JPYNOK,2020-11-13,0.0872725,0.0877636,0.0871093,0.0876315
JPYNOK,2020-11-16,0.0875042,0.0875578,0.0863732,0.0867063
JPYNOK,2020-11-17,0.0867063,0.0872663,0.0866179,0.0870961
JPYNOK,2020-11-18,0.0871228,0.0874054,0.0865416,0.086897
JPYNOK,2020-11-19,0.0869055,0.0874278,0.0865358,0.0867931
JPYNOK,2020-11-20,0.0867886,0.0871458,0.0864739,0.086801
JPYNOK,2020-11-23,0.0868722,0.0871619,0.0863379,0.0865003
JPYNOK,2020-11-24,0.0865051,0.0865441,0.0852414,0.0852708
JPYNOK,2020-11-25,0.0852745,0.0857098,0.0844906,0.0846008
JPYNOK,2020-11-26,0.0846069,0.0854522,0.0845106,0.0852638
JPYNOK,2020-11-27,0.0852638,0.0854453,0.0847797,0.0849115
JPYNOK,2020-11-30,0.084898,0.0857961,0.0844122,0.0853362
JPYNOK,2020-12-01,0.0853375,0.0854053,0.0843691,0.0843971
JPYNOK,2020-12-02,0.084399,0.0849911,0.0841753,0.0842779
JPYNOK,2020-12-03,0.0842805,0.0848575,0.0841026,0.0844458
JPYNOK,2020-12-04,0.0844486,0.0846393,0.0841541,0.0845017
JPYNOK,2020-12-07,0.0845615,0.0855841,0.0837141,0.0841085
JPYNOK,2020-12-08,0.0841134,0.0844553,0.0838834,0.0842504
JPYNOK,2020-12-09,0.0842504,0.0849619,0.0834368,0.0847498
JPYNOK,2020-12-10,0.0847515,0.0849334,0.0838773,0.084176
JPYNOK,2020-12-11,0.0841737,0.0852722,0.0841002,0.0847465
JPYNOK,2020-12-14,0.0844641,0.0847483,0.0838312,0.0840156
JPYNOK,2020-12-15,0.0840175,0.0843511,0.0838222,0.0842388
JPYNOK,2020-12-16,0.0842445,0.0844051,0.0837813,0.0838621
JPYNOK,2020-12-17,0.083866,0.0839194,0.0829646,0.0830508
JPYNOK,2020-12-18,0.0830594,0.0834789,0.082796,0.0831419
JPYNOK,2020-12-21,0.0833979,0.0854498,0.083357,0.0836917
JPYNOK,2020-12-22,0.0836941,0.0844668,0.0834629,0.0844603
JPYNOK,2020-12-23,0.0844578,0.0846387,0.0834118,0.0834966
JPYNOK,2020-12-24,0.0835162,0.0835534,0.0830638,0.0833332
JPYNOK,2020-12-28,0.0835981,0.0838431,0.0831464,0.0833627
JPYNOK,2020-12-29,0.0833634,0.0834315,0.0828886,0.0831902
JPYNOK,2020-12-30,0.0831902,0.0834634,0.0826861,0.0827723
JPYNOK,2020-12-31,0.0827567,0.0832818,0.0826386,0.0830557
JPYNOK,2021-01-04,0.0828874,0.0832805,0.0823295,0.0829792
JPYNOK,2021-01-05,0.0829927,0.0832053,0.0824534,0.082518
JPYNOK,2021-01-06,0.0825287,0.0826786,0.081496,0.081628
JPYNOK,2021-01-07,0.0816234,0.081779,0.0811805,0.0813649
JPYNOK,2021-01-08,0.081353,0.0815802,0.0807154,0.0811265
JPYNOK,2021-01-11,0.0812542,0.082395,0.0810928,0.0820374
JPYNOK,2021-01-12,0.0820256,0.0821293,0.081402,0.0815084
JPYNOK,2021-01-13,0.0815084,0.081967,0.0813319,0.0816215
JPYNOK,2021-01-14,0.0816152,0.0819668,0.0813338,0.0815978
JPYNOK,2021-01-15,0.0815981,0.0827394,0.0815735,0.0825608
JPYNOK,2021-01-18,0.0825197,0.0833411,0.0824925,0.0829828
JPYNOK,2021-01-19,0.0829852,0.0830232,0.0819975,0.082253
JPYNOK,2021-01-20,0.0822507,0.0823252,0.0819179,0.0820764
JPYNOK,2021-01-21,0.0820553,0.0820862,0.0811603,0.0812217
JPYNOK,2021-01-22,0.0812248,0.0819897,0.0811498,0.081882
JPYNOK,2021-01-25,0.081928,0.0828834,0.081534,0.0823218
JPYNOK,2021-01-26,0.0823158,0.0831314,0.0821871,0.0824818
JPYNOK,2021-01-27,0.0824912,0.0835823,0.0823962,0.0832005
JPYNOK,2021-01-28,0.0832015,0.083727,0.0823091,0.0825696
JPYNOK,2021-01-29,0.0825696,0.0829096,0.0811347,0.0818274
JPYNOK,2021-02-01,0.0819335,0.0822663,0.081705,0.0819561
JPYNOK,2021-02-02,0.0819568,0.0823283,0.0815224,0.0820187
JPYNOK,2021-02-03,0.0820054,0.0822399,0.0817315,0.0818946
JPYNOK,2021-02-04,0.0818945,0.0821751,0.081688,0.0818301
JPYNOK,2021-02-05,0.0818304,0.0820063,0.0809533,0.0809594
JPYNOK,2021-02-08,0.0810379,0.0810749,0.0807072,0.0808421
JPYNOK,2021-02-09,0.0808478,0.0812221,0.0807301,0.0808849
JPYNOK,2021-02-10,0.0808767,0.0809629,0.0804706,0.0809468
JPYNOK,2021-02-11,0.0809443,0.0810796,0.0806809,0.0809906
JPYNOK,2021-02-12,0.0809917,0.0812055,0.0805625,0.0806979
JPYNOK,2021-02-15,0.0806464,0.080684,0.0795406,0.0796427
JPYNOK,2021-02-16,0.0796363,0.0799791,0.0792095,0.0796158
JPYNOK,2021-02-17,0.0796195,0.0807728,0.079584,0.080246
JPYNOK,2021-02-18,0.0802444,0.0805467,0.080022,0.0801618
JPYNOK,2021-02-19,0.0801609,0.0804254,0.0798868,0.0803555
JPYNOK,2021-02-22,0.0802647,0.0809515,0.0798496,0.080871
JPYNOK,2021-02-23,0.0808721,0.0811744,0.0803901,0.0805264
JPYNOK,2021-02-24,0.080524,0.0806736,0.0791059,0.0792096
JPYNOK,2021-02-25,0.0792098,0.0802781,0.0784423,0.0798471
JPYNOK,2021-02-26,0.0798472,0.0813916,0.0798091,0.0813725
JPYNOK,2021-03-01,0.0813517,0.081376,0.0801376,0.0802487
JPYNOK,2021-03-02,0.0802482,0.0807852,0.0793371,0.0795037
JPYNOK,2021-03-03,0.0795051,0.0797435,0.0789884,0.0794771
JPYNOK,2021-03-04,0.07948,0.0798347,0.0786504,0.0795015
JPYNOK,2021-03-05,0.0795016,0.0799853,0.0786792,0.0788641
JPYNOK,2021-03-08,0.0789741,0.0793703,0.0782172,0.0784636
JPYNOK,2021-03-09,0.0784758,0.0786674,0.0778629,0.0780637
JPYNOK,2021-03-10,0.0780576,0.078249,0.0777631,0.0779077
JPYNOK,2021-03-11,0.077908,0.0780858,0.0773131,0.0776286
JPYNOK,2021-03-12,0.0776289,0.077953,0.0772619,0.077306
JPYNOK,2021-03-15,0.0773691,0.078043,0.0771815,0.0775759
JPYNOK,2021-03-16,0.0775759,0.0780696,0.0773816,0.077849
JPYNOK,2021-03-17,0.077849,0.0780282,0.0771847,0.0772921
JPYNOK,2021-03-18,0.0772945,0.0784509,0.0769726,0.0781999
JPYNOK,2021-03-19,0.0782019,0.0790313,0.0780145,0.0784331
JPYNOK,2021-03-22,0.0786775,0.0790759,0.0779645,0.0781793
JPYNOK,2021-03-23,0.0781797,0.0796721,0.0781436,0.0796033
JPYNOK,2021-03-24,0.0796041,0.0800438,0.0786507,0.0791503
JPYNOK,2021-03-25,0.0791572,0.0794801,0.0786971,0.0792045
JPYNOK,2021-03-26,0.0792027,0.0792243,0.07813,0.0782308
JPYNOK,2021-03-29,0.0783518,0.0788063,0.0776396,0.0778213
JPYNOK,2021-03-30,0.0778215,0.07791,0.0773899,0.0775247
JPYNOK,2021-03-31,0.0775194,0.0775747,0.0768958,0.0772864
JPYNOK,2021-04-01,0.0772864,0.0775656,0.0770393,0.077095
JPYNOK,2021-04-05,0.0772013,0.07743,0.0770817,0.077227
JPYNOK,2021-04-06,0.0772291,0.0777037,0.0770419,0.0774253
JPYNOK,2021-04-07,0.0774253,0.0775003,0.0769922,0.0773512
JPYNOK,2021-04-08,0.0773526,0.0779619,0.0771553,0.0774877
JPYNOK,2021-04-09,0.0774877,0.0777981,0.0773673,0.077514
JPYNOK,2021-04-12,0.0775794,0.0779972,0.0774699,0.0776573
JPYNOK,2021-04-13,0.0776573,0.0783772,0.0774667,0.0777003
JPYNOK,2021-04-14,0.0777114,0.0778954,0.0769649,0.0770371
JPYNOK,2021-04-15,0.0770436,0.0773171,0.0769162,0.0772426
JPYNOK,2021-04-16,0.0772426,0.0774109,0.0768526,0.0769577
JPYNOK,2021-04-19,0.0770619,0.0774833,0.0766282,0.0767761
JPYNOK,2021-04-20,0.0767849,0.0774217,0.0762031,0.0773512
JPYNOK,2021-04-21,0.0773491,0.0777621,0.0771094,0.0772474
JPYNOK,2021-04-22,0.0772541,0.0777079,0.0770093,0.0775709
JPYNOK,2021-04-23,0.0775709,0.0775718,0.0768172,0.0768722
JPYNOK,2021-04-26,0.0769699,0.0771863,0.0766386,0.0767397
JPYNOK,2021-04-27,0.0767402,0.0768299,0.0760981,0.07617
JPYNOK,2021-04-28,0.0761735,0.0762251,0.0752306,0.0754338
JPYNOK,2021-04-29,0.0754359,0.0756879,0.0748866,0.0752109
JPYNOK,2021-04-30,0.0752116,0.0762695,0.0751316,0.0762043
JPYNOK,2021-05-03,0.0760531,0.0761742,0.0756976,0.076019
JPYNOK,2021-05-04,0.0760217,0.0765203,0.0759459,0.0763715
JPYNOK,2021-05-05,0.0763722,0.0766272,0.0759479,0.0764803
JPYNOK,2021-05-06,0.0764803,0.0765563,0.0761333,0.0761924
JPYNOK,2021-05-07,0.076197,0.0763489,0.0756004,0.0756689
JPYNOK,2021-05-10,0.0756598,0.0760974,0.0752144,0.0760049
JPYNOK,2021-05-11,0.0760042,0.0764353,0.0757295,0.0761276
JPYNOK,2021-05-12,0.076129,0.0764132,0.0757675,0.076176
JPYNOK,2021-05-13,0.0761731,0.0768588,0.0760671,0.0763864
JPYNOK,2021-05-14,0.0763862,0.076398,0.0752889,0.0753388
JPYNOK,2021-05-17,0.0753497,0.0760218,0.0751534,0.0757315
JPYNOK,2021-05-18,0.0757315,0.0757637,0.075165,0.0755868
JPYNOK,2021-05-19,0.0755868,0.0765372,0.075364,0.0762261
JPYNOK,2021-05-20,0.0762261,0.0767212,0.0759397,0.07638
JPYNOK,2021-05-21,0.0763803,0.077299,0.0762816,0.0770282
JPYNOK,2021-05-24,0.0771131,0.0771152,0.0766056,0.0767471
JPYNOK,2021-05-25,0.0767246,0.0767536,0.0761562,0.0764809
JPYNOK,2021-05-26,0.0764473,0.0768352,0.0761433,0.0767273
JPYNOK,2021-05-27,0.0767287,0.076914,0.0759856,0.0761056
JPYNOK,2021-05-28,0.0760903,0.0762735,0.0758742,0.076176
JPYNOK,2021-05-31,0.0761134,0.0765217,0.0759084,0.0760305
JPYNOK,2021-06-01,0.076013,0.0761501,0.0753306,0.0760108
JPYNOK,2021-06-02,0.0760106,0.0760855,0.0756865,0.0758201
JPYNOK,2021-06-03,0.0758194,0.0761389,0.0755877,0.0759558
JPYNOK,2021-06-04,0.075964,0.0763593,0.0758396,0.0758789
JPYNOK,2021-06-07,0.076042,0.0760654,0.075555,0.0756498
JPYNOK,2021-06-08,0.0756491,0.0757292,0.0753442,0.0755257
JPYNOK,2021-06-09,0.0755326,0.0756375,0.0753806,0.0755418
JPYNOK,2021-06-10,0.075533,0.0762888,0.0754607,0.0757597
JPYNOK,2021-06-11,0.0757597,0.0761961,0.0754957,0.0760884
JPYNOK,2021-06-14,0.0761098,0.0762085,0.0755449,0.0756462
JPYNOK,2021-06-15,0.0756455,0.0758565,0.0754551,0.07569
JPYNOK,2021-06-16,0.07569,0.0769569,0.0755136,0.0767799
JPYNOK,2021-06-17,0.0767825,0.0778551,0.0764516,0.0775048
JPYNOK,2021-06-18,0.0775049,0.0789546,0.0774453,0.0787208
JPYNOK,2021-06-21,0.0786265,0.0793663,0.0777211,0.0778218
JPYNOK,2021-06-22,0.0778225,0.078032,0.0769578,0.0771898
JPYNOK,2021-06-23,0.0771905,0.0773632,0.0766079,0.0769095
JPYNOK,2021-06-24,0.0769123,0.077171,0.0766433,0.0767937
JPYNOK,2021-06-25,0.0766935,0.0767961,0.0764396,0.076714
JPYNOK,2021-06-28,0.0766854,0.0772566,0.0766291,0.0771361
JPYNOK,2021-06-29,0.077132,0.0776576,0.0770757,0.0774778
JPYNOK,2021-06-30,0.077492,0.0777857,0.0773617,0.0775066
JPYNOK,2021-07-01,0.0775066,0.077697,0.0770837,0.0773953
JPYNOK,2021-07-02,0.0773999,0.0778961,0.0773251,0.0774402
JPYNOK,2021-07-05,0.0775662,0.0777039,0.0771376,0.0772877
JPYNOK,2021-07-06,0.0772924,0.0789196,0.0769956,0.078741
JPYNOK,2021-07-07,0.078741,0.0790914,0.0782309,0.0788967
JPYNOK,2021-07-08,0.0788925,0.0804036,0.0788863,0.0800915
JPYNOK,2021-07-09,0.0800874,0.0802604,0.0787517,0.0788045
JPYNOK,2021-07-12,0.0789466,0.0794024,0.0785688,0.0788205
JPYNOK,2021-07-13,0.0788205,0.0795579,0.0786547,0.07945
JPYNOK,2021-07-14,0.0794507,0.0798827,0.0790608,0.0795317
JPYNOK,2021-07-15,0.0795338,0.0805618,0.0794478,0.080419
JPYNOK,2021-07-16,0.0804221,0.0805205,0.0797998,0.0804952
JPYNOK,2021-07-19,0.0803948,0.0819503,0.0802607,0.0817828
JPYNOK,2021-07-20,0.0817843,0.0832754,0.0815657,0.0819997
JPYNOK,2021-07-21,0.0819997,0.0824786,0.0804857,0.0805832
JPYNOK,2021-07-22,0.0805839,0.0807941,0.0796295,0.0804891
JPYNOK,2021-07-23,0.0804629,0.0805448,0.0800088,0.0802546
JPYNOK,2021-07-26,0.0807232,0.0812345,0.0798728,0.0801176
JPYNOK,2021-07-27,0.0801237,0.0810659,0.0799292,0.0809347
JPYNOK,2021-07-28,0.080934,0.0810701,0.0799915,0.0801323
JPYNOK,2021-07-29,0.0801321,0.080291,0.0796247,0.0798004
JPYNOK,2021-07-30,0.0798026,0.0805998,0.0797702,0.0805896
JPYNOK,2021-08-02,0.0805873,0.0809243,0.0801842,0.0806004
JPYNOK,2021-08-03,0.0806029,0.0812998,0.0802587,0.080876
JPYNOK,2021-08-04,0.0808787,0.0811027,0.0804549,0.0807886
JPYNOK,2021-08-05,0.080794,0.0808131,0.0801929,0.0802916
JPYNOK,2021-08-06,0.0802867,0.0806412,0.0800982,0.0806119
JPYNOK,2021-08-09,0.0806305,0.0816182,0.0806188,0.0812961
JPYNOK,2021-08-10,0.0812917,0.0812917,0.0806813,0.0808407
JPYNOK,2021-08-11,0.0808472,0.0808512,0.0801886,0.0802945
JPYNOK,2021-08-12,0.0802815,0.0804425,0.0799611,0.0802595
JPYNOK,2021-08-13,0.0802595,0.0803684,0.0799362,0.0803446
JPYNOK,2021-08-16,0.0803024,0.081148,0.0801652,0.0807551
JPYNOK,2021-08-17,0.0807528,0.0814943,0.0807528,0.0814322
JPYNOK,2021-08-18,0.0814317,0.0815357,0.0808232,0.081122
JPYNOK,2021-08-19,0.0811235,0.0825608,0.0810143,0.0823791
JPYNOK,2021-08-20,0.0823814,0.0830961,0.0821339,0.0821808
JPYNOK,2021-08-23,0.0823374,0.0823621,0.0811609,0.0813176
JPYNOK,2021-08-24,0.0813253,0.0813989,0.0804067,0.0805922
JPYNOK,2021-08-25,0.08059,0.0807968,0.0799839,0.080146
JPYNOK,2021-08-26,0.0801461,0.0804376,0.0798944,0.0803312
JPYNOK,2021-08-27,0.0803367,0.0807169,0.0793664,0.0793871
JPYNOK,2021-08-30,0.0793207,0.0795286,0.0786524,0.0788482
JPYNOK,2021-08-31,0.0788482,0.0793231,0.0785482,0.0790267
JPYNOK,2021-09-01,0.0790278,0.0791359,0.0786087,0.0790545
JPYNOK,2021-09-02,0.0790545,0.0791809,0.0785319,0.0786696
JPYNOK,2021-09-03,0.0786463,0.0791426,0.0784582,0.0790229
JPYNOK,2021-09-06,0.0789134,0.0791464,0.0787573,0.078838
JPYNOK,2021-09-07,0.078838,0.0789241,0.0785631,0.0787589
JPYNOK,2021-09-08,0.0787832,0.0792917,0.0786622,0.0789906
JPYNOK,2021-09-09,0.0789873,0.0793258,0.0788214,0.0789801
JPYNOK,2021-09-10,0.0789749,0.0791538,0.0783902,0.0789245
JPYNOK,2021-09-13,0.0788179,0.0790015,0.0783555,0.0785702
JPYNOK,2021-09-14,0.0785635,0.0789505,0.0779746,0.0787875
JPYNOK,2021-09-15,0.078785,0.0790609,0.0783013,0.0783979
JPYNOK,2021-09-16,0.0783913,0.0788938,0.0782899,0.0786261
JPYNOK,2021-09-17,0.0786715,0.0792256,0.0780303,0.0791536
JPYNOK,2021-09-20,0.0791423,0.0800809,0.0790796,0.0796823
JPYNOK,2021-09-21,0.079693,0.0797101,0.078979,0.0794051
JPYNOK,2021-09-22,0.0794085,0.0796089,0.0784127,0.0787405
JPYNOK,2021-09-23,0.0787401,0.0790406,0.0776635,0.0778176
JPYNOK,2021-09-24,0.0778421,0.0780497,0.0775598,0.0775926
JPYNOK,2021-09-27,0.0775808,0.0777036,0.0772589,0.0775389
JPYNOK,2021-09-28,0.077541,0.0779533,0.0772042,0.0776949
JPYNOK,2021-09-29,0.0776943,0.0784742,0.0774678,0.0783207
JPYNOK,2021-09-30,0.0783229,0.0788627,0.078075,0.0786217
JPYNOK,2021-10-01,0.0786194,0.0790423,0.0775031,0.077655
JPYNOK,2021-10-04,0.0778464,0.0779333,0.0769142,0.0773244
JPYNOK,2021-10-05,0.0773176,0.0774569,0.076383,0.0765114
JPYNOK,2021-10-06,0.0765049,0.0775441,0.076442,0.0770292
JPYNOK,2021-10-07,0.0770299,0.0773654,0.0767122,0.0768212
JPYNOK,2021-10-08,0.0768164,0.07693,0.0760628,0.0761239
JPYNOK,2021-10-11,0.0761204,0.0763197,0.0753752,0.0756824
JPYNOK,2021-10-12,0.0756828,0.0759417,0.0751075,0.0753437
JPYNOK,2021-10-13,0.0753437,0.0754552,0.0748821,0.0750008
JPYNOK,2021-10-14,0.0750049,0.0750347,0.0741963,0.0743724
JPYNOK,2021-10-15,0.0743669,0.0743845,0.0734453,0.0737796
JPYNOK,2021-10-18,0.073742,0.0742183,0.0734392,0.0736755
JPYNOK,2021-10-19,0.073666,0.0737084,0.0729736,0.0730432
JPYNOK,2021-10-20,0.0730519,0.0735604,0.0725664,0.0729236
JPYNOK,2021-10-21,0.0729248,0.0735087,0.0724567,0.0733617
JPYNOK,2021-10-22,0.0733707,0.0737999,0.0730285,0.0736817
JPYNOK,2021-10-25,0.0736262,0.073641,0.0731636,0.0734312
JPYNOK,2021-10-26,0.0734311,0.073498,0.0728862,0.0732948
JPYNOK,2021-10-27,0.0733341,0.0742025,0.0729158,0.0739739
JPYNOK,2021-10-28,0.0739706,0.0743623,0.0733287,0.0733871
JPYNOK,2021-10-29,0.0733896,0.0742412,0.0732615,0.0741271
JPYNOK,2021-11-01,0.0740027,0.0740966,0.0734879,0.0738432
JPYNOK,2021-11-02,0.0738419,0.0748926,0.0737796,0.0748309
JPYNOK,2021-11-03,0.0748208,0.0750114,0.0745237,0.0745708
JPYNOK,2021-11-04,0.0745721,0.0754831,0.0744292,0.0751671
JPYNOK,2021-11-05,0.0751687,0.0756451,0.0750817,0.0754398
JPYNOK,2021-11-08,0.0753283,0.0755463,0.0750108,0.0750175
JPYNOK,2021-11-09,0.0750216,0.0756176,0.0750134,0.0754056
JPYNOK,2021-11-10,0.075399,0.0760275,0.0751238,0.0759738
JPYNOK,2021-11-11,0.0759855,0.0764066,0.075739,0.076141
JPYNOK,2021-11-12,0.0761428,0.0764359,0.0759378,0.0763418
JPYNOK,2021-11-15,0.0762557,0.0765691,0.0758666,0.0763534
JPYNOK,2021-11-16,0.0763558,0.0764409,0.0759367,0.076078
JPYNOK,2021-11-17,0.0760849,0.0767864,0.0759453,0.0765585
JPYNOK,2021-11-18,0.0765499,0.0773288,0.0763178,0.0770609
JPYNOK,2021-11-19,0.0770656,0.0785742,0.076922,0.0782051
JPYNOK,2021-11-22,0.0782846,0.0784583,0.0774445,0.077853
JPYNOK,2021-11-23,0.0778537,0.0782713,0.0772228,0.0773781
JPYNOK,2021-11-24,0.0773781,0.0778999,0.0772107,0.077699
JPYNOK,2021-11-25,0.0776995,0.0778707,0.0774529,0.0777407
JPYNOK,2021-11-26,0.0777407,0.0803729,0.0777266,0.0800669
JPYNOK,2021-11-29,0.0797128,0.0803189,0.0791964,0.0793928
JPYNOK,2021-11-30,0.0793968,0.0806094,0.0791667,0.0798751
JPYNOK,2021-12-01,0.0798758,0.080897,0.0793197,0.0806354
JPYNOK,2021-12-02,0.0806354,0.0808196,0.0799482,0.0803579
JPYNOK,2021-12-03,0.0804078,0.081601,0.0801411,0.0813928
JPYNOK,2021-12-06,0.0813136,0.081324,0.0800777,0.0801337
JPYNOK,2021-12-07,0.0801348,0.0804678,0.0793539,0.0794503
JPYNOK,2021-12-08,0.079451,0.0801346,0.077973,0.0780958
JPYNOK,2021-12-09,0.0780958,0.0796513,0.0780377,0.0793662
JPYNOK,2021-12-10,0.0793658,0.0795005,0.0787416,0.0788559
JPYNOK,2021-12-13,0.07898,0.0799481,0.0786932,0.0797237
JPYNOK,2021-12-14,0.079725,0.0802259,0.07952,0.0800855
JPYNOK,2021-12-15,0.0800855,0.0803587,0.0787533,0.0789846
JPYNOK,2021-12-16,0.0789279,0.0793522,0.0783534,0.0790392
JPYNOK,2021-12-17,0.0790382,0.0795949,0.0789842,0.0795156
JPYNOK,2021-12-20,0.079538,0.0804511,0.0794742,0.0796328
JPYNOK,2021-12-21,0.0796346,0.0797731,0.078302,0.0785484
JPYNOK,2021-12-22,0.0785496,0.0786284,0.0776458,0.0779298
JPYNOK,2021-12-23,0.0779021,0.07792,0.0769742,0.0771561
JPYNOK,2021-12-24,0.0771561,0.0774795,0.0770552,0.0773814
JPYNOK,2021-12-27,0.077724,0.0777449,0.0769161,0.0770482
JPYNOK,2021-12-28,0.0770443,0.0771768,0.0765593,0.0766871
JPYNOK,2021-12-29,0.0766897,0.078134,0.0762956,0.0766879
JPYNOK,2021-12-30,0.0766906,0.0767627,0.0762811,0.0767072
JPYNOK,2021-12-31,0.0767076,0.0768324,0.0764401,0.0765683
JPYNOK,2022-01-03,0.0765067,0.0771426,0.0763553,0.0769331
JPYNOK,2022-01-04,0.0769559,0.0770317,0.0759877,0.0763734
JPYNOK,2022-01-05,0.0763875,0.076531,0.0758059,0.0762868
JPYNOK,2022-01-06,0.0762843,0.0771088,0.0762098,0.0768297
JPYNOK,2022-01-07,0.0768325,0.0768352,0.0763807,0.0764429
JPYNOK,2022-01-10,0.0764649,0.0772961,0.0761786,0.0770222
JPYNOK,2022-01-11,0.0770221,0.0770221,0.0760131,0.076159
JPYNOK,2022-01-12,0.0761634,0.0761828,0.0754114,0.0756115
JPYNOK,2022-01-13,0.075617,0.076518,0.0753393,0.0762942
JPYNOK,2022-01-14,0.0762943,0.0774083,0.076131,0.0767531
JPYNOK,2022-01-17,0.0766969,0.0768335,0.0760306,0.0761653
JPYNOK,2022-01-18,0.0761459,0.0770276,0.0757267,0.0768692
JPYNOK,2022-01-19,0.0768749,0.0770896,0.0763908,0.0767408
JPYNOK,2022-01-20,0.0767388,0.077494,0.0764578,0.0774556
JPYNOK,2022-01-21,0.0774519,0.078448,0.0773398,0.0783104
JPYNOK,2022-01-24,0.0780932,0.0794906,0.0780103,0.0788213
JPYNOK,2022-01-25,0.0788224,0.079259,0.0782197,0.0783986
JPYNOK,2022-01-26,0.0783822,0.0785631,0.0774359,0.078025
JPYNOK,2022-01-27,0.0780207,0.078632,0.0773423,0.0775595
JPYNOK,2022-01-28,0.0775593,0.0782843,0.0773229,0.0778476
JPYNOK,2022-01-31,0.0780025,0.0781104,0.0771781,0.0773943
JPYNOK,2022-02-01,0.0773905,0.0775175,0.0768969,0.0770406
JPYNOK,2022-02-02,0.0770622,0.0771609,0.0765885,0.0769156
JPYNOK,2022-02-03,0.0769503,0.0772124,0.0757673,0.0757925
JPYNOK,2022-02-04,0.0758179,0.0764535,0.0755517,0.076288
JPYNOK,2022-02-07,0.0761714,0.0769675,0.076091,0.0762549
JPYNOK,2022-02-08,0.0762771,0.0765983,0.0760118,0.0763926
JPYNOK,2022-02-09,0.0763978,0.076638,0.0760746,0.0762597
JPYNOK,2022-02-10,0.0762423,0.0764711,0.075317,0.0758888
JPYNOK,2022-02-11,0.0758882,0.0771668,0.0758373,0.076977
JPYNOK,2022-02-14,0.0767637,0.0777707,0.0765036,0.0770422
JPYNOK,2022-02-15,0.0770412,0.0771823,0.0764145,0.0770262
JPYNOK,2022-02-16,0.0770206,0.0771648,0.0767132,0.0769049
JPYNOK,2022-02-17,0.0769069,0.0777613,0.0768288,0.0776238
JPYNOK,2022-02-18,0.0776264,0.0782465,0.0771493,0.0781023
JPYNOK,2022-02-21,0.0781569,0.07869,0.0775705,0.0785676
JPYNOK,2022-02-22,0.0785596,0.0788419,0.0770734,0.0773744
JPYNOK,2022-02-23,0.0773566,0.0774704,0.076721,0.0773857
JPYNOK,2022-02-24,0.0773856,0.0791894,0.0772917,0.0775457
JPYNOK,2022-02-25,0.0775474,0.0779798,0.0764087,0.0765074
JPYNOK,2022-02-28,0.0780021,0.0780949,0.0762981,0.0766207
JPYNOK,2022-03-01,0.0766153,0.0776437,0.0762057,0.0774393
JPYNOK,2022-03-02,0.0773975,0.077832,0.0764538,0.0767158
JPYNOK,2022-03-03,0.0767129,0.0773726,0.0763882,0.0771751
JPYNOK,2022-03-04,0.0771805,0.0784651,0.0771012,0.0778901
JPYNOK,2022-03-07,0.0780903,0.0786235,0.0775791,0.0784781
JPYNOK,2022-03-08,0.07849,0.0786857,0.0772037,0.0776888
JPYNOK,2022-03-09,0.077681,0.0777206,0.0767259,0.0769215
JPYNOK,2022-03-10,0.0769046,0.0775131,0.0767497,0.0771256
JPYNOK,2022-03-11,0.0771259,0.0771458,0.0759127,0.0768176
JPYNOK,2022-03-14,0.0765657,0.0766944,0.0757943,0.0764811
JPYNOK,2022-03-15,0.0764705,0.0770087,0.0759246,0.0761326
JPYNOK,2022-03-16,0.0761347,0.0761936,0.074834,0.0749454
JPYNOK,2022-03-17,0.0749451,0.0751621,0.0740126,0.0741543
JPYNOK,2022-03-18,0.0741544,0.0742321,0.0733027,0.0733771
JPYNOK,2022-03-21,0.073346,0.0734983,0.0731278,0.0731667
JPYNOK,2022-03-22,0.0731666,0.073212,0.0720933,0.0722469
JPYNOK,2022-03-23,0.0722478,0.0728474,0.0716621,0.0717732
JPYNOK,2022-03-24,0.0717674,0.0717935,0.0706892,0.0708109
JPYNOK,2022-03-25,0.0708137,0.0715015,0.0704525,0.0705095
JPYNOK,2022-03-28,0.0705753,0.0709265,0.0691197,0.0703472
JPYNOK,2022-03-29,0.0703574,0.0708871,0.0695248,0.0706533
JPYNOK,2022-03-30,0.0706631,0.071324,0.070223,0.0703438
JPYNOK,2022-03-31,0.0703447,0.0723924,0.0700581,0.0721555
JPYNOK,2022-04-01,0.0721499,0.0722219,0.0710916,0.0713691
JPYNOK,2022-04-04,0.0714176,0.0715827,0.070453,0.0710032
JPYNOK,2022-04-05,0.071014,0.0713088,0.0704139,0.0708876
JPYNOK,2022-04-06,0.0708929,0.0713115,0.0704889,0.071035
JPYNOK,2022-04-07,0.0710289,0.0713507,0.0705948,0.0710354
JPYNOK,2022-04-08,0.0710338,0.0712949,0.0697817,0.0699643
JPYNOK,2022-04-11,0.0699169,0.0703719,0.0695233,0.0702058
JPYNOK,2022-04-12,0.0702068,0.0704841,0.0697401,0.0701175
JPYNOK,2022-04-13,0.070127,0.0705308,0.0695579,0.0695955
JPYNOK,2022-04-14,0.0696073,0.0701536,0.0695036,0.0697186
JPYNOK,2022-04-18,0.0696171,0.0699401,0.0694653,0.0697316
JPYNOK,2022-04-19,0.0697286,0.069743,0.0683287,0.0685642
JPYNOK,2022-04-20,0.0685626,0.0691932,0.0682322,0.0688854
JPYNOK,2022-04-21,0.0688867,0.0693749,0.0683503,0.0692178
JPYNOK,2022-04-22,0.0692188,0.0698911,0.0691234,0.0696596
JPYNOK,2022-04-25,0.0695117,0.0718869,0.0693562,0.0710937
JPYNOK,2022-04-26,0.0711038,0.0727713,0.0708624,0.0727266
JPYNOK,2022-04-27,0.0726838,0.0731832,0.0720148,0.0727407
JPYNOK,2022-04-28,0.0727477,0.0728035,0.0710371,0.0719325
JPYNOK,2022-04-29,0.0719371,0.0723215,0.0710618,0.072292
JPYNOK,2022-05-02,0.0721404,0.072919,0.0718657,0.072544
JPYNOK,2022-05-03,0.072542,0.0727904,0.0721087,0.072229
JPYNOK,2022-05-04,0.0722317,0.0724972,0.0716031,0.0716031
JPYNOK,2022-05-05,0.0716083,0.073121,0.0712316,0.0727732
JPYNOK,2022-05-06,0.0727715,0.0734472,0.0721645,0.0726765
JPYNOK,2022-05-09,0.0727195,0.0745779,0.0725315,0.074213
JPYNOK,2022-05-10,0.0742094,0.0748703,0.0737469,0.0746115
JPYNOK,2022-05-11,0.074609,0.0753927,0.0739429,0.0750012
JPYNOK,2022-05-12,0.074995,0.0776718,0.0749298,0.076936
JPYNOK,2022-05-13,0.0769354,0.076954,0.0755688,0.0756303
JPYNOK,2022-05-16,0.0756584,0.0763745,0.0753062,0.0757742
JPYNOK,2022-05-17,0.0757826,0.0758198,0.074381,0.0748074
JPYNOK,2022-05-18,0.0748058,0.0774982,0.0745862,0.0772168
JPYNOK,2022-05-19,0.0772426,0.0773695,0.0755563,0.0757735
JPYNOK,2022-05-20,0.0757673,0.076703,0.0755552,0.0761958
JPYNOK,2022-05-23,0.0763667,0.0763667,0.0748734,0.0751071
JPYNOK,2022-05-24,0.0751091,0.076013,0.0750972,0.0754156
JPYNOK,2022-05-25,0.075439,0.0761329,0.075105,0.075319
JPYNOK,2022-05-26,0.0753132,0.0758254,0.0748898,0.0750523
JPYNOK,2022-05-27,0.075052,0.0751792,0.0744112,0.0744998
JPYNOK,2022-05-30,0.0743393,0.0745903,0.0735282,0.0737425
JPYNOK,2022-05-31,0.0737334,0.0741643,0.0727112,0.072846
JPYNOK,2022-06-01,0.0728463,0.0730902,0.0722413,0.0727402
JPYNOK,2022-06-02,0.0727446,0.0733175,0.0720983,0.0722834
JPYNOK,2022-06-03,0.0722865,0.0724529,0.0720233,0.0721066
JPYNOK,2022-06-06,0.0720564,0.0724375,0.0713211,0.071329
JPYNOK,2022-06-07,0.0713452,0.0720944,0.070959,0.0713357
JPYNOK,2022-06-08,0.0713359,0.0714221,0.0703054,0.0705514
JPYNOK,2022-06-09,0.0705585,0.0715521,0.0704179,0.0714106
JPYNOK,2022-06-10,0.0713993,0.072315,0.0712711,0.0721643
JPYNOK,2022-06-13,0.0721045,0.0741167,0.0718206,0.0737582
JPYNOK,2022-06-14,0.0737582,0.0743895,0.0731249,0.0740606
JPYNOK,2022-06-15,0.0740611,0.074785,0.0736643,0.0742573
JPYNOK,2022-06-16,0.0742467,0.0760435,0.0737143,0.0750837
JPYNOK,2022-06-17,0.075089,0.07552,0.0735672,0.0741644
JPYNOK,2022-06-20,0.0739338,0.0742704,0.07314,0.0732736
JPYNOK,2022-06-21,0.0732752,0.0733454,0.0717799,0.0719942
JPYNOK,2022-06-22,0.0720218,0.073583,0.0719804,0.0728896
JPYNOK,2022-06-23,0.0728841,0.0742725,0.0727887,0.0740561
JPYNOK,2022-06-24,0.0740564,0.0742122,0.0728486,0.0728611
JPYNOK,2022-06-27,0.0730351,0.0734738,0.072198,0.0722855
JPYNOK,2022-06-28,0.0722796,0.0725545,0.0716524,0.0722051
JPYNOK,2022-06-29,0.0721987,0.0727266,0.071706,0.0724977
JPYNOK,2022-06-30,0.0724845,0.0731724,0.0722665,0.0726991
JPYNOK,2022-07-01,0.0726991,0.0741436,0.0723812,0.0733948
JPYNOK,2022-07-04,0.073453,0.073879,0.0724787,0.0726292
JPYNOK,2022-07-05,0.0726375,0.0746332,0.0719237,0.0740438
JPYNOK,2022-07-06,0.0740392,0.0749726,0.0738583,0.0745782
JPYNOK,2022-07-07,0.0745788,0.0748512,0.0740222,0.074176
JPYNOK,2022-07-08,0.074178,0.075054,0.0739034,0.0741796
JPYNOK,2022-07-11,0.0741207,0.074662,0.073837,0.0742953
JPYNOK,2022-07-12,0.0742918,0.0750507,0.0741906,0.0749701
JPYNOK,2022-07-13,0.0749981,0.0750705,0.0738238,0.0741897
JPYNOK,2022-07-14,0.0741892,0.0743969,0.0733285,0.0736103
JPYNOK,2022-07-15,0.0736109,0.0742116,0.0732267,0.0734643
JPYNOK,2022-07-18,0.0736766,0.073795,0.0726431,0.0730499
JPYNOK,2022-07-19,0.073052,0.0733356,0.0716217,0.0717153
JPYNOK,2022-07-20,0.0717356,0.0723651,0.0714462,0.0722283
JPYNOK,2022-07-21,0.072241,0.0725128,0.071436,0.0723357
JPYNOK,2022-07-22,0.072336,0.0731508,0.0722217,0.0730351
JPYNOK,2022-07-25,0.0729872,0.0731498,0.0718652,0.0719981
JPYNOK,2022-07-26,0.0719948,0.0725716,0.0717447,0.0723198
JPYNOK,2022-07-27,0.0723223,0.0723531,0.0711212,0.0715406
JPYNOK,2022-07-28,0.0715416,0.0729582,0.0713559,0.0724397
JPYNOK,2022-07-29,0.0724523,0.073873,0.0722483,0.0724873
JPYNOK,2022-08-01,0.0725495,0.0732739,0.0724874,0.0731922
JPYNOK,2022-08-02,0.073192,0.0744632,0.0731621,0.0733146
JPYNOK,2022-08-03,0.0733,0.0736322,0.0723812,0.072625
JPYNOK,2022-08-04,0.072625,0.0733373,0.0721524,0.0731889
JPYNOK,2022-08-05,0.0731972,0.0734963,0.0723657,0.0725846
JPYNOK,2022-08-08,0.0726764,0.0735004,0.0720006,0.0722909
JPYNOK,2022-08-09,0.0723057,0.0723953,0.0718044,0.0720755
JPYNOK,2022-08-10,0.0720766,0.0723595,0.0714848,0.0716774
JPYNOK,2022-08-11,0.0716793,0.0719138,0.0714833,0.0716346
JPYNOK,2022-08-12,0.0716357,0.0717979,0.0712345,0.0716872
JPYNOK,2022-08-15,0.0717329,0.0731464,0.0716776,0.0726445
JPYNOK,2022-08-16,0.0725401,0.0731772,0.0718988,0.0720509
JPYNOK,2022-08-17,0.0720324,0.072167,0.0716028,0.0717935
JPYNOK,2022-08-18,0.0717983,0.0721535,0.0713971,0.0716843
JPYNOK,2022-08-19,0.0716786,0.0717452,0.0712813,0.0716839
JPYNOK,2022-08-22,0.0716844,0.071925,0.071186,0.0714496
JPYNOK,2022-08-23,0.071461,0.0720253,0.0709233,0.0710517
JPYNOK,2022-08-24,0.0710435,0.0713723,0.0705653,0.0707639
JPYNOK,2022-08-25,0.0707633,0.071062,0.0703765,0.070732
JPYNOK,2022-08-26,0.0707288,0.0710361,0.0700841,0.0709922
JPYNOK,2022-08-29,0.070914,0.0710244,0.0701008,0.0702929
JPYNOK,2022-08-30,0.070295,0.0708517,0.0700866,0.0707277
JPYNOK,2022-08-31,0.070728,0.0719098,0.0704286,0.0714597
JPYNOK,2022-09-01,0.0714552,0.0720778,0.0713994,0.0717341
JPYNOK,2022-09-02,0.0717133,0.071808,0.0709622,0.0714472
JPYNOK,2022-09-05,0.0716469,0.0717597,0.0708405,0.0708487
JPYNOK,2022-09-06,0.0708435,0.0708965,0.0698632,0.0702534
JPYNOK,2022-09-07,0.0702548,0.0703392,0.0691828,0.069502
JPYNOK,2022-09-08,0.0694805,0.0701745,0.0692663,0.0696264
JPYNOK,2022-09-09,0.0696255,0.0698873,0.0691565,0.0694731
JPYNOK,2022-09-12,0.0691798,0.0695384,0.0685492,0.0689354
JPYNOK,2022-09-13,0.0689506,0.0700338,0.068739,0.0699326
JPYNOK,2022-09-14,0.0699194,0.0709505,0.0698107,0.0704676
JPYNOK,2022-09-15,0.0704647,0.0709601,0.0703085,0.070902
JPYNOK,2022-09-16,0.0708963,0.0717344,0.0708141,0.0713895
JPYNOK,2022-09-19,0.0713721,0.0720525,0.0711974,0.0712714
JPYNOK,2022-09-20,0.0712823,0.0721188,0.0710375,0.0718942
JPYNOK,2022-09-21,0.0718975,0.0725082,0.0712475,0.0716979
JPYNOK,2022-09-22,0.0716986,0.073739,0.0710811,0.0731409
JPYNOK,2022-09-23,0.0731344,0.0742944,0.0729885,0.0740464
JPYNOK,2022-09-26,0.0740095,0.0750366,0.073813,0.0748272
JPYNOK,2022-09-27,0.0748164,0.0749639,0.074063,0.0747055
JPYNOK,2022-09-28,0.0747047,0.0760655,0.0739455,0.0740124
JPYNOK,2022-09-29,0.0740084,0.0751776,0.0730912,0.0739923
JPYNOK,2022-09-30,0.0740073,0.0753948,0.0736753,0.0752278
JPYNOK,2022-10-03,0.0752602,0.0753421,0.0735216,0.073552
JPYNOK,2022-10-04,0.0735095,0.074349,0.0723725,0.0724054
JPYNOK,2022-10-05,0.0724051,0.0737556,0.0723875,0.0725601
JPYNOK,2022-10-06,0.0725711,0.0739112,0.0723242,0.0738221
JPYNOK,2022-10-07,0.0738086,0.0741673,0.0734016,0.0737243
JPYNOK,2022-10-10,0.0738046,0.0740292,0.0728932,0.0732011
JPYNOK,2022-10-11,0.0731738,0.0740695,0.0730791,0.0737497
JPYNOK,2022-10-12,0.0737725,0.0738229,0.072566,0.0732915
JPYNOK,2022-10-13,0.07329,0.0738531,0.0715731,0.0719798
JPYNOK,2022-10-14,0.071971,0.0721107,0.0711545,0.071807
JPYNOK,2022-10-17,0.0719226,0.0720197,0.0706213,0.0706971
JPYNOK,2022-10-18,0.0706976,0.0712239,0.0702853,0.070708
JPYNOK,2022-10-19,0.0707142,0.0712095,0.0703376,0.0707343
JPYNOK,2022-10-20,0.0707336,0.0711012,0.07045,0.0708127
JPYNOK,2022-10-21,0.0708334,0.0720027,0.069809,0.0711312
JPYNOK,2022-10-24,0.0708476,0.0720006,0.0702389,0.0706305
JPYNOK,2022-10-25,0.0706362,0.0709487,0.0701259,0.0701723
JPYNOK,2022-10-26,0.0701816,0.0704167,0.0699025,0.0700654
JPYNOK,2022-10-27,0.0700343,0.0706184,0.0699847,0.0702761
JPYNOK,2022-10-28,0.0702772,0.0704015,0.0697346,0.0701136
JPYNOK,2022-10-31,0.0698549,0.0701835,0.0695964,0.0699227
JPYNOK,2022-11-01,0.0699227,0.0700743,0.0694695,0.0699119
JPYNOK,2022-11-02,0.069912,0.0708357,0.0699065,0.0707279
JPYNOK,2022-11-03,0.0707456,0.0718787,0.0707144,0.0713468
JPYNOK,2022-11-04,0.0713474,0.0714415,0.0696836,0.0698522
JPYNOK,2022-11-07,0.0698156,0.0703599,0.0696104,0.0697219
JPYNOK,2022-11-08,0.0697225,0.0704914,0.06967,0.0702458
JPYNOK,2022-11-09,0.0702358,0.0710423,0.0702358,0.0708931
JPYNOK,2022-11-10,0.0708928,0.071866,0.0707566,0.0713342
JPYNOK,2022-11-11,0.0713377,0.0720554,0.0708575,0.0715112
JPYNOK,2022-11-14,0.071325,0.0719219,0.0710089,0.0716938
JPYNOK,2022-11-15,0.0716695,0.072194,0.0711534,0.07156
JPYNOK,2022-11-16,0.0715531,0.0720166,0.0711485,0.071662
JPYNOK,2022-11-17,0.0716454,0.0725635,0.0716274,0.072215
JPYNOK,2022-11-18,0.0722202,0.072902,0.0720133,0.0726145
JPYNOK,2022-11-21,0.0724926,0.0730239,0.07208,0.0721774
JPYNOK,2022-11-22,0.0721765,0.0723097,0.0715857,0.0716141
JPYNOK,2022-11-23,0.0716103,0.0716949,0.0709704,0.0713619
JPYNOK,2022-11-24,0.0713744,0.0720766,0.0712603,0.0715432
JPYNOK,2022-11-25,0.0715511,0.0715907,0.0709047,0.0709858
JPYNOK,2022-11-28,0.0712096,0.0722583,0.0710249,0.0721151
JPYNOK,2022-11-29,0.0721046,0.0723495,0.071722,0.0721512
JPYNOK,2022-11-30,0.0721506,0.0722348,0.0708281,0.0712733
JPYNOK,2022-12-01,0.0712732,0.0721782,0.0712685,0.0718655
JPYNOK,2022-12-02,0.0718655,0.0729428,0.0718252,0.0728267
JPYNOK,2022-12-05,0.072576,0.0729463,0.0720334,0.0727953
JPYNOK,2022-12-06,0.0727914,0.073358,0.0723369,0.0729444
JPYNOK,2022-12-07,0.0729426,0.0734827,0.0727576,0.0733586
JPYNOK,2022-12-08,0.0733484,0.0735396,0.0728296,0.0728945
JPYNOK,2022-12-09,0.0728727,0.0735449,0.0728423,0.0730811
JPYNOK,2022-12-12,0.0731849,0.0733171,0.0724913,0.072628
JPYNOK,2022-12-13,0.0726233,0.0727062,0.0716818,0.0720091
JPYNOK,2022-12-14,0.0720186,0.0730251,0.0717174,0.0717741
JPYNOK,2022-12-15,0.0717698,0.072167,0.0712573,0.0716147
JPYNOK,2022-12-16,0.071608,0.0726208,0.0714718,0.0723656
JPYNOK,2022-12-19,0.0726084,0.07273,0.0721627,0.0723461
JPYNOK,2022-12-20,0.0723477,0.0757889,0.0720591,0.0749996
JPYNOK,2022-12-21,0.075008,0.0751157,0.0740728,0.0742674
JPYNOK,2022-12-22,0.0742694,0.0755088,0.0738538,0.0750132
JPYNOK,2022-12-23,0.0750177,0.0750194,0.0740713,0.074322
JPYNOK,2022-12-27,0.0739804,0.0741748,0.0734511,0.0736327
JPYNOK,2022-12-28,0.0736277,0.0737287,0.0731685,0.0736943
JPYNOK,2022-12-29,0.0736899,0.0744847,0.0736617,0.0744599
JPYNOK,2022-12-30,0.074463,0.0751546,0.0743465,0.0746363
JPYNOK,2023-01-02,0.0748937,0.0755886,0.0747037,0.0754214
JPYNOK,2023-01-03,0.0753272,0.077182,0.0750903,0.0770066
JPYNOK,2023-01-04,0.0770134,0.0774632,0.0759406,0.0762547
JPYNOK,2023-01-05,0.0762351,0.0772,0.0757692,0.0767722
JPYNOK,2023-01-06,0.0767695,0.0769318,0.0755758,0.0757521
JPYNOK,2023-01-09,0.07589,0.0760198,0.0745012,0.0751818
JPYNOK,2023-01-10,0.0751669,0.0757058,0.0748907,0.0755715
JPYNOK,2023-01-11,0.0755759,0.0756126,0.0751233,0.0755544
JPYNOK,2023-01-12,0.0755404,0.0767198,0.0755202,0.0765938
JPYNOK,2023-01-13,0.0765849,0.077646,0.0764481,0.0770865
JPYNOK,2023-01-16,0.0772816,0.0772816,0.0768275,0.0772122
JPYNOK,2023-01-17,0.0772447,0.0774675,0.0765708,0.0773214
JPYNOK,2023-01-18,0.0773214,0.0773435,0.0749382,0.0769057
JPYNOK,2023-01-19,0.076904,0.0778249,0.0768452,0.077061
JPYNOK,2023-01-20,0.0770568,0.0771938,0.0758995,0.0761488
JPYNOK,2023-01-23,0.0761167,0.0763331,0.0749887,0.0751281
JPYNOK,2023-01-24,0.0751452,0.0759799,0.0750808,0.0757485
JPYNOK,2023-01-25,0.0757555,0.0768454,0.0753745,0.0764823
JPYNOK,2023-01-26,0.0764829,0.076748,0.0756708,0.0758862
JPYNOK,2023-01-27,0.0758993,0.0763823,0.0758701,0.0761155
JPYNOK,2023-01-30,0.0759576,0.0766058,0.0757706,0.0765568
JPYNOK,2023-01-31,0.0764945,0.0775582,0.0764562,0.0767912
JPYNOK,2023-02-01,0.0767943,0.0774752,0.0764321,0.0768507
JPYNOK,2023-02-02,0.0768541,0.0782541,0.0767426,0.0780877
JPYNOK,2023-02-03,0.0780123,0.0783861,0.077192,0.0779398
JPYNOK,2023-02-06,0.0775052,0.0780812,0.0772336,0.0779178
JPYNOK,2023-02-07,0.0779204,0.0791868,0.0778805,0.0787197
JPYNOK,2023-02-08,0.0787357,0.0789213,0.0781861,0.0785466
JPYNOK,2023-02-09,0.0785485,0.0785908,0.0770109,0.0772774
JPYNOK,2023-02-10,0.0772833,0.0781661,0.0770154,0.0771924
JPYNOK,2023-02-13,0.0771975,0.0773397,0.0760319,0.0762418
JPYNOK,2023-02-14,0.0762409,0.076744,0.0760473,0.0761253
JPYNOK,2023-02-15,0.076119,0.0767838,0.0760721,0.0761947
JPYNOK,2023-02-16,0.0761908,0.076725,0.0759215,0.076544
JPYNOK,2023-02-17,0.0765359,0.0769826,0.0763467,0.0766352
JPYNOK,2023-02-20,0.0766369,0.0767323,0.0760891,0.076485
JPYNOK,2023-02-21,0.0764853,0.0765392,0.0759996,0.0763445
JPYNOK,2023-02-22,0.0763413,0.0768763,0.0762294,0.0767525
JPYNOK,2023-02-23,0.0767496,0.076972,0.0760753,0.0765166
JPYNOK,2023-02-24,0.0765058,0.0768214,0.0760243,0.0761553
JPYNOK,2023-02-27,0.0761011,0.076545,0.0758272,0.0759346
JPYNOK,2023-02-28,0.075905,0.0763356,0.0754253,0.0762555
JPYNOK,2023-03-01,0.0762032,0.0766763,0.0756015,0.0763221
JPYNOK,2023-03-02,0.0763039,0.0766203,0.0761913,0.0763392
JPYNOK,2023-03-03,0.0763701,0.0768347,0.0762287,0.0764947
JPYNOK,2023-03-06,0.0766248,0.0769813,0.0764013,0.076572
JPYNOK,2023-03-07,0.0765742,0.0780227,0.0764089,0.0779358
JPYNOK,2023-03-08,0.077927,0.0779556,0.0774541,0.077605
JPYNOK,2023-03-09,0.0776103,0.0784451,0.0775725,0.0782782
JPYNOK,2023-03-10,0.0782723,0.0789662,0.0776568,0.0788318
JPYNOK,2023-03-13,0.0787009,0.0806428,0.0781141,0.0792556
JPYNOK,2023-03-14,0.0792568,0.0795856,0.0782463,0.0785923
JPYNOK,2023-03-15,0.0785859,0.0818057,0.0778937,0.0807025
JPYNOK,2023-03-16,0.080718,0.082484,0.0803514,0.0806143
JPYNOK,2023-03-17,0.0806018,0.081564,0.0799272,0.0811869
JPYNOK,2023-03-20,0.0808604,0.0825965,0.0803323,0.0810076
JPYNOK,2023-03-21,0.0810065,0.0813777,0.0791725,0.0797131
JPYNOK,2023-03-22,0.0797137,0.0798361,0.0788152,0.07952
JPYNOK,2023-03-23,0.0795243,0.0798931,0.0783447,0.0795272
JPYNOK,2023-03-24,0.0795381,0.0815112,0.0795015,0.0801938
JPYNOK,2023-03-27,0.0802328,0.0805543,0.0794771,0.079574
JPYNOK,2023-03-28,0.0795826,0.0800298,0.0790419,0.0791627
JPYNOK,2023-03-29,0.0791606,0.0792171,0.0782978,0.0784556
JPYNOK,2023-03-30,0.0784507,0.0789969,0.0781627,0.0783556
JPYNOK,2023-03-31,0.0783561,0.0789751,0.0778118,0.0788273
JPYNOK,2023-04-03,0.0782094,0.0786647,0.077648,0.0777275
JPYNOK,2023-04-04,0.0777278,0.0784688,0.0772556,0.078313
JPYNOK,2023-04-05,0.0783168,0.0798357,0.0780843,0.0794698
JPYNOK,2023-04-06,0.0794698,0.0799495,0.0791248,0.0792491
JPYNOK,2023-04-07,0.0792472,0.0797761,0.0792167,0.0795367
JPYNOK,2023-04-10,0.0794292,0.079621,0.0786863,0.0787489
JPYNOK,2023-04-11,0.0787454,0.0796667,0.0784634,0.0790655
JPYNOK,2023-04-12,0.0790657,0.0790757,0.0781765,0.0784374
JPYNOK,2023-04-13,0.0784432,0.0785364,0.077525,0.0777197
JPYNOK,2023-04-14,0.0777185,0.0780161,0.0775314,0.0775816
JPYNOK,2023-04-17,0.077475,0.0781515,0.0772622,0.0779103
JPYNOK,2023-04-18,0.0779353,0.0782782,0.0777041,0.078099
JPYNOK,2023-04-19,0.0780969,0.0786271,0.0778685,0.0786073
JPYNOK,2023-04-20,0.0786111,0.0790642,0.0784644,0.0788494
JPYNOK,2023-04-21,0.0788484,0.0797645,0.0787035,0.0789401
JPYNOK,2023-04-24,0.0789615,0.0793629,0.0782513,0.0784776
JPYNOK,2023-04-25,0.0784711,0.0801602,0.0782646,0.0798316
JPYNOK,2023-04-26,0.0798376,0.080042,0.0791787,0.079567
JPYNOK,2023-04-27,0.0795652,0.0797005,0.0791662,0.0793189
JPYNOK,2023-04-28,0.0793157,0.0796503,0.0781633,0.0782128
JPYNOK,2023-05-01,0.0783379,0.0784268,0.0778517,0.0780906
JPYNOK,2023-05-02,0.0780676,0.0794098,0.0777099,0.0792602
JPYNOK,2023-05-03,0.0792534,0.0798553,0.0791132,0.0798133
JPYNOK,2023-05-04,0.0798143,0.0802464,0.0791914,0.0796649
JPYNOK,2023-05-05,0.0796582,0.0796628,0.0783209,0.0783879
JPYNOK,2023-05-08,0.0783721,0.0784288,0.0773931,0.0777369
JPYNOK,2023-05-09,0.0777453,0.0783636,0.0776778,0.0781737
JPYNOK,2023-05-10,0.0782427,0.0785898,0.0775721,0.0782408
JPYNOK,2023-05-11,0.0782494,0.0795276,0.0779704,0.0793175
JPYNOK,2023-05-12,0.0793231,0.079569,0.0785881,0.0787417
JPYNOK,2023-05-15,0.0786632,0.0787779,0.0777936,0.0778422
JPYNOK,2023-05-16,0.077847,0.0787443,0.0778406,0.0786547
JPYNOK,2023-05-17,0.0786596,0.0790929,0.0782049,0.078308
JPYNOK,2023-05-18,0.0783323,0.079023,0.0782031,0.0787884
JPYNOK,2023-05-19,0.0787921,0.0790257,0.0781763,0.0788244
JPYNOK,2023-05-22,0.0787993,0.0791945,0.0782838,0.078572
JPYNOK,2023-05-23,0.0785714,0.0794696,0.0785714,0.0790656
JPYNOK,2023-05-24,0.079066,0.0794468,0.0785336,0.0786462
JPYNOK,2023-05-25,0.0786498,0.0792029,0.0783814,0.0788935
JPYNOK,2023-05-26,0.0788925,0.0791351,0.0785632,0.0788453
JPYNOK,2023-05-29,0.0787463,0.0794054,0.0786253,0.0790906
JPYNOK,2023-05-30,0.0791102,0.0806427,0.0789703,0.0800259
JPYNOK,2023-05-31,0.0800368,0.0808316,0.0794357,0.0795579
JPYNOK,2023-06-01,0.0795461,0.0804206,0.079206,0.0799284
JPYNOK,2023-06-02,0.0799571,0.0799571,0.0787338,0.0787611
JPYNOK,2023-06-05,0.0788046,0.079351,0.0784154,0.0791458
JPYNOK,2023-06-06,0.0791193,0.0798228,0.0788143,0.0794077
JPYNOK,2023-06-07,0.0793813,0.0799385,0.0787362,0.0787593
JPYNOK,2023-06-08,0.0787619,0.0790613,0.078315,0.0784689
JPYNOK,2023-06-09,0.0784641,0.0785686,0.0770346,0.0772161
JPYNOK,2023-06-12,0.0772109,0.0776385,0.0769048,0.0773493
JPYNOK,2023-06-13,0.0773509,0.0774792,0.0759121,0.0760574
JPYNOK,2023-06-14,0.0760587,0.076652,0.0754889,0.0760502
JPYNOK,2023-06-15,0.0760491,0.0760911,0.0746554,0.0748631
JPYNOK,2023-06-16,0.0748636,0.0751042,0.0742376,0.0744703
JPYNOK,2023-06-19,0.0745256,0.0753937,0.0744059,0.0753649
JPYNOK,2023-06-20,0.0753686,0.0763317,0.0750857,0.0759454
JPYNOK,2023-06-21,0.0759494,0.0760055,0.0749736,0.0752021
JPYNOK,2023-06-22,0.0752001,0.0752266,0.0738767,0.0744462
JPYNOK,2023-06-23,0.0744477,0.0762464,0.0744184,0.0753283
JPYNOK,2023-06-26,0.0754038,0.0756503,0.0745522,0.0747235
JPYNOK,2023-06-27,0.0747205,0.0749889,0.074274,0.074802
JPYNOK,2023-06-28,0.0747794,0.0752829,0.0745015,0.0746182
JPYNOK,2023-06-29,0.0746151,0.0749028,0.0742914,0.0746176
JPYNOK,2023-06-30,0.0746098,0.0746927,0.0739254,0.0743942
JPYNOK,2023-07-03,0.0745761,0.0745925,0.0738693,0.0740968
JPYNOK,2023-07-04,0.0740971,0.0740971,0.0735211,0.0736235
JPYNOK,2023-07-05,0.0736263,0.0741607,0.0733222,0.0738604
JPYNOK,2023-07-06,0.0738604,0.075007,0.0738604,0.0747312
JPYNOK,2023-07-07,0.0747244,0.0752527,0.0745567,0.0747487
JPYNOK,2023-07-10,0.074833,0.0750664,0.0739468,0.0741534
JPYNOK,2023-07-11,0.0741476,0.0745931,0.0736673,0.0738942
JPYNOK,2023-07-12,0.0738959,0.0741291,0.0728734,0.0730628
JPYNOK,2023-07-13,0.0730622,0.0732165,0.0720294,0.072112
JPYNOK,2023-07-14,0.0721255,0.0725933,0.071796,0.0724164
JPYNOK,2023-07-17,0.0722346,0.0729216,0.071925,0.0725043
JPYNOK,2023-07-18,0.0724964,0.0731215,0.0722976,0.0724233
JPYNOK,2023-07-19,0.0724452,0.0724452,0.0715196,0.0719396
JPYNOK,2023-07-20,0.0719363,0.0720044,0.0711446,0.0717214
JPYNOK,2023-07-21,0.0717219,0.0720521,0.0706791,0.0710509
JPYNOK,2023-07-24,0.0709066,0.0716549,0.0708361,0.0712336
JPYNOK,2023-07-25,0.0712336,0.071788,0.0707896,0.0716038
JPYNOK,2023-07-26,0.0715999,0.0724904,0.0714031,0.0722979
JPYNOK,2023-07-27,0.0723013,0.0735084,0.0712268,0.0727859
JPYNOK,2023-07-28,0.0727888,0.0739446,0.0721297,0.0722588
JPYNOK,2023-07-31,0.0722073,0.0724658,0.0709685,0.0712307
JPYNOK,2023-08-01,0.0712377,0.0716344,0.0709819,0.0710278
JPYNOK,2023-08-02,0.071068,0.0719154,0.0708272,0.0717939
JPYNOK,2023-08-03,0.0717699,0.0723429,0.0715017,0.0718503
JPYNOK,2023-08-04,0.0718785,0.0719101,0.0710861,0.0715032
JPYNOK,2023-08-07,0.0715841,0.0716574,0.0711494,0.0711627
JPYNOK,2023-08-08,0.0711681,0.0723571,0.0710062,0.071644
JPYNOK,2023-08-09,0.0716202,0.0717989,0.070933,0.0710655
JPYNOK,2023-08-10,0.0710833,0.0713557,0.0703585,0.0713132
JPYNOK,2023-08-11,0.0713108,0.0723142,0.0711747,0.0719356
JPYNOK,2023-08-14,0.0720184,0.0724124,0.0718658,0.0720724
JPYNOK,2023-08-15,0.072071,0.0724157,0.0717533,0.0723256
JPYNOK,2023-08-16,0.072299,0.072725,0.0719585,0.0723708
JPYNOK,2023-08-17,0.0723724,0.0728755,0.0721882,0.0727455
JPYNOK,2023-08-18,0.0727445,0.0733966,0.0724427,0.073234
JPYNOK,2023-08-21,0.0731385,0.0734276,0.0723225,0.0723999
JPYNOK,2023-08-22,0.0724172,0.0729665,0.0723776,0.0727775
JPYNOK,2023-08-23,0.0727788,0.0737536,0.0727325,0.0731496
JPYNOK,2023-08-24,0.0731403,0.0735407,0.0728131,0.0734895
JPYNOK,2023-08-25,0.0734891,0.0736313,0.0728715,0.0729969
JPYNOK,2023-08-28,0.0730349,0.0734435,0.0727609,0.0731831
JPYNOK,2023-08-29,0.0731983,0.0732271,0.0724658,0.0725157
JPYNOK,2023-08-30,0.0725244,0.0725961,0.0722178,0.0724546
JPYNOK,2023-08-31,0.0724471,0.0733459,0.0724245,0.0731344
JPYNOK,2023-09-01,0.0731327,0.0732419,0.072677,0.0730255
JPYNOK,2023-09-04,0.0729996,0.073088,0.0725127,0.0725992
JPYNOK,2023-09-05,0.072603,0.0733047,0.0724558,0.0726215
JPYNOK,2023-09-06,0.0726169,0.073045,0.0724901,0.0726802
JPYNOK,2023-09-07,0.0726835,0.0728888,0.0724503,0.0727513
JPYNOK,2023-09-08,0.0727527,0.0728982,0.0720871,0.0722862
JPYNOK,2023-09-11,0.072732,0.0730938,0.0724614,0.072642
JPYNOK,2023-09-12,0.0726422,0.0727847,0.0724858,0.0725163
JPYNOK,2023-09-13,0.0725177,0.0727481,0.0723229,0.0726892
JPYNOK,2023-09-14,0.0726859,0.0731302,0.0725493,0.0728871
JPYNOK,2023-09-15,0.0728904,0.0729337,0.0724156,0.0729137
JPYNOK,2023-09-18,0.072856,0.0736599,0.0727861,0.0732463
JPYNOK,2023-09-19,0.073245,0.0733097,0.0725858,0.072974
JPYNOK,2023-09-20,0.0729761,0.0730427,0.0723664,0.0727509
JPYNOK,2023-09-21,0.0727509,0.0733443,0.0725383,0.0732103
JPYNOK,2023-09-22,0.0732033,0.0732409,0.0722443,0.0725082
JPYNOK,2023-09-25,0.0725328,0.0726839,0.0721439,0.0726666
JPYNOK,2023-09-26,0.0726645,0.0728949,0.0724056,0.0726459
JPYNOK,2023-09-27,0.0726408,0.0727203,0.0717308,0.071981
JPYNOK,2023-09-28,0.0719745,0.0720531,0.0716769,0.0718714
JPYNOK,2023-09-29,0.0718721,0.0719029,0.0709428,0.0715968
JPYNOK,2023-10-02,0.0716134,0.0724871,0.0712474,0.0724195
JPYNOK,2023-10-03,0.0724136,0.0740779,0.0723685,0.0735685
JPYNOK,2023-10-04,0.073583,0.0740952,0.0732399,0.0738314
JPYNOK,2023-10-05,0.0738311,0.0741352,0.0736117,0.0738736
JPYNOK,2023-10-06,0.0738806,0.0741186,0.0728669,0.0730568
JPYNOK,2023-10-09,0.0735965,0.0735965,0.0725841,0.0725974
JPYNOK,2023-10-10,0.0725962,0.0730082,0.0724687,0.072699
JPYNOK,2023-10-11,0.0727293,0.0729373,0.0723876,0.0727679
JPYNOK,2023-10-12,0.0727657,0.0734328,0.0726495,0.0732825
JPYNOK,2023-10-13,0.0732787,0.0734024,0.0728934,0.0730994
JPYNOK,2023-10-16,0.0731958,0.0734539,0.0729539,0.0730086
JPYNOK,2023-10-17,0.0729816,0.0735314,0.0729785,0.073155
JPYNOK,2023-10-18,0.0731709,0.0739287,0.0730309,0.0736836
JPYNOK,2023-10-19,0.0737638,0.0741706,0.0732446,0.0734428
JPYNOK,2023-10-20,0.0734481,0.0739022,0.0734191,0.073808
JPYNOK,2023-10-23,0.073799,0.0743997,0.0737842,0.0739583
JPYNOK,2023-10-24,0.0739488,0.0747009,0.0737315,0.0745315
JPYNOK,2023-10-25,0.0745375,0.0748127,0.0743799,0.074557
JPYNOK,2023-10-26,0.0745668,0.0749449,0.0744493,0.0744989
JPYNOK,2023-10-27,0.0745023,0.0748655,0.0743885,0.0747421
JPYNOK,2023-10-30,0.0746277,0.0749712,0.0741915,0.0747339
JPYNOK,2023-10-31,0.0747312,0.0748181,0.073655,0.0738229
JPYNOK,2023-11-01,0.0738177,0.0744277,0.0737694,0.0741276
JPYNOK,2023-11-02,0.0741233,0.0744534,0.0738439,0.0741749
JPYNOK,2023-11-03,0.0741749,0.0744272,0.0738116,0.0738978
JPYNOK,2023-11-06,0.0739544,0.0740297,0.0734799,0.0736687
JPYNOK,2023-11-07,0.0736905,0.0745641,0.0736505,0.0744381
JPYNOK,2023-11-08,0.0744397,0.0746393,0.0739991,0.074095
JPYNOK,2023-11-09,0.0740932,0.0742088,0.0735936,0.07413
JPYNOK,2023-11-10,0.0741328,0.0741885,0.0732994,0.0733146
JPYNOK,2023-11-13,0.0733865,0.0734643,0.0729806,0.0730835
JPYNOK,2023-11-14,0.0730714,0.0735702,0.0722621,0.0723073
JPYNOK,2023-11-15,0.0723121,0.0723505,0.0712563,0.0714109
JPYNOK,2023-11-16,0.0714034,0.0726654,0.0713714,0.0725697
JPYNOK,2023-11-17,0.0725675,0.0730226,0.0721877,0.0722127
JPYNOK,2023-11-20,0.0722186,0.0725595,0.0720508,0.0721804
JPYNOK,2023-11-21,0.0721777,0.0724211,0.0718724,0.0720232
JPYNOK,2023-11-22,0.0720194,0.0722995,0.07177,0.0719756
JPYNOK,2023-11-23,0.0719942,0.072183,0.0716794,0.072036
JPYNOK,2023-11-24,0.0720221,0.0721901,0.0714594,0.0716409
JPYNOK,2023-11-27,0.0716099,0.0720351,0.071546,0.0715786
JPYNOK,2023-11-28,0.0715734,0.072202,0.071568,0.0720611
JPYNOK,2023-11-29,0.0720694,0.0725513,0.0719883,0.0724623
JPYNOK,2023-11-30,0.0724657,0.0730564,0.0723557,0.0729107
JPYNOK,2023-12-01,0.0729005,0.0730654,0.0724333,0.0726403
JPYNOK,2023-12-04,0.0727028,0.0739509,0.0726953,0.0736821
JPYNOK,2023-12-05,0.0736956,0.0742791,0.0735858,0.0742404
JPYNOK,2023-12-06,0.0742198,0.0745766,0.0740237,0.0745344
JPYNOK,2023-12-07,0.0745394,0.076697,0.0745066,0.0754722
JPYNOK,2023-12-08,0.0754932,0.0761988,0.0750083,0.0752248
JPYNOK,2023-12-11,0.0752355,0.0753166,0.0746488,0.0749987
JPYNOK,2023-12-12,0.0750266,0.0756145,0.0748795,0.0753846
JPYNOK,2023-12-13,0.0753816,0.0758719,0.0750449,0.0756277
JPYNOK,2023-12-14,0.0756212,0.076066,0.0737533,0.0741162
JPYNOK,2023-12-15,0.0741411,0.0741976,0.0734862,0.0735182
JPYNOK,2023-12-18,0.0738109,0.0738259,0.072436,0.0728026
JPYNOK,2023-12-19,0.072803,0.073088,0.0713504,0.0713782
JPYNOK,2023-12-20,0.0713962,0.0722757,0.0713254,0.0722007
JPYNOK,2023-12-21,0.0721997,0.0725357,0.0718202,0.0722659
JPYNOK,2023-12-22,0.0722814,0.0724226,0.0713947,0.0716887
JPYNOK,2023-12-25,0.071842,0.0718438,0.0717585,0.0717771
JPYNOK,2023-12-26,0.0716037,0.072159,0.0711485,0.0712888
JPYNOK,2023-12-27,0.0712964,0.0714377,0.07078,0.0713496
JPYNOK,2023-12-28,0.0713486,0.0722772,0.0711255,0.0721305
JPYNOK,2023-12-29,0.0721433,0.0721964,0.0714897,0.0720701
JPYNOK,2024-01-02,0.0721619,0.0730301,0.0716724,0.0728112
JPYNOK,2024-01-03,0.0728025,0.0729179,0.0719588,0.0722902
JPYNOK,2024-01-04,0.0722865,0.0723977,0.0711569,0.0712131
JPYNOK,2024-01-05,0.0712124,0.0715362,0.070816,0.0711883
JPYNOK,2024-01-08,0.071454,0.0720944,0.0711275,0.0718259
JPYNOK,2024-01-09,0.0718286,0.0722106,0.0715877,0.0718066
JPYNOK,2024-01-10,0.0718165,0.0718471,0.0709471,0.0710066
JPYNOK,2024-01-11,0.0710052,0.0711883,0.0706337,0.0709955
JPYNOK,2024-01-12,0.0709934,0.0710918,0.0706895,0.0710274
JPYNOK,2024-01-15,0.0709712,0.0711164,0.0707258,0.0709834
JPYNOK,2024-01-16,0.0709838,0.0713792,0.0709626,0.0710491
JPYNOK,2024-01-17,0.0710489,0.0713249,0.0708367,0.0710081
JPYNOK,2024-01-18,0.0710184,0.0713057,0.0708314,0.071086
JPYNOK,2024-01-19,0.0710766,0.0711336,0.0706234,0.0708086
JPYNOK,2024-01-22,0.0707455,0.0712117,0.0707311,0.0710648
JPYNOK,2024-01-23,0.0710652,0.0712412,0.0707349,0.0707915
JPYNOK,2024-01-24,0.0707883,0.0712448,0.0707883,0.0710277
JPYNOK,2024-01-25,0.0710225,0.0710683,0.0704922,0.0706789
JPYNOK,2024-01-26,0.0707101,0.0709106,0.0702117,0.0703712
JPYNOK,2024-01-29,0.0703988,0.0709193,0.0702613,0.0707421
JPYNOK,2024-01-30,0.070741,0.0710582,0.0706223,0.0707616
JPYNOK,2024-01-31,0.0707503,0.0716101,0.0705384,0.0716034
JPYNOK,2024-02-01,0.0716024,0.072031,0.0711952,0.071258
JPYNOK,2024-02-02,0.0712725,0.0718816,0.071076,0.0715469
JPYNOK,2024-02-05,0.0715173,0.0720504,0.0714152,0.0718726
JPYNOK,2024-02-06,0.0718749,0.0720049,0.0715209,0.0716699
JPYNOK,2024-02-07,0.071684,0.0717651,0.0711543,0.0714732
JPYNOK,2024-02-08,0.0714732,0.0715636,0.0709929,0.071167
JPYNOK,2024-02-09,0.0711635,0.0712334,0.0706122,0.0706171
JPYNOK,2024-02-12,0.0707184,0.0708794,0.0702385,0.0703273
JPYNOK,2024-02-13,0.0703024,0.0709042,0.0700967,0.0708603
JPYNOK,2024-02-14,0.0708565,0.0709614,0.0702171,0.0703577
JPYNOK,2024-02-15,0.0703527,0.0705863,0.0701361,0.0702589
JPYNOK,2024-02-16,0.0702584,0.0703278,0.0698888,0.0699425
JPYNOK,2024-02-19,0.0700793,0.0701317,0.0697957,0.0698987
JPYNOK,2024-02-20,0.0698985,0.0700356,0.0696612,0.0699211
JPYNOK,2024-02-21,0.0699176,0.0701123,0.0697033,0.0697277
JPYNOK,2024-02-22,0.069727,0.0698939,0.069219,0.0698168
JPYNOK,2024-02-23,0.0698024,0.070118,0.0696336,0.0699878
JPYNOK,2024-02-26,0.0700138,0.0702119,0.0696966,0.0698004
JPYNOK,2024-02-27,0.0698069,0.0702138,0.0697492,0.0700002
JPYNOK,2024-02-28,0.0700067,0.0704315,0.0699623,0.0701842
JPYNOK,2024-02-29,0.0701847,0.0709073,0.0701847,0.0707972
JPYNOK,2024-03-01,0.0708011,0.0708453,0.0700003,0.0700691
JPYNOK,2024-03-04,0.0700757,0.0702814,0.0698561,0.0702662
JPYNOK,2024-03-05,0.0702575,0.0706183,0.0701497,0.0705669
JPYNOK,2024-03-06,0.0705667,0.0707075,0.0701698,0.0703171
JPYNOK,2024-03-07,0.0703184,0.0708853,0.0702424,0.0703269
JPYNOK,2024-03-08,0.0703273,0.0709906,0.0702273,0.0709336
JPYNOK,2024-03-11,0.0709343,0.0713562,0.0709165,0.0711294
JPYNOK,2024-03-12,0.0711294,0.0714045,0.070751,0.0712412
JPYNOK,2024-03-13,0.0712409,0.0714251,0.070789,0.0709838
JPYNOK,2024-03-14,0.0709837,0.0713578,0.0707905,0.071286
JPYNOK,2024-03-15,0.0712849,0.0715158,0.0710123,0.071228
JPYNOK,2024-03-18,0.0713548,0.0715483,0.0708995,0.0714581
JPYNOK,2024-03-19,0.0714634,0.0714929,0.0704979,0.0705657
JPYNOK,2024-03-20,0.0705652,0.0705657,0.0697774,0.0699545
JPYNOK,2024-03-21,0.0699539,0.0704753,0.0696692,0.0703953
JPYNOK,2024-03-22,0.0703943,0.0711734,0.0703197,0.0710264
JPYNOK,2024-03-25,0.0709866,0.0711331,0.0705274,0.0707508
JPYNOK,2024-03-26,0.0707499,0.0710153,0.0706294,0.0709858
JPYNOK,2024-03-27,0.0709858,0.071426,0.0709267,0.0713766
JPYNOK,2024-03-28,0.0713801,0.0717595,0.0712231,0.0717018
JPYNOK,2024-04-01,0.07157,0.0723419,0.0713955,0.072251
JPYNOK,2024-04-02,0.0722545,0.0724013,0.0714537,0.0716093
JPYNOK,2024-04-03,0.0715987,0.0716156,0.0706323,0.0707407
JPYNOK,2024-04-04,0.070741,0.0710566,0.0703054,0.0709233
JPYNOK,2024-04-05,0.0709141,0.0713159,0.0706542,0.0707629
JPYNOK,2024-04-08,0.0708348,0.0710158,0.070199,0.0703757
JPYNOK,2024-04-09,0.0703869,0.0704902,0.0700776,0.0703749
JPYNOK,2024-04-10,0.0703777,0.0710315,0.0700754,0.0707963
JPYNOK,2024-04-11,0.070782,0.0710094,0.0703933,0.070769
JPYNOK,2024-04-12,0.0707683,0.0714536,0.0706416,0.0711891
JPYNOK,2024-04-15,0.0712687,0.0713319,0.0706554,0.0709516
JPYNOK,2024-04-16,0.070948,0.0712975,0.0708109,0.0710531
JPYNOK,2024-04-17,0.0710551,0.0715337,0.070885,0.071262
JPYNOK,2024-04-18,0.0712561,0.0715176,0.0710485,0.0714581
JPYNOK,2024-04-19,0.0714581,0.0721689,0.0710853,0.0712838
JPYNOK,2024-04-22,0.071356,0.0714459,0.0709431,0.0709924
JPYNOK,2024-04-23,0.0709812,0.0711811,0.07045,0.0704957
JPYNOK,2024-04-24,0.070495,0.0710123,0.0702572,0.0707895
JPYNOK,2024-04-25,0.0707879,0.0709736,0.0702357,0.0704245
JPYNOK,2024-04-26,0.0704258,0.0705662,0.069817,0.069817
JPYNOK,2024-04-29,0.0696759,0.0712027,0.0687952,0.0702927
JPYNOK,2024-04-30,0.0702964,0.0704782,0.0701091,0.0704293
JPYNOK,2024-05-01,0.0704256,0.0720744,0.0700313,0.0715333
JPYNOK,2024-05-02,0.0715678,0.0719176,0.0705942,0.0715289
JPYNOK,2024-05-03,0.0715301,0.0718615,0.0708497,0.0710815
JPYNOK,2024-05-06,0.0711022,0.0711022,0.0702648,0.0704048
JPYNOK,2024-05-07,0.0704074,0.0706153,0.0701182,0.0705588
JPYNOK,2024-05-08,0.0705535,0.0706295,0.0700438,0.0701304
JPYNOK,2024-05-09,0.0701303,0.0702484,0.0697661,0.0698419
JPYNOK,2024-05-10,0.0698445,0.0698738,0.0694483,0.069593
JPYNOK,2024-05-13,0.069903,0.0699181,0.06917,0.0692615
JPYNOK,2024-05-14,0.0692507,0.0693359,0.0690361,0.069078
JPYNOK,2024-05-15,0.069083,0.0692816,0.068841,0.0689602
JPYNOK,2024-05-16,0.0689633,0.0693545,0.0688024,0.0688804
JPYNOK,2024-05-17,0.0688845,0.0689606,0.0685645,0.0685916
JPYNOK,2024-05-20,0.068707,0.0687204,0.0683263,0.068483
JPYNOK,2024-05-21,0.0684754,0.0685946,0.0681661,0.0683348
JPYNOK,2024-05-22,0.068331,0.0684514,0.0681574,0.068333
JPYNOK,2024-05-23,0.0683236,0.0684407,0.0676278,0.0680015
JPYNOK,2024-05-24,0.0679954,0.0680676,0.0672432,0.0674312
JPYNOK,2024-05-27,0.0675286,0.0675898,0.0668226,0.0669488
JPYNOK,2024-05-28,0.066922,0.0670015,0.0667186,0.0669104
JPYNOK,2024-05-29,0.0669177,0.0672296,0.066666,0.067216
JPYNOK,2024-05-30,0.067215,0.0677425,0.0671252,0.0672412
JPYNOK,2024-05-31,0.0672372,0.0674121,0.0666798,0.0667312
JPYNOK,2024-06-03,0.0667916,0.0672117,0.0665793,0.0669819
JPYNOK,2024-06-04,0.0669804,0.0684163,0.0667433,0.0682217
JPYNOK,2024-06-05,0.0682334,0.0682572,0.067481,0.067791
JPYNOK,2024-06-06,0.0677914,0.0679367,0.067567,0.0678391
JPYNOK,2024-06-07,0.0678358,0.0684347,0.0676815,0.0683484
JPYNOK,2024-06-10,0.068406,0.0685105,0.0677501,0.0677655
JPYNOK,2024-06-11,0.0677868,0.0682938,0.0676178,0.0680989
JPYNOK,2024-06-12,0.0680983,0.0681479,0.067228,0.0675202
JPYNOK,2024-06-13,0.0675221,0.0681004,0.0672886,0.0678504
JPYNOK,2024-06-14,0.0678509,0.0681906,0.0673364,0.0678493
JPYNOK,2024-06-17,0.0678925,0.0681506,0.0675651,0.0676568
JPYNOK,2024-06-18,0.0676556,0.0677604,0.0669941,0.0670827
JPYNOK,2024-06-19,0.0670766,0.0671202,0.0667448,0.0668803
JPYNOK,2024-06-20,0.0668724,0.066946,0.0661597,0.0663856
JPYNOK,2024-06-21,0.0663856,0.0667346,0.0662009,0.0662504
JPYNOK,2024-06-24,0.0661497,0.066433,0.065966,0.0660503
JPYNOK,2024-06-25,0.0660542,0.0665325,0.0659448,0.066461
JPYNOK,2024-06-26,0.066467,0.0667605,0.066297,0.06643
JPYNOK,2024-06-27,0.0664356,0.0665903,0.0662166,0.0662975
JPYNOK,2024-06-28,0.0662979,0.0665517,0.0661678,0.0663642
JPYNOK,2024-07-01,0.0662086,0.0663213,0.0657994,0.0660044
JPYNOK,2024-07-02,0.0660052,0.0663738,0.0659529,0.0660999
JPYNOK,2024-07-03,0.0660999,0.0661695,0.0652376,0.0653398
JPYNOK,2024-07-04,0.0653374,0.0656567,0.0652757,0.0654623
JPYNOK,2024-07-05,0.065454,0.0658071,0.0654398,0.065582
JPYNOK,2024-07-08,0.0660614,0.066142,0.065517,0.0659753
JPYNOK,2024-07-09,0.0659706,0.0660994,0.0656809,0.0656869
JPYNOK,2024-07-10,0.0656861,0.0664813,0.0656386,0.0663112
JPYNOK,2024-07-11,0.0663249,0.0676841,0.0661475,0.0674237
JPYNOK,2024-07-12,0.0674231,0.0682264,0.0671968,0.0679414
JPYNOK,2024-07-15,0.0678921,0.0685476,0.0677889,0.0683428
JPYNOK,2024-07-16,0.0683429,0.0684953,0.068089,0.0681825
JPYNOK,2024-07-17,0.068181,0.0689027,0.0679992,0.0686447
JPYNOK,2024-07-18,0.0686436,0.0689874,0.0685009,0.0686597
JPYNOK,2024-07-19,0.0686595,0.0694882,0.0686452,0.0693487
JPYNOK,2024-07-22,0.0692203,0.0701926,0.0691306,0.0698401
JPYNOK,2024-07-23,0.0698158,0.0708411,0.0697702,0.0707699
JPYNOK,2024-07-24,0.0707696,0.0719954,0.0706619,0.0716532
JPYNOK,2024-07-25,0.0716685,0.0730633,0.071333,0.071683
JPYNOK,2024-07-26,0.0716794,0.071907,0.0709843,0.0716533
JPYNOK,2024-07-29,0.0717016,0.0718337,0.0713297,0.0714332
JPYNOK,2024-07-30,0.0714217,0.0717809,0.0707531,0.0717725
JPYNOK,2024-07-31,0.0717692,0.0729078,0.071051,0.0728032
JPYNOK,2024-08-01,0.0728166,0.0733708,0.0720879,0.0733506
JPYNOK,2024-08-02,0.0733555,0.0748737,0.0730696,0.0746598
JPYNOK,2024-08-05,0.074505,0.0785135,0.074505,0.0764738
JPYNOK,2024-08-06,0.076467,0.0766323,0.0748814,0.0755786
JPYNOK,2024-08-07,0.0755781,0.0756791,0.0728024,0.0736035
JPYNOK,2024-08-08,0.0735987,0.0744988,0.0734444,0.0736536
JPYNOK,2024-08-09,0.073632,0.07397,0.0733829,0.0736941
JPYNOK,2024-08-12,0.0736892,0.0737462,0.0726014,0.0733964
JPYNOK,2024-08-13,0.0734006,0.0735856,0.0728123,0.0731573
JPYNOK,2024-08-14,0.0731577,0.0735623,0.0721951,0.0727169
JPYNOK,2024-08-15,0.0727175,0.0728953,0.0717755,0.0719631
JPYNOK,2024-08-16,0.0719639,0.0728717,0.0718767,0.0723104
JPYNOK,2024-08-19,0.072364,0.0734566,0.0718615,0.0719665
JPYNOK,2024-08-20,0.0719499,0.0723267,0.0716991,0.0723195
JPYNOK,2024-08-21,0.0723222,0.0726259,0.0717186,0.0723575
JPYNOK,2024-08-22,0.0723573,0.0726709,0.072191,0.0724875
JPYNOK,2024-08-23,0.0724814,0.0728106,0.0722623,0.0725312
JPYNOK,2024-08-26,0.0729629,0.073459,0.0726029,0.0729703
JPYNOK,2024-08-27,0.072977,0.0731081,0.0724952,0.0726567
JPYNOK,2024-08-28,0.0726546,0.0730008,0.0724635,0.0727426
JPYNOK,2024-08-29,0.0727407,0.0728945,0.0721371,0.0724438
JPYNOK,2024-08-30,0.0724308,0.0729227,0.0722774,0.0725589
JPYNOK,2024-09-02,0.0724316,0.0728212,0.0719284,0.0720588
JPYNOK,2024-09-03,0.072066,0.073574,0.0720084,0.073454
JPYNOK,2024-09-04,0.0734454,0.0740758,0.0733918,0.0740388
JPYNOK,2024-09-05,0.0740339,0.0744331,0.0737257,0.0741488
JPYNOK,2024-09-06,0.074138,0.0754517,0.0739123,0.0752689
JPYNOK,2024-09-09,0.0754267,0.0760193,0.0748996,0.075669
JPYNOK,2024-09-10,0.0756802,0.0763541,0.0751159,0.076125
JPYNOK,2024-09-11,0.0761237,0.0772343,0.0760167,0.0762832
JPYNOK,2024-09-12,0.0762877,0.0763875,0.0754314,0.0755315
JPYNOK,2024-09-13,0.0755257,0.076073,0.0755257,0.0756249
JPYNOK,2024-09-16,0.0759946,0.0761625,0.0752628,0.0752906
JPYNOK,2024-09-17,0.0752948,0.0754856,0.0744774,0.0744902
JPYNOK,2024-09-18,0.074476,0.0751564,0.0742933,0.0745404
JPYNOK,2024-09-19,0.074541,0.0746243,0.0729584,0.0735286
JPYNOK,2024-09-20,0.0735281,0.0738953,0.0727771,0.072872
JPYNOK,2024-09-23,0.072938,0.0734444,0.0725074,0.0731075
JPYNOK,2024-09-24,0.0731075,0.0731584,0.0721347,0.0726303
JPYNOK,2024-09-25,0.0726446,0.0732093,0.0721502,0.0730987
JPYNOK,2024-09-26,0.0731058,0.0733318,0.0725787,0.0727312
JPYNOK,2024-09-27,0.0727373,0.074015,0.0720903,0.0738842
JPYNOK,2024-09-30,0.0738996,0.0741293,0.0733755,0.0734389
JPYNOK,2024-10-01,0.0734389,0.0741496,0.0729399,0.0738362
JPYNOK,2024-10-02,0.0738263,0.0739541,0.0721122,0.0722086
JPYNOK,2024-10-03,0.0722022,0.0725118,0.0718779,0.072235
JPYNOK,2024-10-04,0.0722209,0.0727561,0.0715453,0.0715955
JPYNOK,2024-10-07,0.0716511,0.072021,0.0715138,0.0719004
JPYNOK,2024-10-08,0.0718987,0.0724714,0.0717922,0.072244
JPYNOK,2024-10-09,0.0722436,0.0726717,0.0720572,0.0724902
JPYNOK,2024-10-10,0.07249,0.0725325,0.0719982,0.0723606
JPYNOK,2024-10-11,0.072363,0.0723848,0.0716541,0.0717264
JPYNOK,2024-10-14,0.0718765,0.0721467,0.0716528,0.0720624
JPYNOK,2024-10-15,0.0720763,0.0727797,0.0720528,0.0724822
JPYNOK,2024-10-16,0.0724697,0.0730501,0.0724205,0.0729592
JPYNOK,2024-10-17,0.0729584,0.0732723,0.0726868,0.0727435
JPYNOK,2024-10-18,0.0727424,0.0731683,0.0724419,0.0730886
JPYNOK,2024-10-21,0.0729706,0.0733145,0.0725967,0.0726514
JPYNOK,2024-10-22,0.0726514,0.0727871,0.0721895,0.0722889
JPYNOK,2024-10-23,0.0722863,0.0723178,0.0716854,0.0719843
JPYNOK,2024-10-24,0.071985,0.0722896,0.0718363,0.072036
JPYNOK,2024-10-25,0.0720258,0.0722062,0.0717124,0.0720688
JPYNOK,2024-10-28,0.0718036,0.0722456,0.0715019,0.0717253
JPYNOK,2024-10-29,0.0717244,0.0720082,0.0713222,0.071504
JPYNOK,2024-10-30,0.0715162,0.071723,0.0712693,0.0714996
JPYNOK,2024-10-31,0.0714965,0.0725951,0.0714278,0.0722984
JPYNOK,2024-11-01,0.0722993,0.0724469,0.071981,0.0723066
JPYNOK,2024-11-04,0.0721886,0.0724087,0.0720676,0.0723606
JPYNOK,2024-11-05,0.0723593,0.0724742,0.0719493,0.0722646
JPYNOK,2024-11-06,0.0722789,0.0724629,0.0715096,0.071651
JPYNOK,2024-11-07,0.071651,0.0718495,0.0707236,0.071049
JPYNOK,2024-11-08,0.0710568,0.0723869,0.0709472,0.0721416
JPYNOK,2024-11-11,0.072208,0.072208,0.0716553,0.0718088
JPYNOK,2024-11-12,0.0717797,0.0720791,0.0715288,0.0717003
JPYNOK,2024-11-13,0.0717049,0.0719736,0.071349,0.0716691
JPYNOK,2024-11-14,0.0716694,0.0717229,0.0711137,0.0713684
JPYNOK,2024-11-15,0.0713602,0.0720572,0.0710521,0.0719359
JPYNOK,2024-11-18,0.0718608,0.0719882,0.0710674,0.0711538
JPYNOK,2024-11-19,0.0711559,0.0721972,0.0709271,0.0710391
JPYNOK,2024-11-20,0.0710421,0.0713702,0.0706119,0.0711802
JPYNOK,2024-11-21,0.0711876,0.0718273,0.0711668,0.0716431
JPYNOK,2024-11-22,0.0716443,0.0723819,0.0713349,0.0715372
JPYNOK,2024-11-25,0.071532,0.0721547,0.0712733,0.0719621
JPYNOK,2024-11-26,0.0719618,0.073057,0.0718764,0.0729103
JPYNOK,2024-11-27,0.0729125,0.0734698,0.0727232,0.0732796
JPYNOK,2024-11-28,0.0732769,0.0733431,0.0726875,0.0729657
JPYNOK,2024-11-29,0.0729609,0.0739416,0.0729053,0.0737421
JPYNOK,2024-12-02,0.0738529,0.0746419,0.0735607,0.0742326
JPYNOK,2024-12-03,0.0742245,0.0744278,0.0736224,0.0739578
JPYNOK,2024-12-04,0.073955,0.0741382,0.0732373,0.0734597
JPYNOK,2024-12-05,0.0734611,0.0737878,0.0731447,0.0735922
JPYNOK,2024-12-06,0.0735953,0.0745432,0.0733508,0.0744177
JPYNOK,2024-12-09,0.0743164,0.0747206,0.073265,0.0735408
JPYNOK,2025-01-27,0.0719808,0.0730782,0.0719445,0.0727783
JPYNOK,2025-01-28,0.0727788,0.0729517,0.0723678,0.0725249
JPYNOK,2025-01-29,0.0725203,0.0730399,0.0724519,0.0727663
JPYNOK,2025-01-30,0.0727663,0.0734948,0.0727212,0.0734251
JPYNOK,2025-01-31,0.0734288,0.073615,0.0727202,0.0729833
JPYNOK,2025-02-03,0.0740282,0.0743447,0.0732276,0.0732632
JPYNOK,2025-02-04,0.0732652,0.073808,0.072675,0.0728882
JPYNOK,2025-02-05,0.0728691,0.0737276,0.0728085,0.0735849
JPYNOK,2025-02-06,0.0735862,0.074324,0.0734931,0.0740802
JPYNOK,2025-02-07,0.0740413,0.0746099,0.0736488,0.074323
JPYNOK,2025-02-10,0.0745678,0.0745966,0.0736242,0.073876
JPYNOK,2025-02-11,0.0738626,0.0739982,0.0732968,0.0734353
JPYNOK,2025-02-12,0.0734377,0.0734725,0.0726984,0.0728729
JPYNOK,2025-02-13,0.0728615,0.0734618,0.0726018,0.0728919
JPYNOK,2025-02-14,0.0728957,0.0731566,0.0726633,0.0729833
JPYNOK,2025-02-17,0.07305,0.0734843,0.0729722,0.0732823
JPYNOK,2025-02-18,0.0733397,0.0736229,0.0730963,0.0733268
JPYNOK,2025-02-19,0.0733141,0.0735916,0.0732512,0.0735425
JPYNOK,2025-02-20,0.0735373,0.0744166,0.0735351,0.074225
JPYNOK,2025-02-21,0.0742322,0.074833,0.0736801,0.0747376
JPYNOK,2025-02-24,0.0744295,0.074611,0.074127,0.0742559
JPYNOK,2025-02-25,0.0742524,0.0748269,0.0740711,0.074552
JPYNOK,2025-02-26,0.0745208,0.0749464,0.0743962,0.0748394
JPYNOK,2025-02-27,0.0748322,0.0751876,0.0744463,0.0750689
JPYNOK,2025-02-28,0.0750866,0.0755508,0.0744686,0.0748289
JPYNOK,2025-03-03,0.0745545,0.0752586,0.0737667,0.074818
JPYNOK,2025-03-04,0.0748168,0.0758139,0.0740104,0.0740734
JPYNOK,2025-03-05,0.0740771,0.0744293,0.0731779,0.0733265
JPYNOK,2025-03-06,0.0733191,0.0738097,0.0729947,0.0735639
JPYNOK,2025-03-07,0.0735692,0.0738724,0.0731772,0.0732746
JPYNOK,2025-03-10,0.073546,0.0736709,0.0728888,0.0732197
JPYNOK,2025-03-11,0.0732194,0.0734687,0.0717136,0.0720471
JPYNOK,2025-03-12,0.072048,0.07214,0.071512,0.0717637
JPYNOK,2025-03-13,0.0717637,0.0724893,0.0716308,0.0722332
JPYNOK,2025-03-14,0.0722455,0.0722899,0.0715438,0.0716205
JPYNOK,2025-03-17,0.0715761,0.0717166,0.0705569,0.0705811
JPYNOK,2025-03-18,0.0705759,0.0708265,0.0699833,0.07073
JPYNOK,2025-03-19,0.0707174,0.0712631,0.0704145,0.0710378
JPYNOK,2025-03-20,0.0710396,0.0718384,0.0708469,0.0709019
JPYNOK,2025-03-21,0.0709068,0.0709884,0.0704337,0.0706193
JPYNOK,2025-03-24,0.0705269,0.0705377,0.0697239,0.0698752
JPYNOK,2025-03-25,0.0698732,0.0702426,0.0696244,0.0701429
JPYNOK,2025-03-26,0.0701302,0.0703232,0.0698036,0.0703184
JPYNOK,2025-03-27,0.0703157,0.070354,0.0693498,0.0694449
JPYNOK,2025-03-28,0.0694501,0.0701156,0.0693555,0.0700871
JPYNOK,2025-03-31,0.0700828,0.070832,0.069969,0.0700603
JPYNOK,2025-04-01,0.0700385,0.0704066,0.0698691,0.0699435
JPYNOK,2025-04-02,0.0699565,0.0701987,0.0688083,0.0700687
JPYNOK,2025-04-03,0.0700703,0.0708317,0.0696877,0.0707642
JPYNOK,2025-04-04,0.0707794,0.0741722,0.0704337,0.0732058
JPYNOK,2025-04-07,0.0740263,0.0751857,0.0731472,0.0743046
JPYNOK,2025-04-08,0.0742746,0.0750444,0.0734331,0.0748452
JPYNOK,2025-04-09,0.0748599,0.0764138,0.0720866,0.0731281
JPYNOK,2025-04-10,0.073113,0.0753228,0.0729573,0.0748498
JPYNOK,2025-04-11,0.0748513,0.0751658,0.0739697,0.0741956
JPYNOK,2025-04-14,0.0744142,0.0746737,0.073422,0.0738487
JPYNOK,2025-04-15,0.0738467,0.0744707,0.0735264,0.0743389
JPYNOK,2025-04-16,0.0743577,0.0749452,0.0739778,0.0745269
JPYNOK,2025-04-17,0.0745441,0.0746029,0.073467,0.0735676
JPYNOK,2025-04-18,0.0735676,0.0738489,0.0734692,0.0737128
JPYNOK,2025-04-21,0.07377,0.0743468,0.0734955,0.0736539
JPYNOK,2025-04-22,0.0736539,0.0740861,0.0732799,0.0732934
JPYNOK,2025-04-23,0.0732702,0.0739465,0.0729058,0.073884
JPYNOK,2025-04-24,0.073885,0.0738904,0.0728341,0.0728872
JPYNOK,2025-04-25,0.0728659,0.0730846,0.0722375,0.07264
JPYNOK,2025-04-28,0.0724661,0.0729542,0.0722688,0.0727409
JPYNOK,2025-04-29,0.0727226,0.07299,0.0725141,0.0728741
JPYNOK,2025-04-30,0.0728874,0.0730609,0.072359,0.0727965
JPYNOK,2025-05-01,0.0727878,0.0728451,0.0716063,0.0718145
JPYNOK,2025-05-02,0.0718139,0.0720162,0.0714675,0.0717925
JPYNOK,2025-05-05,0.0719854,0.0723911,0.0719075,0.0722859
JPYNOK,2025-05-06,0.0722851,0.0727491,0.0719037,0.0720857
JPYNOK,2025-05-07,0.0720754,0.0721749,0.0715893,0.071966
JPYNOK,2025-05-08,0.0719642,0.0721298,0.071363,0.0714984
JPYNOK,2025-05-09,0.0714959,0.0718308,0.0712155,0.0712718
JPYNOK,2025-05-12,0.0710458,0.0712022,0.070249,0.0704908
JPYNOK,2025-05-13,0.0705165,0.0706646,0.0700753,0.0702507
JPYNOK,2025-05-14,0.070242,0.0709002,0.07018,0.0707794
JPYNOK,2025-05-15,0.0707721,0.0716214,0.070678,0.0715528
JPYNOK,2025-05-16,0.0715777,0.0717888,0.0712248,0.0712359
JPYNOK,2025-05-19,0.0714665,0.071671,0.0709404,0.0711669
JPYNOK,2025-05-20,0.0711771,0.0713854,0.0709113,0.0709799
